id,blip1_dsg_spearman,blip1_dsg_count,fuyu_dsg_spearman,fuyu_dsg_count,instruct_blip_dsg_spearman,instruct_blip_dsg_count,llava-alt_dsg_spearman,llava-alt_dsg_count,llava_dsg_spearman,llava_dsg_count,mplug_dsg_spearman,mplug_dsg_count,blip1_tifa_spearman,blip1_tifa_count,fuyu_tifa_spearman,fuyu_tifa_count,instruct_blip_tifa_spearman,instruct_blip_tifa_count,llava-alt_tifa_spearman,llava-alt_tifa_count,llava_tifa_spearman,llava_tifa_count,mplug_tifa_spearman,mplug_tifa_count,alignscore_spearman,alignscore_count,blipscore_spearman,blipscore_count,clipscore_spearman,clipscore_count,gpt4v_tifa_spearman,gpt4v_tifa_count,gpt4v_dsg_spearman,gpt4v_dsg_count,partition
0,0.860597170236939,2,0.6109643262736935,2,0.8642964232777887,2,0.8060167740866853,2,0.869883187720083,2,0.7116633746911063,2,0.8815895602402171,2,0.020527430471212443,2,0.7938937484183833,2,0.6949358232072103,2,0.8544240499812505,2,0.9091243206311914,2,0.8243090394317019,2,-0.5384654388044909,2,0.8820136857796426,2,1.0,2,0.9111289635628776,2,synth
1,0.723606797749979,2,-0.4478041718201263,2,1.0,2,0.723606797749979,2,1.0,2,0.0,2,0.6414213562373096,2,-0.17386127875258314,2,0.7408517252140155,2,0.8478041718201262,2,1.0,2,0.6697811566101118,2,0.46208056687442184,2,0.5237229365663817,2,0.6546536707079772,2,1.0,2,1.0,2,synth
2,1.0,6,0.8474953146610906,6,1.0,6,0.930214043673754,6,0.985119246590888,6,0.9001518268385027,6,0.9241195126768972,6,0.7579031231341067,6,0.9519237844057358,6,0.8545165836126096,6,0.7742686959925156,6,0.9117905700601441,6,0.8821755396462698,6,-0.8158291205341044,6,0.8846296611244514,6,0.9797664685951951,6,0.9841883904310003,6,synth
3,0.5,2,0.0,2,0.4292893218813452,2,0.5,2,0.658113883008419,2,0.5,2,0.39999999999999997,2,0.06549291474155998,2,0.341886116991581,2,0.3872983346207417,2,0.3535533905932738,2,0.5059180548285452,2,0.3273268353539886,2,-0.2618614682831909,2,0.5237229365663817,2,0.5,2,0.658113883008419,2,synth
4,0.7524086063011687,2,0.3444162076007723,2,0.35526315789473684,2,0.3449857211514593,2,0.48501007295765414,2,0.34448046177040237,2,0.5240790260788379,2,-0.15106951175465663,2,0.6476608187134502,2,0.5646037412471339,2,0.6983136200975133,2,-0.0014565917057711125,2,0.10960564805586052,2,-0.16331889633279945,2,0.36370483963704886,2,0.3646530966100455,2,0.3896502352199354,2,synth
5,0.9004999352054218,6,0.19836873250733944,6,0.7587445652529142,6,0.880494065421764,6,0.8797511476086398,6,0.8052627989019714,6,0.5578564842568955,6,0.4504592803495137,6,0.5674252200779959,6,0.5842781662831392,6,0.683499227095889,6,0.5190342429286129,6,0.7190879547124965,6,0.6680670918907355,6,0.6919739204587857,6,0.6665230718977246,6,0.9277321715794494,6,synth
6,0.5659384592301778,6,0.6515929239778105,6,0.5206197391370903,6,0.6348083443997937,6,0.5440376297016214,6,0.4991706060820281,6,0.806395307795365,6,0.8118108402913494,6,0.788524586689127,6,0.6651930764139774,6,0.9232079356316465,6,0.8132502088039251,6,0.871938656665641,6,-0.3734918195535168,6,0.6235317179364559,6,0.9151783000712408,6,0.6485083568525536,6,synth
7,0.6213259266252943,9,-0.06987966829689625,9,0.6388608470869171,9,0.694005370008642,9,0.8110994565027041,9,0.6720615511499357,9,0.6220718112660394,9,0.43684089032427953,9,0.7478184524610798,9,0.6816648964980971,9,0.6353718605362826,9,0.5374202778354445,9,0.6182155936205805,9,-0.19451073954438183,9,0.6484063274253054,9,0.6580167529020846,9,0.7137043708442512,9,synth
8,0.8384615292619007,96,0.4006153974993148,96,0.7223210155990423,96,0.8985857826212661,96,0.8867112656629574,96,0.7065801110716753,96,0.8169217010530395,96,0.16451841169780565,96,0.8214249215278555,96,0.9011474088092734,96,0.9114829383406708,96,0.6968578728205943,96,0.7186876360930948,96,0.6695552627241876,96,0.7866585541574505,96,0.7915460838593738,96,0.7873533436682804,96,synth
9,0.7577851999796633,300,0.6779975989647172,300,0.7507902846897703,300,0.7858363249232478,300,0.761647648664123,300,0.7333407025375278,300,0.7178222522648385,300,0.6819409955945815,300,0.6547696381358697,300,0.7887742999899848,300,0.784230135270712,300,0.7388553717297027,300,0.8594092451502116,300,-0.4631308498133407,300,0.8619063687065089,300,0.6469344176933113,300,0.7982111206667959,300,synth
10,0.802717149056426,90,0.25960667430124595,90,0.7337475374459865,90,0.7899479655251688,90,0.7007513235531801,90,0.6713476365649073,90,0.7486410435875887,90,0.6434956942601391,90,0.721104425220985,90,0.6105059671943122,90,0.6071461878446568,90,0.5299442901777079,90,0.5596598838395379,90,0.22533673507997903,90,0.5200729575112016,90,0.7603227449395257,90,0.5605540250407333,90,synth
11,0.9327423638669723,3,0.3022516732247772,3,0.951377630930434,3,0.9648389630540639,3,0.951377630930434,3,0.951377630930434,3,0.9293481227680352,3,0.819003007154399,3,0.8966504629783982,3,0.8966504629783982,3,0.8654847277339447,3,0.8102549019988572,3,0.8097772179057552,3,0.1075948536989657,3,0.8068311978335436,3,0.9180069366798076,3,1.0,3,synth
12,0.6414213562373096,2,-0.14027151248268002,2,0.8478041718201262,2,0.6,2,0.7013575624134001,2,0.5422176684690384,2,0.5599362061760905,2,0.816227766016838,2,0.8872983346207417,2,0.5656854249492381,2,0.6109051323707207,2,0.42311422495729906,2,0.6546536707079772,2,0.13093073414159548,2,0.6546536707079772,2,0.6414213562373096,2,0.782842712474619,2,synth
13,0.7865331316095305,6,0.6009533214310706,6,0.6946509579762868,6,0.9380763106422302,6,0.9445509267427034,6,0.8048135820767406,6,0.7171838525186089,6,0.7924461024624575,6,0.7979981819425841,6,0.9426828607501777,6,0.764385351091318,6,0.6931233162426286,6,0.6847385302017764,6,-0.16610542218241786,6,0.6862118484734444,6,0.9601009986047059,6,0.8965492640975212,6,synth
14,0.7966055243256209,4,0.9237653584335329,4,0.894748491549112,4,0.8981766242094493,4,0.917840912054028,4,0.8598364558570689,4,0.9309195213004128,4,0.8313995959371324,4,0.9483371275822388,4,0.9830745301168798,4,0.9718723584655745,4,0.9661777749110768,4,0.8985462946593195,4,0.4893933181012619,4,0.6768050741287011,4,0.9731710302175457,4,0.917840912054028,4,synth
15,0.0,4,0.19998988729076234,4,0.6935854122563143,4,0.5333333333333333,4,0.6801549520303076,4,0.4258818197447407,4,-0.30766060933598394,4,0.36163067842609103,4,0.7284971432923473,4,0.5310006048236111,4,0.613011775918333,4,0.552096104819497,4,0.8054969794642118,4,-0.679896733444276,4,0.7207766257269151,4,0.9450537863332946,4,1.0,4,synth
16,0.4325800137536758,2,-0.44095659548303806,2,0.8872983346207417,2,0.6196773353931867,2,1.0,2,0.732379000772445,2,0.5656854249492381,2,0.515221713247064,2,0.7745966692414834,2,0.6956083436402526,2,0.8535533905932738,2,0.599070478491457,2,0.6594324174315244,2,-0.2618614682831909,2,0.6594324174315244,2,1.0,2,1.0,2,synth
17,0.9337471468487912,36,0.5289238731941099,36,0.742414464750424,36,0.9197990214758943,36,0.8149683139017745,36,0.9157898444939158,36,0.8582557818606522,36,0.20770778272410428,36,0.8636344793288749,36,0.7780427872000037,36,0.7146762771595517,36,0.7938503188428198,36,0.8482191891265805,36,0.18775499328181283,36,0.8153725697033543,36,0.8694217846779517,36,0.8940975427895995,36,synth
18,1.0,2,-0.7351025064408679,2,1.0,2,1.0,2,0.8535533905932738,2,1.0,2,0.7408517252140155,2,0.5454122176291607,2,0.4357388321059433,2,0.38284271247461904,2,0.2031506006339284,2,0.7071067811865476,2,0.6594324174315244,2,0.39757094914833346,2,0.6546536707079772,2,0.6611596133733249,2,0.816227766016838,2,synth
19,0.8680216319345321,9,0.004672011227710757,9,0.8567749838315657,9,0.7159720555125313,9,0.4233495341985454,9,0.8095321099152701,9,0.8104434258579148,9,0.689866794463275,9,0.7021266597482622,9,0.47489795187370487,9,0.506471078243934,9,0.6522521223139907,9,0.8078184382917518,9,-0.19931718841157064,9,0.786764658749926,9,0.7948238230752166,9,0.877931683711473,9,synth
20,0.9265986323710905,2,0.6660098873406334,2,1.0,2,0.9265986323710905,2,-0.6,2,-0.9265986323710905,2,0.5163352919811933,2,0.5897366596101028,2,0.32659863237109044,2,1.0,2,0.4,2,0.3509401076758503,2,0.7083653661896363,2,-0.4960717583236507,2,0.7083653661896363,2,0.9265986323710905,2,0.9265986323710905,2,synth
21,1.0,2,0.4535533905932738,2,0.8872983346207417,2,1.0,2,1.0,2,0.8872983346207417,2,1.0,2,0.6569782796060385,2,0.8872983346207417,2,0.8872983346207417,2,0.837099931231621,2,0.7351025064408679,2,0.6642111641550715,2,0.004778746723547167,2,0.6642111641550715,2,0.7351025064408679,2,1.0,2,synth
22,0.6270333269182753,2,-0.0705839579641124,2,0.45454545454545453,2,0.45454545454545453,2,0.45454545454545453,2,0.2820575821726338,2,0.35934973411004306,2,0.6473538647450071,2,1.0,2,0.38569460791993504,2,0.5318376064828638,2,0.3312375553907813,2,0.6784959936527819,2,0.13349021698701757,2,0.6784959936527819,2,1.0,2,0.45454545454545453,2,synth
23,-0.6,2,0.6232333355785706,2,1.0,2,1.0,2,-0.5,2,-0.8872983346207417,2,0.0,2,0.21213203435596428,2,0.5557123798275146,2,0.7194039166982774,2,0.7408517252140155,2,0.7408517252140155,2,0.679909753897662,2,0.1309307341415954,2,0.5970067803392854,2,1.0,2,1.0,2,synth
24,0.658113883008419,2,-0.05491933384829667,2,1.0,2,1.0,2,1.0,2,0.723606797749979,2,0.658113883008419,2,-0.10000000000000003,2,0.8535533905932738,2,0.7408517252140155,2,0.8535533905932738,2,0.599430368976706,2,0.679909753897662,2,-0.6546536707079772,2,0.6546536707079772,2,0.8872983346207417,2,1.0,2,synth
25,0.47410966208408506,6,-0.3568610177860066,6,0.4507218832428911,6,0.42689268673951275,6,0.3298197414528153,6,0.3390813097914836,6,0.30690514756905524,6,-0.1267150947489653,6,0.562944736181462,6,0.557347526788768,6,0.24079262458463677,6,0.5791704110604461,6,0.8825907374371146,6,-0.5795165298630289,6,0.8946443686125682,6,0.5584678088771939,6,0.5228765447099797,6,synth
26,1.0,1,0.7071067811865476,1,1.0,1,1.0,1,1.0,1,1.0,1,1.0,1,-0.4472135954999579,1,1.0,1,1.0,1,1.0,1,1.0,1,0.6642111641550715,1,0.13093073414159545,1,0.6546536707079772,1,1.0,1,0.632455532033676,1,synth
27,0.8535533905932738,2,0.8535533905932738,2,0.8535533905932738,2,0.8872983346207417,2,0.8535533905932738,2,1.0,2,0.837099931231621,2,0.7745966692414834,2,0.8535533905932738,2,0.7408517252140155,2,0.7745966692414834,2,0.7745966692414834,2,0.6594324174315244,2,0.2618614682831909,2,0.6546536707079772,2,0.8535533905932738,2,0.8535533905932738,2,synth
28,1.0,2,0.08740320488976423,2,1.0,2,1.0,2,1.0,2,1.0,2,0.41622776601683803,2,-0.4478041718201263,2,1.0,2,0.8535533905932738,2,0.17071067811865479,2,0.7013575624134001,2,0.6594324174315244,2,-0.6546536707079772,2,0.5295867940929612,2,0.7035261006375797,2,0.816227766016838,2,synth
29,1.0,2,0.8535533905932738,2,1.0,2,0.10000000000000003,2,0.22360679774997896,2,0.0,2,0.6697811566101118,2,-0.2121320343559643,2,0.8872983346207417,2,0.679909753897662,2,0.158113883008419,2,0.20225995873897262,2,0.6546536707079772,2,-0.26472871631731915,2,0.6594324174315244,2,0.8535533905932738,2,0.8872983346207417,2,synth
30,0.6684140012340678,72,0.2975594604026677,72,0.41918213887365807,72,0.2933493523904586,72,0.3314842974516875,72,0.6162048587850979,72,0.7363784520404675,72,0.6106531338010013,72,0.7105610440316983,72,0.8278722764651311,72,0.7766645813128626,72,0.8615734614525997,72,0.7438226719754363,72,-0.30806969759210107,72,0.896850393426119,72,0.7610604587028965,72,0.4121655178240274,72,synth
31,1.0,1,0.0,1,1.0,1,1.0,1,1.0,1,0.632455532033676,1,1.0,1,1.0,1,1.0,1,1.0,1,1.0,1,0.6956083436402526,1,0.6546536707079772,1,-0.39279220242478635,1,0.6642111641550715,1,0.4472135954999579,1,-0.20000000000000007,1,synth
32,1.0,2,0.6747932047085211,2,1.0,2,1.0,2,1.0,2,0.7041241452319316,2,0.8952847075210475,2,0.7580228325760532,2,0.8952847075210475,2,0.8627381250550059,2,1.0,2,0.7453559924999299,2,0.7254762501100117,2,0.35355339059327373,2,0.6330618877807475,2,0.6747932047085211,2,0.8061862178478971,2,synth
33,0.9048042795645886,2,0.724492786328994,2,1.0,2,0.8842527238636044,2,1.0,2,0.9048042795645886,2,1.0,2,0.9048042795645886,2,1.0,2,0.745044342029978,2,0.724492786328994,2,0.7154565397881222,2,0.7164335544962124,2,-0.3749563788650079,2,0.6868457522543565,2,0.8752164773227326,2,0.9048042795645886,2,synth
34,1.0,2,0.6701410470953607,2,0.8872983346207417,2,0.8872983346207417,2,0.837099931231621,2,1.0,2,1.0,2,0.7351025064408679,2,0.8872983346207417,2,0.7745966692414834,2,0.627414669345857,2,0.816227766016838,2,0.5237229365663817,2,0.6546536707079772,2,0.6546536707079772,2,0.8872983346207417,2,0.7013575624134001,2,synth
35,0.8535533905932738,2,0.506449510224598,2,0.8872983346207417,2,1.0,2,0.8872983346207417,2,0.0,2,0.8535533905932738,2,0.13483997249264842,2,0.8478041718201262,2,1.0,2,0.7351025064408679,2,-0.323606797749979,2,0.6594324174315244,2,-0.2618614682831909,2,0.6751310071741149,2,0.8872983346207417,2,0.816227766016838,2,synth
36,1.0,2,0.12000000000000004,2,0.9265986323710905,2,0.9265986323710905,2,1.0,2,0.9265986323710905,2,0.86475800154489,2,0.6334546016789495,2,0.9265986323710905,2,1.0,2,1.0,2,0.6419964902926555,2,0.7083653661896363,2,-0.5018062543919074,2,0.7026308701213797,2,0.9265986323710905,2,1.0,2,synth
37,0.2540986338067943,2,-0.16488096593409357,2,0.45454545454545453,2,0.5636363636363636,2,0.6984801429999771,2,0.799521199291096,2,0.11363636363636363,2,-0.11363636363636363,2,0.45454545454545453,2,0.45454545454545453,2,0.4684406432009522,2,0.27835110713445205,2,0.09834516711622608,2,0.6837091718966515,2,0.6112497721706437,2,0.338798178409059,2,1.0,2,synth
38,0.7387724670047262,2,-0.013079532383480657,2,0.6837739231547005,2,0.7818570082417612,2,0.6984801429999771,2,0.6235483641981419,2,0.6679054204459911,2,-0.18556740475630137,2,0.531855471613483,2,0.25718741697508546,2,0.42967528934790616,2,-0.35549002871843904,2,0.6837091718966515,2,0.3749563788650079,2,-0.14709815181016192,2,0.6766059079385125,2,0.8842527238636044,2,synth
39,0.856528347943467,9,0.004572048539480991,9,0.8778780532228251,9,0.8561402713413396,9,0.805723721677783,9,0.7445984139899894,9,0.8717675984023114,9,0.4156301441790426,9,0.9364628802109493,9,0.8379216740816429,9,0.8943717191723586,9,0.8643068693324624,9,0.7452528710368622,9,0.0002825335491116098,9,0.74830614605233,9,0.9317532010165898,9,0.8753739320957412,9,synth
40,1.0,2,0.6701410470953607,2,1.0,2,0.8872983346207417,2,1.0,2,0.7121320343559643,2,1.0,2,0.3702459173643833,2,0.8535533905932738,2,0.816227766016838,2,0.8872983346207417,2,0.723606797749979,2,0.7146251699747302,2,0.0009557493447094334,2,-0.26967994498529685,2,0.632455532033676,2,0.41622776601683803,2,synth
41,0.6333406103514118,12,0.36109011202827695,12,0.6748732780882357,12,0.36194466655813695,12,0.570026995681209,12,0.624803966587041,12,0.6625540692030842,12,0.8013744422694965,12,0.509721864870248,12,0.6653030553474912,12,0.5951765297147349,12,0.6506813576208442,12,0.9029881250679775,12,0.09532622090574822,12,0.6912306315512294,12,0.6402449022376525,12,0.613440796240496,12,synth
42,0.7934823946504387,4,0.6369210400949191,4,0.8197604265304993,4,0.8284121172723177,4,0.8425423038708686,4,0.8246036503144101,4,0.7991322078035639,4,0.7170874052166182,4,0.7956197496782887,4,0.872541573366129,4,0.790455441884986,4,0.7963890520319167,4,0.7775934680986606,4,0.06063001669685795,4,0.7619895996316267,4,0.8159222204981773,4,0.8430227433194396,4,synth
43,1.0,2,1.0,2,1.0,2,1.0,2,1.0,2,1.0,2,0.7231231683541389,2,0.8504067250300676,2,1.0,2,1.0,2,1.0,2,0.7231231683541389,2,0.803911607221437,2,0.5448129464678614,2,0.790790557990391,2,1.0,2,1.0,2,synth
44,0.745044342029978,2,0.6201699319057941,2,0.745044342029978,2,-0.17106388151198412,2,0.59230254288809,2,0.7995531792613396,2,0.7154565397881222,2,0.0705839579641124,2,0.7522692059999053,2,0.49803332226131675,2,0.6679054204459911,2,0.4198093212739611,2,0.6784959936527819,2,0.2499954091893786,2,0.7216467327400821,2,0.5736966203227097,2,0.612854098589074,2,synth
45,0.7784357652299392,2,0.36693381457062535,2,0.20833333333333331,2,0.8730119205559973,2,0.3105649968749708,2,0.4980119205559973,2,0.9655694890769174,2,0.7579854280328484,2,0.819326685235509,2,0.6385105121790283,2,0.7675325141395581,2,0.8610180817001043,2,0.7894878013770471,2,0.3655565433372881,2,0.7894878013770471,2,0.9655694890769174,2,0.0,2,synth
46,0.8945874315902425,12,-0.2990577869396463,12,0.6919565371665827,12,0.6824192066992674,12,0.8622367687686792,12,0.746647246673218,12,0.8828501150398346,12,-0.5142050041767577,12,0.9076448636253591,12,0.8365370956756661,12,0.8613119409895817,12,0.9266268994620522,12,0.6484664716582328,12,-0.3033910877066728,12,0.7422203335538032,12,0.8477955416222694,12,0.8839963011296268,12,synth
47,1.0,2,1.0,2,1.0,2,1.0,2,1.0,2,0.75,2,0.5056498968474316,2,0.8309475019311126,2,0.7803300858899107,2,0.7803300858899107,2,1.0,2,0.5303300858899107,2,0.7481583731163036,2,0.2409902530309829,2,0.49099025303098287,2,1.0,2,1.0,2,synth
48,0.9471159351875658,6,0.5702271935808652,6,0.9009772323908943,6,0.9179682435636826,6,0.9179682435636826,6,0.9431639023810249,6,0.8495054341470393,6,0.6276035913183218,6,0.8126136353379275,6,0.9503926514183667,6,0.807727873603845,6,0.773680864962256,6,0.6443345994406251,6,0.11084253202378667,6,0.7592453869403362,6,0.8735709452134693,6,0.9825326653176912,6,synth
49,0.8770527286771728,2,0.5653694749749566,2,1.0,2,1.0,2,1.0,2,1.0,2,0.8770527286771728,2,0.05836728369822113,2,0.8402400624653896,2,0.9048042795645886,2,0.8770527286771728,2,0.8770527286771728,2,0.6784959936527819,2,-0.35708382038616937,2,0.6784959936527819,2,1.0,2,1.0,2,synth
50,0.7333169114990707,120,0.3350429729752786,120,0.696011875263957,120,0.6313044575852234,120,0.5831190597558448,120,0.688193553719329,120,0.818255492338588,120,0.28740874717195886,120,0.8161107659175387,120,0.8312471730217046,120,0.869923147333773,120,0.8559429388104594,120,0.7435642607329748,120,-0.326323399383328,120,0.7368174228785039,120,0.8817316233340116,120,0.6265944925378043,120,synth
51,0.9377092457504057,6,-0.13181959994074807,6,0.9476103470923981,6,0.9538183329579591,6,0.9935121608717711,6,0.9219497588311372,6,0.6071775842546495,6,0.4062301143762793,6,0.6432950439574449,6,0.7395861011471792,6,0.689330347995516,6,0.8557006465045122,6,0.7984335486746148,6,-0.1266576065390657,6,0.5851196475709237,6,0.8392610977612603,6,0.938285854068401,6,synth
52,0.7310219502108469,2,0.7154565397881222,2,0.8238056525889974,2,0.7310219502108469,2,0.8238056525889974,2,0.6590909090909091,2,0.36774537952540476,2,0.6080746788880197,2,0.7008583812661703,2,0.6278950284215923,2,0.7995531792613396,2,0.6335213667014775,2,0.5230030852633453,2,0.04088482536342652,2,0.6837091718966515,2,1.0,2,0.7310219502108469,2,synth
53,0.9246508475368506,32,0.6023159505086292,32,0.8884626444037574,32,0.8333673230949327,32,0.8349548558464658,32,0.7738552753978941,32,0.843111406636282,32,0.30876412611388593,32,0.6779254657052802,32,0.6947484027044247,32,0.6876630448293016,32,0.6640087423467109,32,0.7417420117468287,32,0.12340938631168594,32,0.7390159311898914,32,0.5984301693491769,32,0.7451067071937744,32,synth
54,0.9838988441697912,9,0.6307172581827918,9,0.9568562082222384,9,0.9465802215915529,9,0.9233445299821055,9,0.8921627590598268,9,0.9838988441697912,9,0.45211199981704303,9,0.9629183698257956,9,0.9416701970478951,9,0.9118147439868305,9,0.9227017328524653,9,0.909058069145399,9,-0.45924295079641886,9,0.7655259203453894,9,0.9703946745457925,9,0.960880246729822,9,synth
55,1.0,2,-0.25681378863900856,2,0.8402400624653896,2,0.8402400624653896,2,0.8770527286771728,2,0.8402400624653896,2,0.724492786328994,2,0.4607550008522807,2,0.745044342029978,2,0.745044342029978,2,0.9048042795645886,2,0.7270951136354479,2,0.6891575527920172,2,0.6837091718966515,2,0.5230030852633453,2,1.0,2,0.8842527238636044,2,synth
56,0.8380975340115252,8,0.6482383928949446,8,0.8161000855714182,8,0.8695096770747109,8,0.9410065689518858,8,0.782587659712462,8,0.703840983894128,8,0.2987655218075897,8,0.8471232935627744,8,0.864687859495963,8,0.9202279619620704,8,0.6583727440648744,8,0.8565178157193518,8,-0.2583992609208447,8,0.8214034676880023,8,0.869086756327605,8,0.8748075255765184,8,synth
57,0.1833980352724908,2,0.1079562495484875,2,0.5327991838790377,2,0.22127523632599916,2,0.22127523632599916,2,0.22934407346157376,2,0.6137291129488365,2,-0.26658256423825344,2,0.6655505870285416,2,0.7947854071330677,2,0.7947854071330677,2,0.7667867904026797,2,0.3532463945610309,2,0.11838006939704769,2,0.45997679909033923,2,0.5413338581532888,2,0.22414475303483689,2,synth
58,1.0,2,-0.4295020932108239,2,0.7310219502108469,2,1.0,2,1.0,2,1.0,2,0.7154565397881222,2,0.7154565397881222,2,0.6975073113935919,2,0.7387724670047262,2,0.8222908340708592,2,0.8402400624653896,2,0.6837091718966515,2,-0.03567164711955688,2,0.6784959936527819,2,0.8770527286771728,2,1.0,2,synth
59,0.7867131173675097,9,0.6519786152856997,9,0.7882689899052371,9,0.7215578782638934,9,0.7326518545800618,9,0.8277799213689101,9,0.8389953604675973,9,0.32860589113971217,9,0.6674572870491249,9,0.6495886568947695,9,0.6238970138151456,9,0.7581574691944428,9,0.901774843842641,9,0.35986368865394086,9,0.822940532538855,9,0.7873073139795408,9,0.778275564119774,9,synth
60,0.8149811196634767,6,-0.2987717302200531,6,0.9363073895002997,6,0.9555555555555556,6,0.9555555555555556,6,0.9046855601437575,6,0.8193103134261134,6,0.6697161638981879,6,0.7173889366674134,6,0.8086125306061107,6,0.8724381459826855,6,0.6315619662327758,6,0.8339282553320181,6,0.021605031629289395,6,0.85449033688934,6,0.9248792210714423,6,0.9363073895002997,6,synth
61,0.8539270743770223,16,0.21452374100603264,16,0.9336009585367696,16,0.9180509785885097,16,0.9192061650567144,16,0.9413731418634843,16,0.8628589343875737,16,0.051599035869791185,16,0.8509756241379133,16,0.9031168061581931,16,0.8892483785277794,16,0.9067554381539752,16,0.8768757979700743,16,0.127529507830695,16,0.8909330405520236,16,0.9526510717408377,16,0.9563165260259907,16,synth
62,0.7008422708599997,9,-0.1795980479895793,9,0.7553079899783625,9,0.6543877261107358,9,0.7340085702639578,9,0.6293373153738119,9,0.6109926017917056,9,0.3676090793277119,9,0.8804786595762419,9,0.7272087554122613,9,0.8796179806196354,9,0.4295661081574771,9,0.7047908625023896,9,-0.4194184179412881,9,0.7874161283135848,9,0.812842480727465,9,0.6633782689177378,9,synth
63,0.8007698878858825,40,-0.10473459578135648,40,0.8177316673884962,40,0.7307031990374171,40,0.7508132167939698,40,0.7849455946648165,40,0.7322375665916812,40,-0.12603813229052954,40,0.789704612798587,40,0.591818829763291,40,0.7631768062928301,40,0.5825930783065623,40,0.8641194642305403,40,0.1604743783276556,40,0.7491728954125472,40,0.8920602264531776,40,0.6375427274697479,40,synth
64,0.7782814657930187,4,-0.13493619852816321,4,0.9845618330698644,4,0.9687170237758411,4,0.9272125852376877,4,0.8986271637748994,4,0.5617623985787948,4,0.5434461496921037,4,0.7038196960148078,4,0.992365963917331,4,0.8923712087397901,4,0.6731595629760794,4,0.818844911704096,4,-0.4844813951249545,4,0.8504597931732668,4,0.8269745892383048,4,0.7676203100028771,4,synth
65,1.0,2,0.5287196908580513,2,1.0,2,1.0,2,1.0,2,1.0,2,0.8535533905932738,2,-0.17386127875258314,2,0.8535533905932738,2,1.0,2,0.8872983346207417,2,0.8872983346207417,2,0.6594324174315244,2,0.0,2,0.6546536707079772,2,1.0,2,1.0,2,synth
66,0.648333105778482,3,0.11880988059028016,3,0.5557395066922397,3,0.6972366420028226,3,0.7838789390096643,3,0.505147357621015,3,0.7016296771295454,3,0.5444060375103095,3,-0.17125377871667197,3,0.7346900542753891,3,0.6767525928877299,3,0.3707580804604802,3,0.35769817743960225,3,-0.6391412356414052,3,0.43526104325976234,3,0.2271275238960856,3,0.41922635046190604,3,synth
67,0.8954288175971995,6,-0.08428149433634731,6,0.8710453874242902,6,0.8856642909284619,6,0.8936684968639083,6,0.7822626970296027,6,0.8860788836877957,6,0.8249980956110247,6,0.8806314695943706,6,0.8057063303852082,6,0.8643972234149083,6,0.8540295083037391,6,0.904573033395298,6,0.3827312157245189,6,0.695574253000748,6,0.967463244485836,6,0.9288374839661749,6,synth
68,0.8894444444444445,4,-0.08440676280826545,4,0.8886776820254929,4,0.8283126756598197,4,0.8886776820254929,4,0.5306427781928731,4,0.8894444444444445,4,-0.1928478865603172,4,0.8671845415920435,4,0.8886776820254929,4,0.8961706643213996,4,0.4116430698685151,4,0.8594336942852474,4,-0.6838062786670854,4,0.5975272848892559,4,0.8025336872383879,4,0.9406098553244978,4,synth
69,0.9216309794788412,9,0.48312792195783605,9,0.949958882226587,9,0.9433562437671699,9,0.9552392633210348,9,0.9426108248624054,9,0.8397230010222723,9,0.5217002682968614,9,0.8800832004758031,9,0.8434029028255919,9,0.8649190117776465,9,0.8197706712271905,9,0.8937576388665808,9,-0.09516451855165016,9,0.8867979121635521,9,0.7871358105982751,9,0.860558171899916,9,synth
70,0.7520403266128567,6,0.7742654189007208,6,0.5669002877601502,6,0.837392413683025,6,0.38919711866400236,6,0.8180428314005161,6,0.7698518725079854,6,0.7562682262520313,6,0.8049617490019236,6,0.6900055247460314,6,0.6916644466375488,6,0.7487894407838893,6,0.880539073505623,6,-0.3022405173953792,6,0.8348765262689061,6,0.8619820776412713,6,0.8456376368727536,6,synth
71,0.784416750483861,4,0.0,4,0.9180212052873833,4,0.9668995324035418,4,1.0,4,0.7584619151831237,4,0.801693168491069,4,0.24645747673062463,4,0.8645425785750379,4,0.7931954380413344,4,0.9175625897267844,4,0.578136009158646,4,0.8056617790541126,4,0.0482594117301286,4,0.7915149504709147,4,0.8838574464676547,4,0.9653237601669347,4,synth
72,0.8224856119912518,8,0.5297864169210688,8,0.961044383178782,8,0.9633558035957435,8,0.9874541495635619,8,0.9484904230183345,8,0.9174767161083878,8,0.49386114047674107,8,0.9368841139060663,8,0.9422570321543241,8,0.9464918684174164,8,0.895650259924405,8,0.7987435859517685,8,0.04782634117660618,8,0.7559935190316345,8,0.9564663064630519,8,0.8449786129471571,8,synth
73,0.984380396118556,18,0.2444301823860485,18,0.9182055104922571,18,0.9033522319707175,18,0.984380396118556,18,0.7595593997431798,18,0.974723574562042,18,0.020842409887252257,18,0.9213525941270246,18,0.8955654023643789,18,0.9304939030777593,18,0.7668127135265428,18,0.8971649113200155,18,0.3447748437175122,18,0.8245971156322813,18,0.8534392364694222,18,0.8965824147684559,18,synth
74,0.8215064364196788,8,0.3968175504881789,8,0.8013828377428872,8,0.49714445620512054,8,0.9562357468412237,8,0.74306286381915,8,0.8942942934476861,8,0.6304868307088605,8,0.7594905641573094,8,0.7114612776196045,8,0.8275806621112094,8,0.8750235816406446,8,0.8423592025856864,8,-0.6472788803875917,8,0.7522193505620182,8,0.33034520469434536,8,0.5058311833887397,8,synth
75,0.9861158136565611,6,0.43073816351868033,6,1.0,6,0.7083380358787834,6,0.9084090641494201,6,0.9722316273131223,6,0.5582798947598143,6,0.6549536265285013,6,0.9358820142319435,6,0.5347822292441761,6,0.7022114892570683,6,0.8085512399579695,6,0.8224195576611615,6,-0.4284811373133606,6,0.8323329063102431,6,0.9358820142319435,6,0.9435928871702366,6,synth
76,0.955568653472572,4,-0.33578264568430677,4,1.0,4,0.88738993639805,4,0.9423361500647555,4,1.0,4,0.8979048035373275,4,0.6987886535869515,4,0.9230584170783321,4,0.8646936122091408,4,0.8492238956102154,4,0.8826209685234351,4,0.8048561951134002,4,0.12400660737410354,4,0.8054969794642118,4,0.9423361500647555,4,0.9423361500647555,4,synth
77,0.9448442559013905,2,0.8879505909697936,2,0.9343480871666754,2,0.9343480871666754,2,0.9448442559013905,2,0.9253805117315019,2,0.9128709291752768,2,0.6988602779060681,2,0.9109465065162117,2,0.8541723920989244,2,0.8778753496775757,2,0.7203602702251971,2,0.8678409786315557,2,0.17320508075688773,2,0.8696565534786728,2,0.9355928883375932,2,0.9448442559013905,2,synth
78,0.8777647300337829,9,0.7401787007938742,9,0.840823852532818,9,0.8864293538365903,9,0.8899108943829447,9,0.8991845942800822,9,0.8380804173090638,9,0.8120752087885038,9,0.8565945782587049,9,0.9191366022673579,9,0.8983912346024736,9,0.9182305664561187,9,0.922440956141387,9,-0.13054388787240778,9,0.8439318173695769,9,0.8986717808620318,9,0.8908582934215633,9,synth
79,0.9559573161000315,9,0.7117451425279807,9,0.9713043986403277,9,0.9342556865750381,9,0.8974117028317093,9,0.9610034792948203,9,0.9377068794025937,9,0.31855358752138213,9,0.9242882717984454,9,0.8559718312318364,9,0.8407865811363934,9,0.8831209897500656,9,0.9165293460142617,9,-0.5437513890062323,9,0.9067519144577263,9,0.97024415395532,9,0.956270207980898,9,synth
80,1.0,1,0.9343531843023135,1,1.0,1,0.9710083124552245,1,1.0,1,1.0,1,0.9574271077563381,1,0.8971499589146109,1,1.0,1,1.0,1,1.0,1,0.9710083124552245,1,0.8740073734751262,1,0.692820323027551,1,0.8699889274841112,1,0.9574271077563381,1,0.9574271077563381,1,synth
81,0.5,2,-0.5,2,0.5,2,0.5,2,0.0,2,0.5,2,0.5,2,0.5,2,-0.5000000000000001,2,-1.0,2,-1.0,2,-0.5000000000000001,2,0.0,2,0.0,2,0.0,2,0.5,2,0.8660254037844387,2,synth
82,0.9383879386862581,6,0.8513548009560185,6,1.0,6,0.9941723962773708,6,1.0,6,0.9714385895586372,6,0.9425544948235172,6,0.9456703044017766,6,0.9970314902306093,6,0.9675191780244385,6,0.9867203036544328,6,0.9611936594571159,6,0.9325025726010577,6,0.4141281295964266,6,0.8906549978638671,6,0.9859311835913558,6,1.0,6,synth
83,0.9270248108869578,2,0.8953802205448358,2,0.9574271077563381,2,1.0,2,1.0,2,0.9855041562276121,2,0.978713553878169,2,0.8371255996027078,2,0.8003199771200006,2,0.8833003507345126,2,0.9446591120262159,2,0.9446591120262159,2,0.8874642885332785,2,0.2893334595879615,2,0.8709900668146294,2,0.4628824757428078,2,0.7055500319010742,2,synth
84,0.9497690832018225,4,0.5343081024783596,4,0.9981056929443481,4,0.9524647899318416,4,0.9898272110321946,4,0.9638892259368113,4,0.8871138757270361,4,0.7591768994660134,4,0.9000653861027956,4,0.9056766670826942,4,0.9389997845605279,4,0.7411792096438177,4,0.9648784362356534,4,-0.1814229955937179,4,0.9605507240465184,4,0.9474866074522322,4,0.9656870408897854,4,synth
85,0.9410016122752176,9,0.762084712769393,9,0.9849033766992142,9,0.9810425909198234,9,0.9780771887728302,9,0.9144560208045319,9,0.929430262741342,9,0.08733697488310892,9,0.9269273002215367,9,0.9502158946977072,9,0.9518755291323917,9,0.8711205214156432,9,0.8698989502390226,9,-0.37642892514021364,9,0.8391624319064909,9,0.8913684015346722,9,0.9566113174894123,9,synth
86,0.9483123627152931,36,0.11695561026339878,36,0.9224285332133615,36,0.9396213637139826,36,0.6666215184546136,36,0.9240257421256337,36,0.9098226842040351,36,0.8011963119127267,36,0.9320156575404207,36,0.8445177962752033,36,0.8872990516341762,36,0.8810934091194276,36,0.8957395744344927,36,0.19786052374300375,36,0.8552779454684861,36,0.9629321100363011,36,0.9116111289651404,36,synth
87,0.0,1,-1.0,1,1.0,1,0.0,1,0.7071067811865476,1,0.0,1,0.0,1,0.7745966692414834,1,-0.20000000000000007,1,0.7745966692414834,1,0.7071067811865476,1,0.632455532033676,1,0.674199862463242,1,-0.39279220242478635,1,0.39279220242478635,1,1.0,1,0.7745966692414834,1,synth
88,0.8246795386499496,2,0.04098817601534933,2,0.18466113522033806,2,0.7104413457159019,2,0.7104413457159019,2,0.4434683945163475,2,0.7539233704875611,2,0.41152702899225985,2,0.017089942569099955,2,0.5756038601690775,2,0.5756038601690775,2,0.42518058426664423,2,0.6494300153722494,2,0.6023646475860356,2,0.46045287192144974,2,0.0,2,0.4164490843538985,2,synth
89,0.793282741304405,6,0.42493215247525684,6,0.8728800497413083,6,0.8611235127426596,6,0.9375982409338851,6,0.5953691371524956,6,0.8391962785386141,6,0.13246769828198454,6,0.9191736070455095,6,0.8344350957772062,6,0.9165980426165822,6,0.6270787311250148,6,0.8203141339641996,6,-0.6067182451662209,6,0.7895332196519064,6,0.9390232852697115,6,0.9640304639577204,6,synth
90,0.9678018582873951,12,0.7713944139957823,12,1.0,12,0.8716116692136496,12,0.8701042045740349,12,0.8817451322277329,12,0.9169134532167138,12,0.05044049514655988,12,0.9365239077542686,12,0.9141315644786294,12,0.9100300855681837,12,0.959115705307495,12,0.9025048042458451,12,-0.444165679680514,12,0.9019576012270265,12,0.9928442388934227,12,0.9928442388934227,12,synth
91,0.8885233166386386,1,0.20701966780270628,1,0.7723727293396129,1,0.7371541402007413,1,0.7302967433402214,1,0.8032015583667849,1,0.6390096504226938,1,0.5499999999999999,1,0.7745966692414834,1,0.7406560798180412,1,0.7302967433402214,1,0.8104053040033468,1,0.8696565534786728,1,-0.3464101615137754,1,0.7826908981308054,1,0.7745966692414834,1,0.7996709849747746,1,synth
92,1.0,2,0.8530984081443773,2,0.9759000729485332,2,0.9629100498862757,2,0.9759000729485332,2,0.9759000729485332,2,0.9472135954999579,2,0.7838364603629248,2,0.9264790461277812,2,0.9472135954999579,2,0.9759000729485332,2,0.9759000729485332,2,0.8502765887484092,2,0.283425529582803,2,0.8528146123330025,2,0.9759000729485332,2,0.9759000729485332,2,synth
93,0.5413426180787917,6,0.7256021546879328,6,0.8364576689368539,6,0.8095591615288061,6,0.9234446268929027,6,0.8626624990830923,6,0.8157018882368722,6,0.48376411029623334,6,0.8011757744274486,6,0.8518861174529783,6,0.8191629454250562,6,0.7962198114564917,6,0.8066818794499584,6,-0.19389976602052142,6,0.8365881495263845,6,0.8699220946765251,6,0.8810437497584442,6,synth
94,0.9800001243772655,9,0.2063955382962747,9,0.9545999266298298,9,0.9597528683876301,9,0.8884813739758681,9,0.9341050085518547,9,0.9211411484864092,9,0.21926123450502621,9,0.9595114985430816,9,0.8737502649020513,9,0.7596667080646833,9,0.8239807402786036,9,0.8671251394034888,9,-0.478621305740293,9,0.9127397476663874,9,0.9909922684103633,9,0.9911826759508925,9,synth
95,0.9718837277421903,9,0.7655098564317754,9,0.9624079646705849,9,0.9744696557079907,9,0.9728881369079051,9,0.9766828046018428,9,0.9658282353625685,9,0.6344211223708442,9,0.8293494424406237,9,0.9826580360533502,9,0.9780049708701978,9,0.837279396247971,9,0.8838615280502051,9,0.15524371882483734,9,0.9425102405970728,9,0.9493946879523159,9,0.9794179595497176,9,synth
96,0.8899355010191862,6,0.8411991675789319,6,0.9235283413391433,6,0.9105127520062765,6,0.8894248049829778,6,0.8385390952568463,6,0.9266440766171341,6,0.6761000537980895,6,0.8865936107177995,6,0.9243805337846864,6,0.9182369611930273,6,0.8095088715746419,6,0.7692584977694678,6,-0.3980360409720325,6,0.868908563900495,6,0.9005635711063608,6,0.8884593301735347,6,synth
97,1.0,2,0.6530910945353018,2,1.0,2,0.7358090359187794,2,0.7436902811724764,2,0.7358090359187794,2,0.978713553878169,2,0.7794333453665431,2,1.0,2,0.9082849398399787,2,0.8953802205448358,2,0.86455424958476,2,0.8760375907831331,2,0.2596759561367019,2,0.8680003787638845,2,1.0,2,0.9855041562276121,2,synth
98,0.7916424477100068,6,0.9244573116596705,6,0.7675211093598818,6,0.80570967508772,6,0.6525654589298338,6,0.5201055981244495,6,0.8088712236427756,6,0.6433420138089203,6,0.0385961559164265,6,0.5213203908393395,6,0.5957492198585946,6,0.6727727205945987,6,0.8109187025797445,6,0.08217740796161145,6,0.8084383359834184,6,0.5188591967195899,6,0.7334990483378947,6,synth
99,0.9626561620634962,12,0.8245532857815029,12,0.9874009758513491,12,0.9835674572334424,12,0.8040586638613098,12,0.9526580309412623,12,0.9673524852212828,12,0.5305079318747703,12,0.9752926680962507,12,0.9379259082192832,12,0.9636971361974088,12,0.9479669352972029,12,0.8726990967747575,12,-0.11420028934708676,12,0.6738118540882887,12,0.9986693226985391,12,0.9854749782213906,12,synth
100,1.0,1,0.6546536707079771,1,0.9128709291752768,1,0.731310340973526,1,0.816496580927726,1,0.6465790872963897,1,0.9449111825230678,1,0.6507913734559685,1,0.9098431565585485,1,0.8157259374516951,1,0.9128709291752768,1,0.8235321051453479,1,0.5254270830780441,1,-0.17460757394239457,1,0.8381163549234939,1,0.8398412548412548,1,0.8082903768654759,1,synth
101,0.9644985520743101,9,0.5305966001255896,9,0.9675037375988791,9,0.966034803496973,9,0.9375898725541921,9,0.935931909356046,9,0.9355725249331395,9,0.5930848404156233,9,0.9333891060270693,9,0.9530898816359632,9,0.9494714234529579,9,0.9523718697425179,9,0.9467313383699926,9,-0.21878685479324814,9,0.8816103246790946,9,0.8958411708160389,9,0.9499342519302103,9,synth
102,0.9629100498862757,2,0.3380616160194947,2,1.0,2,0.9412484503858911,2,0.9065968278232491,2,0.9629100498862757,2,0.9629100498862757,2,0.6060113295832983,2,0.9412484503858911,2,0.8914752538192772,2,0.8890430842422197,2,0.8383251844550346,2,0.8476922783131101,2,-0.28171808490950556,2,0.8451542547285167,2,0.9264790461277812,2,0.7378885017808415,2,synth
103,0.0,1,0.0,1,0.0,1,0.0,1,0.0,1,0.0,1,0.0,1,0.0,1,0.0,1,0.0,1,0.0,1,0.0,1,0.0,1,0.0,1,0.0,1,0.0,1,0.0,1,synth
104,0.9412484503858911,2,0.6968884779035267,2,1.0,2,1.0,2,0.9065968278232491,2,0.8111284406594201,2,0.9412484503858911,2,0.33076478718535585,2,0.9101236453862336,2,0.9629100498862757,2,0.9629100498862757,2,0.9236947068048618,2,0.8451542547285167,2,-0.16903085094570336,2,0.8451542547285167,2,1.0,2,0.9182815193862017,2,synth
105,0.8973344968938385,2,0.4890330370638414,2,0.9918912277278846,2,0.28401877872187725,2,0.9759457995782579,2,0.7956112948742582,2,0.8973344968938385,2,0.5603246845154992,2,0.9759457995782579,2,0.6321693112033312,2,0.8591837335411906,2,0.388976155071728,2,0.8578537347392533,2,0.5381911206308455,2,0.8524278836286523,2,0.8823411460349286,2,0.8635571618148875,2,synth
106,0.3464101615137755,1,0.4855041562276122,1,0.9710083124552245,1,1.0,1,1.0,1,1.0,1,0.9574271077563381,1,0.14952499315243512,1,0.9547786182905184,1,0.9710083124552245,1,0.9710083124552245,1,1.0,1,0.8660254037844386,1,0.8660254037844386,1,0.8760375907831331,1,0.8802219150677254,1,1.0,1,synth
107,0.5270462766947299,1,-0.08058229640253803,1,0.9669875568304563,1,0.8451542547285166,1,0.8346248495316817,1,0.7071067811865475,1,0.6608271381079536,1,0.8451542547285166,1,0.8346248495316817,1,0.23570226039551587,1,0.6686478498357317,1,0.2721655269759087,1,0.870571500132014,1,0.16927779169233606,1,0.8022574532384201,1,0.7071067811865476,1,0.6686478498357317,1,synth
108,0.8753337119779623,50,0.7591079336074171,50,0.9339312198923052,50,0.8624747566680167,50,0.8837369588641069,50,0.8864778491035077,50,0.8744397463808269,50,0.16354433009393482,50,0.8943906363356173,50,0.8682407481734421,50,0.9497283003177592,50,0.8772193637148785,50,0.7572036521354509,50,-0.17803970425900267,50,0.6652816426279861,50,0.8760946452462293,50,0.8736222991248292,50,synth
109,0.5984428179316836,2,-0.05851427902999737,2,0.9574271077563381,2,0.978713553878169,2,0.9135792829123578,2,0.8995434918330247,2,0.8497298314063477,2,-0.41563976019674803,2,0.9016898882100247,2,0.6921906535112659,2,0.8607285885507643,2,0.8510034268090968,2,0.578666919175923,2,0.18833188856153854,2,0.7794228634059948,2,0.6669603282376996,2,0.7835862445998679,2,synth
110,0.842420444964842,9,0.8098846178367609,9,0.9230223720010016,9,0.7489036721676743,9,0.6963603100140665,9,0.9061918745934137,9,0.7724884109809497,9,0.5287476805681414,9,0.8308522785805393,9,0.9283538227059293,9,0.9209236270963521,9,0.8072294888922996,9,0.7932072149119593,9,-0.12353207499593515,9,0.7897687032382178,9,0.9367779388050603,9,0.9078076325459963,9,synth
111,0.8754275592730113,1,0.9066928292470475,1,0.6878359394287946,1,0.8798826901281199,1,0.9066928292470475,1,0.9379580992210835,1,0.924061655450546,1,0.7700513795421218,1,0.8804062740424289,1,0.8441622892989752,1,0.8932596002688613,1,0.8316554899054914,1,0.819688599970537,1,0.6776452139970672,1,0.7700513795421218,1,0.8890008890013336,1,0.9066928292470475,1,nat
112,0.8186594052015252,4,0.3949872948667646,4,0.8186594052015252,4,0.8186594052015252,4,0.8186594052015252,4,0.7447502382928219,4,0.8186594052015252,4,0.0,4,0.9377190375382422,4,0.8186594052015252,4,0.7325569056411457,4,0.6449872948667645,4,0.9706761703145794,4,-0.7612657476873375,4,0.9706761703145794,4,0.9706761703145794,4,0.8951409033872721,4,nat
113,0.3181818181818181,1,-0.20897850190928624,1,0.5720775535473555,1,0.3181818181818181,1,0.42905816516051654,1,0.5720775535473555,1,0.0746351792533165,1,0.25757575757575757,1,0.5821543981758688,1,0.49999999999999994,1,0.6092717958449424,1,0.7015706849811753,1,0.3530939318018998,1,0.0,1,0.46969696969696956,1,0.25425669046549126,1,0.4545454545454544,1,nat
114,0.9301467048399603,4,0.2863305614360255,4,0.9857022603955159,4,0.9857022603955159,4,0.9857022603955159,4,0.8760597134015174,4,0.9486832980505139,4,0.3190355937288492,4,0.9337346957601077,4,1.0,4,0.8910083156919236,4,0.9486832980505139,4,0.8910083156919236,4,-0.31622776601683794,4,0.790569415042095,4,0.6944444444444445,4,0.5997522020519289,4,nat
115,0.9388321936425754,3,0.5555555555555557,3,1.0,3,0.7166099714203532,3,0.7166099714203532,3,0.0612574113277207,3,0.7991221987003426,3,0.5883036880224507,3,0.8333333333333335,3,0.632455532033676,3,0.632455532033676,3,0.5883036880224507,3,0.421637021355784,3,-0.210818510677892,3,0.316227766016838,3,0.5883036880224507,3,0.4828944326835047,3,nat
116,0.5,2,-0.5,2,1.0,2,0.0,2,1.0,2,0.18118621784789726,2,0.0,2,-0.7014709253689446,2,1.0,2,0.18118621784789726,2,-0.25,2,1.0,2,-0.18136906252750293,2,0.7071067811865475,2,-0.35355339059327373,2,-0.408248290463863,2,-0.2720535937912544,2,nat
117,0.316227766016838,1,0.20000000000000007,1,-0.4472135954999579,1,0.632455532033676,1,0.7745966692414834,1,0.5477225575051663,1,0.1391216687280505,1,0.6956083436402526,1,-0.4472135954999579,1,1.0,1,0.7745966692414834,1,0.7745966692414834,1,0.5313689313240573,1,0.13093073414159545,1,-0.26568446566202863,1,0.4242640687119286,1,0.4472135954999579,1,nat
118,0.8763560920082659,1,0.23734644158557203,1,0.9036961141150641,1,0.8763560920082659,1,1.0,1,0.7333333333333335,1,0.7071067811865476,1,-0.41992062742062747,1,0.7302967433402215,1,0.0,1,0.8215838362577491,1,0.36514837167011077,1,0.8610584002420806,1,-0.9258200997725515,1,0.9258200997725515,1,0.36514837167011077,1,1.0,1,nat
119,0.7769740318011726,2,-0.579750904364203,2,0.6106984016752038,2,0.10352166562499027,2,0.4491876490939033,2,0.10352166562499027,2,1.0,2,0.04012345679012346,2,0.6106984016752038,2,-0.10352166562499027,2,0.36810603160801664,2,0.4491876490939033,2,0.5738948346231503,2,0.8081376242652525,2,0.6675919504799911,2,0.2098765432098766,2,0.6805321729912808,2,nat
120,0.625,3,0.4375,3,0.9497595264191645,3,0.9497595264191645,3,0.899519052838329,3,0.8125,3,0.24999999999999994,3,-1.0,3,0.9497595264191645,3,0.899519052838329,3,0.899519052838329,3,0.5747595264191645,3,0.899519052838329,3,0.06249999999999992,3,0.899519052838329,3,0.625,3,0.7622595264191645,3,nat
121,0.699205898780101,1,-0.6515327693178214,1,0.8853648783083367,1,0.8853648783083367,1,0.6572670690061994,1,0.8853648783083367,1,0.4262867932595695,1,0.39139018192821845,1,0.9486832980505139,1,0.6166666666666668,1,0.699205898780101,1,0.754199711151546,1,0.9258200997725515,1,-0.8332380897952966,1,0.802377419802878,1,0.9534625892455922,1,0.9393364366277245,1,nat
122,0.8480759568833491,4,0.368932393686311,4,0.8616399836459987,4,0.766227766016838,4,0.9615124735378855,4,0.8616399836459987,4,0.9351192712878644,4,0.24090284374857007,4,0.7999999999999999,4,0.7007372737064078,4,0.9486832980505139,4,0.766227766016838,4,0.7999999999999999,4,-0.65,4,0.7999999999999999,4,0.9615124735378855,4,0.9115124735378854,4,nat
123,0.8982988610955689,2,0.4681443600882656,2,0.8982988610955689,2,0.9497595264191644,2,0.9999999999999999,2,0.9497595264191644,2,0.9485393346764044,2,0.5398367769228162,2,0.8982988610955689,2,0.9485393346764044,2,0.8982988610955689,2,0.9485393346764044,2,0.7942627457812105,2,-0.32725424859373686,2,0.7942627457812105,2,0.9485393346764044,2,0.8982988610955689,2,nat
124,0.6296296296296298,3,-0.016617899927796803,3,0.6737814736408549,3,0.09072184232530289,3,0.7592592592592594,3,0.832788199045873,3,0.673781473640855,3,0.05175431837411213,3,0.6296296296296298,3,0.18144368465060579,3,0.18144368465060579,3,0.8717833215723937,3,0.52704627669473,3,0.07027283689263066,3,0.5071148069741883,3,-0.2785296233009629,3,0.5147770179839392,3,nat
125,0.6111111111111112,4,-0.8333333333333334,4,0.6111111111111112,4,0.9553418012614796,4,0.9553418012614796,4,0.6111111111111112,4,0.3888888888888889,4,-0.6666666666666665,4,0.8333333333333334,4,0.9553418012614796,4,0.6111111111111112,4,0.9553418012614796,4,1.0,4,-0.0664529123725907,4,-0.9553418012614796,4,0.9553418012614796,4,0.9553418012614796,4,nat
126,0.7566025564979955,2,0.2702847075210474,2,0.7566025564979955,2,0.7566025564979955,2,-0.17677669529663687,2,0.7566025564979955,2,0.6882472016116853,2,0.23570226039551584,2,0.6882472016116853,2,0.8713104234332762,2,0.5735393346764044,2,0.8486911297734411,2,0.7826237921249264,2,0.44721359549995787,2,0.625084332023462,2,0.7566025564979955,2,0.7566025564979955,2,nat
127,0.7756208127516887,4,-0.13318703311672375,4,0.790569415042095,4,0.8910083156919236,4,0.790569415042095,4,0.5106722104612824,4,0.895978670381041,4,0.9187860934697014,4,0.5997522020519289,4,0.8760597134015174,4,0.790569415042095,4,0.9857022603955159,4,0.8432740427115679,4,0.7378647873726218,4,0.895978670381041,4,0.8383036880224507,4,0.8910083156919236,4,nat
128,0.7463517925331651,1,0.6356417261637283,1,0.8939393939393939,1,0.9254762227411247,1,0.9254762227411247,1,0.9254762227411247,1,0.5909090909090908,1,0.15151515151515146,1,0.641862541578522,1,0.46969696969696956,1,0.8060599359358184,1,0.17407765595569782,1,0.5884898863364997,1,-0.6179143806533246,1,0.3825184261187247,1,0.9999999999999999,1,0.9999999999999999,1,nat
129,0.6063390625908325,1,0.4950737714883371,1,-0.08956221510397981,1,0.1323529411764706,1,0.37317589626658254,1,0.15655607277128739,1,0.7700513795421217,1,0.6262242910851495,1,0.2239055377599495,1,0.20897850190928624,1,0.5792574692537633,1,-0.6002450479987809,1,0.2608969660436018,1,-0.4058397249567139,1,0.2608969660436018,1,0.7463517925331651,1,0.5852390484520126,1,nat
130,0.9166666666666667,2,0.8249149571305299,2,0.8164965809277261,2,0.974341649025257,2,0.0,2,0.9082482904638631,2,0.974341649025257,2,0.5663621734722821,2,0.7244760564807011,2,1.0,2,0.0,2,0.9166666666666667,2,1.0,2,0.474341649025257,2,0.974341649025257,2,0.9166666666666667,2,0.9166666666666667,2,nat
131,0.7074922987290361,2,0.29166666666666674,2,1.0,2,1.0,2,0.8800865993183136,2,1.0,2,0.945544330734548,2,0.41666666666666674,2,0.8800865993183136,2,0.9303270728991491,2,0.9303270728991491,2,0.9303270728991491,2,0.8660254037844386,2,0.2165063509461096,2,0.8660254037844386,2,0.9299131742640733,2,0.7074922987290361,2,nat
132,0.4330127018922194,1,0.45184805705753206,1,0.1414213562373095,1,-0.4330127018922194,1,0.0,1,0.0,1,-0.06063390625908325,1,0.970142500145332,1,0.1846372364689991,1,0.0,1,0.0,1,0.3535533905932738,1,0.956182887467515,1,-0.5976143046671969,1,0.956182887467515,1,-0.1846372364689991,1,0.508000508000762,1,nat
133,0.4264014327112209,1,0.4177863742936749,1,0.3126526997403612,1,0.25425669046549126,1,0.3126526997403612,1,0.0,1,0.06060606060606059,1,0.43771377963650565,1,0.16419739435729633,1,0.12712834523274563,1,0.3030303030303029,1,0.18759161984421677,1,0.20597146021777488,1,0.08827348295047495,1,0.7944613465542746,1,-0.12712834523274563,1,0.06963106238227912,1,nat
134,0.42857142857142855,2,0.19047619047619047,2,0.8951409033872721,2,0.7584858681083576,2,0.42857142857142855,2,0.619047619047619,2,0.5616299349552356,2,0.619047619047619,2,0.5616299349552356,2,0.6822000610229407,2,0.7010681840159741,2,0.7396177451153242,2,0.5186959671917086,2,0.5186959671917086,2,0.14754222271266348,2,0.619047619047619,2,0.8377232192948887,2,nat
135,0.9337346957601077,4,-0.7756208127516886,4,0.7606722104612824,4,0.9187860934697014,4,0.632455532033676,4,0.3122955746422024,4,0.7065869213339162,4,-0.6566884190653777,4,0.6189323936863109,4,1.0,4,0.9187860934697014,4,0.8333333333333335,4,0.9486832980505139,4,0.15811388300841903,4,0.9486832980505139,4,0.8611111111111113,4,0.8611111111111113,4,nat
136,0.6666666666666666,3,0.0,3,0.6666666666666666,3,0.6666666666666666,3,0.5000000000000002,3,0.1666666666666667,3,0.6666666666666666,3,-0.04465819873852054,3,1.0,3,0.6666666666666666,3,0.6666666666666666,3,0.6666666666666666,3,0.28867513459481287,3,-0.5773502691896257,3,0.7440169358562925,3,1.0,3,1.0,3,real
137,0.0,2,0.3000000000000001,2,0.39999999999999997,2,0.0,2,0.7,2,0.39999999999999997,2,1.0,2,1.0,2,0.9196152422706632,2,1.0,2,1.0,2,0.9196152422706632,2,0.9196152422706632,2,-0.9196152422706632,2,0.9196152422706632,2,0.0,2,0.0,2,real
138,0.9082482904638631,2,0.36785113019775795,2,0.9082482904638631,2,0.8164965809277261,2,0.9082482904638631,2,0.5000000000000001,2,0.6189323936863109,2,-0.8796528112548947,2,0.8796528112548947,2,0.13608276348795434,2,0.8133768381307553,2,0.8333333333333335,2,0.474341649025257,2,0.10540925533894598,2,0.5270462766947299,2,0.9082482904638631,2,0.9082482904638631,2,real
139,1.0,2,0.0,2,1.0,2,1.0,2,1.0,2,0.8377232192948887,2,0.8951409033872721,2,0.8377232192948887,2,0.8951409033872721,2,0.8377232192948887,2,0.8377232192948887,2,0.8951409033872721,2,0.5518553250600954,2,-0.5756888754478149,2,0.7899745897335292,2,0.8377232192948887,2,0.9425823159076165,2,real
140,0.7182335127930838,2,0.0,2,0.8776643872851507,2,0.8776643872851507,2,1.0,2,1.0,2,0.8776643872851507,2,0.8776643872851507,2,0.8776643872851507,2,1.0,2,0.8497311128276556,2,0.8776643872851507,2,0.8497311128276556,2,0.8497311128276556,2,0.5054659264981073,2,0.8776643872851507,2,1.0,2,real
141,0.6666666666666667,1,0.0,1,0.968245836551854,1,1.0,1,0.968245836551854,1,1.0,1,0.6454972243679028,1,0.7404360971988655,1,0.8885233166386385,1,0.9128709291752768,1,0.8885233166386385,1,0.9128709291752768,1,0.8660254037844386,1,0.8660254037844386,1,0.8660254037844386,1,0.9128709291752768,1,1.0,1,real
142,0.0,1,-0.6454972243679028,1,0.0,1,0.0,1,0.6123724356957945,1,-0.408248290463863,1,-0.408248290463863,1,0.0,1,0.6123724356957945,1,0.0,1,0.15214515486254615,1,0.0,1,0.28867513459481287,1,-0.5773502691896257,1,0.8885233166386385,1,0.6123724356957945,1,0.0,1,real
143,0.0,3,-0.6220084679281462,3,0.0,3,-0.7440169358562925,3,0.0,3,0.0,3,0.0,3,-0.5,3,-0.6220084679281462,3,0.0,3,-0.7440169358562925,3,0.7886751345948129,3,0.8333333333333334,3,-0.5,3,0.8333333333333334,3,0.6220084679281462,3,0.0,3,real
144,0.8164965809277261,1,0.0,1,0.8164965809277261,1,0.0,1,0.0,1,0.7071067811865477,1,0.5000000000000001,1,0.8164965809277261,1,0.3333333333333334,1,1.0,1,0.8333333333333335,1,0.8333333333333335,1,0.632455532033676,1,-0.316227766016838,1,0.9486832980505139,1,0.8164965809277261,1,0.8333333333333335,1,real
145,0.75,1,0.41247895569215276,1,0.75,1,0.6666666666666666,1,0.8838834764831842,1,0.9733285267845753,1,0.7299963950884315,1,-0.5555555555555556,1,0.8055555555555556,1,1.0,1,0.18633899812498247,1,0.8651809126974003,1,0.9486832980505137,1,0.7299963950884315,1,0.8651809126974003,1,0.7029594915666376,1,0.4714045207910316,1,real
146,-0.11027484306293199,2,-0.45978885536738,2,-0.11000788645046244,2,-0.12496228790835462,2,0.0060669128966901525,2,0.1426574887197721,2,0.34650195311130144,2,0.2798775557439232,2,0.40411174179946097,2,0.12265150769633876,2,0.26540997414621054,2,0.08214944784353027,2,-0.12819485916641069,2,-0.04676379138201046,2,-0.05509558191104939,2,0.6647527620783136,2,0.8596491228070174,2,real
147,-0.316227766016838,1,-0.316227766016838,1,0.0,1,-0.7071067811865477,1,0.632455532033676,1,-0.632455532033676,1,0.0,1,0.7071067811865477,1,0.0,1,-0.7071067811865477,1,0.0,1,-0.7071067811865477,1,-0.632455532033676,1,-0.632455532033676,1,0.632455532033676,1,-0.5000000000000001,1,0.632455532033676,1,real
148,0.8763116421553299,18,0.26792331289667076,18,0.8397064068009904,18,0.4794077382977808,18,0.3826914606053761,18,0.48153471598215064,18,0.8935296055659535,18,0.629907374996668,18,0.8138227976145109,18,0.7343380826387421,18,0.8080723142405781,18,0.7661101439949136,18,0.7274551765282702,18,0.03733989703396196,18,0.8131154075158656,18,0.491692799186981,18,0.694573882435837,18,real
149,0.7867392371189263,3,0.2014439000796357,3,0.8615640646982652,3,0.39418508120213847,3,0.6206650587973125,3,0.8230315271607878,3,0.7879652956660922,3,0.705121964215842,3,0.8886851353781314,3,0.8602014876953509,3,0.7815004791861413,3,0.793096661761333,3,0.8462640383219584,3,0.6842225626446722,3,0.8302364141375004,3,0.8083417197904523,3,0.8083417197904523,3,real
150,0.4076095459134428,3,-0.3289545464468829,3,0.9598391028221411,3,0.7194877939361067,3,0.8378247068933004,3,0.6142469875272909,3,0.8479677557632715,3,0.3394411378557255,3,0.9598391028221411,3,0.6585668311866004,3,0.6503524382637799,3,0.7317884243353462,3,0.5362649599014019,3,0.13626224466295794,3,0.3814192769413039,3,0.6161465227466674,3,0.8779500425764214,3,real
151,0.8960323230610622,2,0.05751048025874454,2,0.8960323230610622,2,0.8960323230610622,2,0.8960323230610622,2,0.8585360078723862,2,0.9423141555390394,2,-0.11781402163027443,2,0.8960323230610622,2,0.7885125841378182,2,0.7673516410376997,2,0.7999498944480401,2,0.7400474550681657,2,-0.07105031378435162,2,0.7014202456787058,2,0.8016695549396069,2,0.8984785343579815,2,real
152,0.8263580574564412,9,0.20687241858336378,9,0.8566236131883227,9,0.9041037911741437,9,0.9379578138883468,9,0.8474880918381641,9,0.6420180095825316,9,-0.29155273279089966,9,0.8216704399969954,9,0.7470541335371631,9,0.9511533027932034,9,0.8362959775718162,9,0.43112242530618716,9,0.186458978148532,9,0.6416051988142585,9,0.7400782821666042,9,0.9555583087017826,9,real
153,0.8235226442764614,4,0.5249716059270838,4,0.4875844744758864,4,0.9107733470783874,4,0.935494844186346,4,0.9654375437822609,4,0.25776332511112454,4,-0.26931501321501833,4,0.6950457801182574,4,0.7675464318128771,4,0.6119422183301428,4,0.7221099691368859,4,0.32611067560383245,4,-0.19713313807616425,4,0.3375473746166313,4,0.8661568175676182,4,0.7173317540483408,4,real
154,0.8908734633685217,6,0.032808504217011536,6,0.8755818806366145,6,0.8415954414572663,6,0.848255599849832,6,0.8841848545092744,6,0.7562773738646739,6,-0.23893457865927512,6,0.7680605148683182,6,0.7377009554413755,6,0.7752825973343971,6,0.8658317405214344,6,0.7972958638267238,6,-0.3505973931110816,6,0.7263673060777862,6,0.8864517925441656,6,0.8508783041844344,6,real
155,0.6543173324878392,9,0.5643457596326252,9,0.7096885163059781,9,0.43577518024808,9,0.633641771220831,9,0.20511968323660376,9,0.5852315900650564,9,0.2939695315945011,9,0.7981339560462921,9,0.6156135539032206,9,0.6579330247513153,9,0.5982776244900048,9,0.6576407336542,9,-0.3556858403329933,9,0.7601063686244746,9,0.4062163109017091,9,0.3362815458113025,9,real
156,0.8694124058682565,12,-0.029942899346385058,12,0.828110740355138,12,0.8199511865376722,12,0.8074890881579725,12,0.6569523301773954,12,0.7285122529227936,12,0.30621871713921933,12,0.7645891510055951,12,0.847866931438951,12,0.7245482019107802,12,0.7074757295762178,12,0.7315739178422951,12,0.11501002239711874,12,0.8603203945756743,12,0.7769413469279383,12,0.792237671301223,12,real
157,0.5730317276546516,2,0.3831787295656529,2,0.7046642634176441,2,0.6003908048398185,2,0.6582651457993135,2,0.7952718931262122,2,0.9386252440506646,2,0.5393403782403544,2,0.9478166919196357,2,0.9015726888939096,2,0.9646089614195257,2,0.8692436898099761,2,0.9414465056647873,2,-0.5863687105895891,2,0.9466030570784413,2,0.42439376048583594,2,0.8449057105439001,2,real
158,0.780913056224062,6,0.11455511058234198,6,0.7576502922742495,6,0.8150626409109545,6,0.8063241147022172,6,0.6924558287596652,6,0.7837861260274053,6,0.3716883622988338,6,0.7746070771106252,6,0.7581876166385668,6,0.7019556447954413,6,0.8093655290282261,6,0.748751873926037,6,0.0436570266040177,6,0.7517657462747745,6,0.872689691717344,6,0.7489232618027483,6,real
159,0.4189374810984895,2,0.5142857142857142,2,0.6428571428571429,2,0.6428571428571429,2,0.7269276367041303,2,0.4189374810984895,2,0.4189374810984895,2,-0.012358924791126482,2,0.6428571428571429,2,0.6428571428571429,2,1.0,2,0.572275869891355,2,0.5590649272362896,2,0.04075011694654399,2,0.4942902620478957,2,0.3490922390336326,2,0.7269276367041303,2,real
160,0.758992015236979,2,0.5855493359260211,2,0.16610406844697626,2,0.6461771940051574,2,0.798260162151436,2,0.7291043333585469,2,0.6055069815834242,2,0.0,2,0.5485334881052589,2,0.6988147931914392,2,0.5598020786363442,2,0.3270455937485033,2,0.6592312679421404,2,-0.5852818935548577,2,0.4073498768959357,2,0.8874807706395136,2,0.793057566883622,2,real
161,0.7456931389107027,2,-0.09976145640345997,2,0.20593624949364164,2,0.7602786725970511,2,0.8278127122857907,2,0.8955341146789867,2,0.9276697791023919,2,0.34990765208437774,2,0.7456931389107027,2,0.5024041365006394,2,0.8007058839863469,2,0.7508890132780637,2,0.6781493370389741,2,-0.11180339887498948,2,0.7164006271496853,2,0.9607787162802282,2,0.9276697791023919,2,real
162,0.8709355439695753,6,0.6383225552798576,6,-0.12281742440339498,6,0.6276448209235148,6,0.4994889123712498,6,0.6039529550868799,6,0.7574556987625647,6,0.5346993649666391,6,0.7004177937189898,6,0.7391507046417203,6,0.6044247406580233,6,0.5080184701330295,6,0.6448297579442557,6,0.40890271825115887,6,0.5364139443742548,6,0.8592789019528461,6,0.837792683026655,6,real
163,0.158113883008419,2,0.724341649025257,2,0.474341649025257,2,0.4082482904638631,2,0.632455532033676,2,0.474341649025257,2,0.3333333333333334,2,0.724341649025257,2,0.5749149571305298,2,0.4082482904638631,2,0.4082482904638631,2,0.5749149571305298,2,0.632455532033676,2,0.47434164902525694,2,0.632455532033676,2,0.25000000000000006,2,0.474341649025257,2,real
164,0.5407380704358752,1,1.0,1,0.6488856845230502,1,0.8838834764831842,1,0.5797509043642028,1,0.5270462766947298,1,0.8249579113843055,1,0.11111111111111112,1,0.8838834764831842,1,0.4596273598704938,1,0.888888888888889,1,0.43259045634870014,1,0.9486832980505137,1,-0.2635231383473649,1,0.9733285267845753,1,0.7607257743127307,1,0.5407380704358752,1,real
