id,instructblip_tifa,llava-alt_tifa,llmscore_ec,llmscore_over,llava_tifa,blip1_tifa,llava-alt_dsg,clipscore_norm,blipscore_norm,mplug_tifa,fuyu_dsg,llava_dsg,alignscore_norm,instructblip_dsg,fuyu_tifa,mplug_dsg,blip1_dsg,viescore
0,-0.8344130137115054,-0.7557949247937238,-0.2520860823762272,0.8397485053031222,-0.8593625224349106,-0.9081855400684563,-0.8729955355005825,-0.8848344629391112,0.6133322452010631,-0.8978246903780592,-0.6911190697100182,-0.8871459504736612,-0.8771182225108212,-0.8809780658335369,0.14629629629629629,-0.801523557138982,-0.8893579122091633,0.3552358505390877
1,-0.8592885651111362,-0.9142084347897571,-0.0015780814207512841,0.6183300132670377,-1.0,-0.6707825127659933,-0.7148198305966815,-0.7977240352174657,-0.6381792281739725,-0.7834783849371486,0.41833001326703784,-0.9409585518440985,-0.5674822722221865,-0.9142084347897571,0.20556456574004975,0.2645751311064591,-0.6921912920196209,-0.47066447040556714
2,-0.981572080112532,-0.9230393349640461,0.6631371464899021,0.986034948749139,-0.8685398396982229,-0.9696187563002593,-0.9200103960703662,-0.8776258976911283,0.8430095177994524,-0.9649696852873016,-0.8908741765526517,-0.9384213395638529,-0.8761178168416173,-0.981572080112532,-0.8617966332066376,-0.9472020114552441,-0.9721191025162554,-0.7435300527873024
3,-0.3,-0.44095855184409843,0.39440531887330776,0.570057996717679,-0.41833001326703784,-0.3709005551264194,-0.4063180276860006,-0.6381792281739725,0.3190896140869863,-0.614208434789757,-0.570057996717679,-0.6183300132670377,-0.39886201760873286,-0.4118082896311804,-0.07386127875258307,-0.44095855184409843,-0.4063180276860006,-0.3313667478318056
4,-0.6336760773671075,-0.6226016573639223,0.465226553484091,0.5750749157401016,-0.7372040953761908,-0.5180768742595153,-0.4392089204881236,-0.34888499699782166,0.18509869453637645,0.1399587051875104,0.1798591693071084,-0.5747644369850695,-0.031185078881092947,-0.3436608745176344,0.2875800378570571,-0.3718419720180422,-0.7412700777577528,-0.2846545914273421
5,-0.7338951124711554,-0.7323161757943056,0.7077693501432556,0.7650066282288076,-0.8147934449436443,-0.7101602503186115,-0.9403905889519628,-0.8141726016957476,-0.6253477737767157,-0.6541458399526855,-0.617794772355858,-0.911266043662988,-0.8275066151852108,-0.7975287063649432,-0.5775470352465718,-0.8757445180125448,-0.9487412073608245,-0.5667588624599652
6,-0.8355452469498303,-0.7609692844653538,0.2683007823374016,0.25605927088084823,-0.9483303402823273,-0.8579500138597851,-0.9118643271182251,-0.7389813671387923,0.49102369541855473,-0.8736364158085557,-0.8240433715345348,-0.5899621882885077,-0.9099763930278092,-0.8387917306311601,-0.8715318913498881,-0.4619109904837861,-0.5418083722152848,-0.42739222693886453
7,-0.7637104360681923,-0.7312833678315072,0.6676653364919569,0.7810819353228727,-0.7051775153230798,-0.6649292481849547,-0.6882046851648189,-0.6952696248577359,0.397851432095844,-0.6224228977556288,-0.48482109193784223,-0.7356463138776231,-0.6972912995474785,-0.6426958392207567,-0.5663488661461917,-0.6843572614078524,-0.6227982846380665,-0.4916032063809591
8,-0.8117820010651963,-0.9198671425895271,0.6706773105901076,0.7961698689794843,-0.9285481343834788,-0.7938763568449015,-0.9183105600036915,-0.777036751548113,-0.7394929418488383,-0.6254509351221186,-0.5176325545358461,-0.9094555814606606,-0.6577228923522281,-0.721804535418737,-0.31141757614325505,-0.6466939193694276,-0.8623426006686897,-0.4325261604145456
9,-0.6965264878648442,-0.8092812507217522,0.4091723330853971,0.6802356733926893,-0.8065840328415452,-0.7565889525024679,-0.8098166560295231,-0.8763293081983838,0.5193470006893897,-0.7634381012887264,-0.7386318885474042,-0.7672860121893585,-0.8566291542122063,-0.748991734626578,-0.7087534022662295,-0.693703018305603,-0.7858045152896593,-0.5185490719584959
10,-0.8448650391729542,-0.7477553837896519,0.41790407497626825,0.5872236224858792,-0.745773138206969,-0.8337716045966693,-0.8227164490370615,-0.6837695155785312,-0.12914370254141216,-0.6869975668005938,-0.44460431567510594,-0.7332767639201991,-0.713521839723497,-0.8256683079910747,-0.7353573331978889,-0.7623099880587452,-0.8680658188470097,-0.3771720531270426
11,-0.8224769318989841,-0.8224769318989841,0.7598222473689636,0.8491627151692686,-0.7461378243792895,-0.8555413763312297,-0.9910031398112201,-0.709269529253286,-0.15181273929816427,-0.7354414076817648,-0.47963014592846587,-0.8491627151692686,-0.7116162638819293,-0.8491627151692686,-0.7332005907824927,-0.8491627151692686,-0.8588041277485452,-0.8596577353026482
12,-0.9409585518440985,-0.6829051443734969,0.17453919665543746,0.6801793064385837,-0.7148198305966815,-0.6787835658962161,-0.570057996717679,-0.7977240352174657,-0.15954480704349314,-0.5055578508659025,-0.1127721624011353,-0.8366600265340757,-0.7977240352174657,-0.9142084347897571,-0.8651483716701106,-0.6114110942264109,-0.3620529891214027,-0.3281650616569468
13,-0.8600267996972071,-0.9492883866293914,0.4258213196862713,0.5263683326207192,-0.7971852770876129,-0.7885431098111396,-0.930075672244976,-0.7592845953005004,0.14497696653519074,-0.7809272044651486,-0.764777142203436,-0.9423209785594966,-0.7698834812584088,-0.7026265157206442,-0.8420651393554099,-0.8367166750304943,-0.8212046251570428,-0.4744713192467655
14,-0.9784000070031436,-0.978893215707848,0.641004528101122,0.8149774046210417,-0.9740429594131044,-0.9352153805538401,-0.9214720750730401,-0.6346184853339163,-0.4109166893301977,-0.9606114830567948,-0.9983076487179159,-0.9799019018385875,-0.8690033791506638,-0.8903893722827556,-0.8083250694269424,-0.8592081605471585,-0.7299780538520932,-0.39450766876019416
15,-0.7581511998041678,-0.5736393467181179,0.3434220708838651,0.4300220351351944,-0.57408270101794,0.34760366990277364,-0.49558007966359247,-0.7453849645377583,0.6970837458452862,-0.6136104274858618,-0.14312276598159362,-0.6980670789963894,-0.84272631149631,-0.6969196937732691,-0.40468641763107566,-0.3447131310030895,0.0,-0.3785542491336697
16,-0.8819171036881969,-0.828416869579514,0.7478830532179872,0.6085252893662133,-0.9183300132670379,-0.6829051443734969,-0.7055336829505575,-0.8014002605584396,0.3190896140869863,-0.7067133972020974,0.12909944487358055,-0.8651483716701106,-0.8014002605584396,-0.8819171036881969,-0.6061401566384458,-0.6707825127659933,-0.33431662608409723,-0.6061401566384458
17,-0.8947111918332481,-0.8338151934368463,0.3298848983779071,0.5980111755985308,-0.7314555423434899,-0.8875824565481294,-0.9310442777058884,-0.8251767081126097,-0.3052767520802171,-0.8312333824172486,-0.6165754121756816,-0.8853723259539504,-0.8451616825795261,-0.7244969569647138,-0.24728176683160977,-0.8342655426263386,-0.7898808476252219,-0.5019849228629694
18,-0.5384364098590421,-0.47066447040556714,0.5354174725595812,0.7793568064598677,-0.24647230024481062,-0.8592885651111362,-0.8651483716701106,-0.7977240352174657,-0.4823106464714533,-0.8366600265340757,0.5992391417200894,-0.7834783849371486,-0.8014002605584396,-1.0,-0.6409585518440984,-0.9409585518440985,-0.9409585518440985,-0.7026420646406925
19,-0.7874674208243637,-0.39613882420311497,0.3031868474313746,0.5275491639743819,-0.4361650289886186,-0.8569672877426432,-0.8324946819759883,-0.7948786475635068,0.3084639250303568,-0.641666674961672,0.3062552867296819,-0.6359989993829889,-0.849520635491747,-0.9020538582709736,-0.7472730292316218,-0.8041537508828057,-0.9086429133948989,-0.21893807074392832
20,-0.38036288715636535,-1.0,0.11763736231714705,0.3984925297873177,-0.4166666666666667,-0.6136962204896986,-0.9636962204896987,-0.8398459987074238,0.5887450367433326,-0.42839379679695516,-0.7788554169436831,-0.4166666666666667,-0.8398459987074238,-1.0,-0.65,0.27777777777777785,-0.9636962204896987,0.27777777777777785
21,-0.9409585518440985,-0.9409585518440985,-0.5238002388020498,-0.45334008203893045,-0.9063180276860007,-1.0,-1.0,-0.8050764858994134,-0.00367622534097383,-0.8551669866338554,-0.5474294581406184,-1.0,-0.8050764858994134,-0.9409585518440985,-0.772325299675904,-0.9409585518440985,-1.0,-0.8205264624757576
22,-1.0,-0.45050924505681,0.8684797629501559,0.833840491504418,-0.6281971650768844,-0.41281254969226894,-0.41281254969226894,-0.8173135806940842,-0.16297156295345083,-0.3997112612805636,0.06737610344381695,-0.3997040325158948,-0.8173135806940842,-0.46153846153846156,-0.7675432907811112,-0.1109723605476373,-0.6281971650768844,0.0949756880894981
23,-0.6763995217022897,-0.8434967947938051,-0.5959418789382648,-0.6829051443734969,-0.8592885651111362,0.0,-1.0,-0.7302287654405385,-0.1595448070434931,-0.8592885651111362,-0.7598950387990244,-1.0,-0.8167466777394637,-0.9409585518440985,-0.2533733151631669,-0.3709005551264194,-0.27386127875258304,-0.39367457598003963
24,-0.9183300132670379,-0.8592885651111362,0.8366600265340757,0.7496967610988435,-0.9183300132670379,-0.7000000000000001,-0.8592885651111362,-0.7977240352174657,0.7977240352174657,-0.7055336829505575,-0.21729115524240022,-0.9409585518440985,-0.8167466777394637,-0.9183300132670379,0.12909944487358055,-0.764575131106459,-0.7000000000000001,-0.3651483716701107
25,-0.5938116784897712,-0.51508275325927,0.6914977516966456,0.659354967287951,-0.2370009236905159,-0.37752404534808603,-0.41266680753330853,-0.9191662299870897,0.6674318918594105,-0.673499277492996,0.13813777130246566,-0.403886522663742,-0.9096123736198686,-0.28592006060169106,-0.051269789476599804,-0.229350613061897,-0.4963794920079537,0.006438050963211042
26,-1.0,-1.0,0.8819171036881969,0.8819171036881969,-1.0,-1.0,-1.0,-0.7977240352174657,-0.15954480704349314,-1.0,-0.8366600265340757,-1.0,-0.8050764858994134,-1.0,0.5477225575051661,-1.0,-1.0,-0.8366600265340757
27,-0.9183300132670379,-0.8592885651111362,0.6627334956636112,0.8819171036881969,-0.8819171036881969,-0.9063180276860007,-0.9409585518440985,-0.7977240352174657,-0.3190896140869863,-0.8819171036881969,-0.8592885651111362,-0.9183300132670379,-0.8014002605584396,-0.9183300132670379,-0.8819171036881969,-0.9183300132670379,-0.9183300132670379,-0.1656833739159028
28,-1.0,-0.9183300132670379,-0.5222221573812985,-0.4446437915185764,-0.21729115524240022,-0.49424781654369127,-0.9183300132670379,-0.6426528342203331,0.7977240352174657,-0.8325384480567948,-0.1763834207376394,-1.0,-0.8014002605584396,-1.0,0.5433078796633375,-0.8819171036881969,-1.0,0.40296072362616364
29,-0.9409585518440985,-0.8167466777394637,0.8246480409530383,0.8819171036881969,-0.19999999999999998,-0.7834783849371486,0.12909944487358055,-0.8014002605584396,0.32129534929157055,-0.24379081661160037,-0.9183300132670379,-0.27386127875258304,-0.7977240352174657,-1.0,0.2645751311064591,-0.3290994448735805,-1.0,-0.7455751826215626
30,-0.7647411127534705,-0.8604481105551688,0.44229935709431106,0.38221895535411726,-0.8183530217770272,-0.7852313152445488,-0.9515610404692569,-0.9158200234553712,0.2671566918710283,-0.8860921127824865,-0.3498123140174968,-0.8943782098797899,-0.7907909687738227,-0.9194630415022814,-0.6761690165328235,-0.8694976488614509,-0.941265024548808,-0.6259434903460434
31,-1.0,-1.0,1.0,1.0,-1.0,-1.0,-1.0,-0.8050764858994134,0.47863442113047944,-0.828416869579514,0.0,-1.0,-0.7977240352174657,-1.0,-1.0,-0.7302967433402214,-1.0,0.0
32,-0.947213595499958,-0.9264014327112209,0.6708203932499369,1.0,-1.0,-0.947213595499958,-1.0,-0.7554942218333714,-0.420084025208403,-0.8660254037844388,-0.8354101966249684,-1.0,-0.8528028654224417,-1.0,-0.8736150282111789,-0.75,-0.947213595499958,-0.5000000000000001
33,-1.0,-0.8633217947490789,0.19162677479537585,0.9512740881538074,-0.8502132775727049,-1.0,-0.9320628609642039,-0.8231450337736084,0.45161116147413644,-0.8441105675594753,-0.8441105675594753,-0.9512740881538074,-0.842356260963212,-1.0,-0.9512740881538074,-0.8876909901397596,-0.9512740881538074,-0.6700168083146496
34,-0.9409585518440985,-0.8819171036881969,0.4118082896311804,1.0,-0.7529940238806682,-1.0,-0.47386127875258305,-0.7977240352174657,-0.7977240352174657,-0.8651483716701106,-0.7055336829505575,-0.9063180276860007,-0.6381792281739725,-0.9409585518440985,-0.8551669866338554,-0.6390096504226938,-1.0,-0.47066447040556714
35,-0.9142084347897571,-1.0,0.8592885651111362,0.847276579530099,-0.8551669866338554,-0.9183300132670379,-1.0,-0.8130704523984899,0.3190896140869863,0.40296072362616364,-0.14156502553198663,-0.9409585518440985,-0.8014002605584396,-0.8592885651111362,-0.1656833739159028,0.0,-0.9183300132670379,-0.39367457598003963
36,-0.9636962204896987,-1.0,0.7570088589648369,0.8907043656336674,-1.0,-0.9311183104847816,-0.8684145693012427,-0.8355570691429545,0.593033966307802,-0.7570088589648369,-0.15061601901917732,-1.0,-0.8398459987074238,-0.9636962204896987,-0.7568125877365391,-0.8948145309744802,-0.9311183104847816,-0.31794822778493453
37,-0.46153846153846156,-0.46153846153846156,-0.34166087721020577,0.3997040325158948,-0.5518427210945865,-0.145951276623156,-0.6005686329407791,-0.7411783973613916,-0.8212725925997483,-0.32635697593225266,-0.0949756880894981,-0.7564659925027818,-0.10867425823417096,-0.46153846153846156,0.145951276623156,-0.8060492576446958,-0.30960941226920163,-0.22610674548767798
38,-0.6112840402007471,-0.3185877528076826,0.680454922941035,0.667346405764661,-0.4964398453754942,-0.7806518079574853,-0.8876909901397596,0.1784282488325107,-0.45161116147413644,0.42133266402175085,0.30960941226920163,-0.7564659925027818,-0.8212725925997483,-0.7929407404683217,0.23076923076923084,-0.676923076923077,-0.8633217947490789,-0.5565141496279596
39,-0.9377495261101517,-0.8679742177020837,0.6940066803862802,0.7267778852798434,-0.9044929750483129,-0.8799187030100324,-0.9023736229117596,-0.7842487985239379,0.010587722852196293,-0.8844401031956749,-0.6492556059936688,-0.8794906692052619,-0.7751199743429199,-0.9273092248418954,-0.535478406365439,-0.7610874099192463,-0.8597555167043225,-0.6842560759810239
40,-0.9183300132670379,-0.8651483716701106,0.46177779054311296,0.2645751311064591,-0.9409585518440985,-1.0,-0.9409585518440985,0.3313667478318056,-0.0007352450681947469,-0.773861278752583,-0.7478830532179872,-0.9409585518440985,-0.8398205694528312,-1.0,-0.4645751311064591,-0.773861278752583,-1.0,0.12909944487358055
41,-0.5867697578820278,-0.8005162486275447,0.6157446632673637,0.4115840819900299,-0.7308574062625048,-0.7824262357211643,-0.4644381714939699,-0.6763238656114507,-0.1116075897503777,-0.7587392799182574,-0.3858019898593617,-0.6904832569853799,-0.9278902848383412,-0.8484720367771434,-0.882938899273205,-0.663495793900533,-0.7857245540523147,0.24727114696909633
42,-0.8496717927712093,-0.922682738387153,0.7100156259062881,0.8487088566487702,-0.8441083246482071,-0.8688901353247243,-0.888509460457736,-0.8233272117191619,-0.004661084406276689,-0.8688661538085123,-0.8466754715914737,-0.8716917909783282,-0.8389622901452369,-0.8817600678582289,-0.7731635967125581,-0.871198699408248,-0.8394654633713163,-0.8234713340106321
43,-1.0,-1.0,0.7805469288332912,0.8047378541243649,-1.0,-0.8047378541243649,-1.0,-0.8934453669445372,-0.6176009551408139,-0.8047378541243649,-0.9296181273332773,-1.0,-0.9018685769482945,-1.0,-0.9296181273332773,-1.0,-1.0,-0.6666666666666667
44,-0.8684797629501559,-0.6045369432335218,0.5110338097561724,0.5326314939049829,-0.7806518079574853,-0.8441105675594753,-0.4486395836715192,-0.8463152728688761,-0.3018611271689526,-0.5199593927366568,-0.7446263670881627,-0.7929407404683217,-0.8173135806940842,-0.8633217947490789,-0.08707657408536046,-0.8480709507307401,-0.9512740881538074,0.5391879845755829
45,-0.8588224156062183,-0.6153053388377718,0.5603047923213634,0.9622617212824345,-0.8161064225673477,-0.9229907784392779,-0.9193906584086963,-0.840148890401857,-0.3766075327863059,-0.8893629245465386,-0.7271018853776148,-0.04491237158333978,-0.840148890401857,-0.9461074248123129,-0.790273407081759,-0.575389565033424,-0.9193265917316001,-0.3519440775734182
46,-0.8762123282758651,-0.8026263948051398,0.386936770573011,0.6865514630565155,-0.8222489201492068,-0.8942889204625355,-0.6632751604860827,-0.7119406087104013,0.3697128298409364,-0.945138153932197,0.3582203912168945,-0.843402785343349,-0.5755064165860797,-0.6148113077179845,0.5076925598200815,-0.8248936377529856,-0.8346376483282435,-0.1779779425775489
47,-0.885662018573853,-0.885662018573853,-0.41713240371477056,0.511207720338155,-1.0,-0.5688452387604008,-1.0,-0.558406824652226,-0.258406824652226,-0.585662018573853,-0.8688452387604009,-1.0,-0.8635535401295893,-1.0,-0.9173419725817379,0.0,-1.0,-0.585662018573853
48,-0.8753343576249489,-0.9665475915767289,0.44563307565605326,0.7140986407319561,-0.8706639044274781,-0.8996828773809998,-0.9322213892907717,-0.8326059301583988,-0.047230699459857715,-0.8437383979827369,-0.7963833620082271,-0.9322213892907717,-0.751122054684395,-0.9203210713401037,-0.7485220851533081,-0.9064540292402136,-0.965861508950383,-0.21835974694831703
49,-0.9120477065952716,-0.9512740881538074,0.36783925826521635,0.9120477065952716,-0.9364169019859522,-0.9364169019859522,-1.0,-0.8173135806940842,0.42954371127094304,-0.9364169019859522,-0.7009851859351687,-1.0,-0.8173135806940842,-1.0,-0.06415830019508938,-0.9364169019859522,-0.9364169019859522,-0.9120477065952716
50,-0.8677561860104099,-0.8791198575374651,0.33884494429251527,0.7140119239952062,-0.9052274518569721,-0.8644549379263199,-0.9235993856512075,-0.7677467932096926,0.4094266942003459,-0.8933011144768167,-0.488241430697906,-0.9024870693234415,-0.7784115567563032,-0.8902890749915869,-0.21755889706876433,-0.8640701616845621,-0.911397217004081,-0.560984339347154
51,-0.820349716490473,-0.8757297205881157,0.7520426343993516,0.7845482132283945,-0.8123674752832846,-0.8081239546856979,-0.9821974374739882,-0.7425500129366873,0.3535861115258676,-0.8704554309524316,-0.052580321318453825,-0.9661406970737517,-0.8530139130074631,-0.9738599158353622,-0.5683743363694586,-0.961087636930093,-0.9306538972959866,-0.5624068209610915
52,-0.8012354163797433,-0.6399864642455524,0.7056476712167215,0.7768662209890628,-0.8480709507307401,-0.43757326058492374,-0.7645682839492165,-0.8212725925997483,-0.04573285375346598,-0.7556800343504784,-0.8441105675594753,-0.8648185143937911,-0.6273876578881777,-0.8012354163797433,-0.7056476712167215,-0.596460521679966,-0.7692307692307693,-0.3568564976650214
53,-0.747054252308624,-0.7359464041162803,0.47468010097649777,0.41811981624033057,-0.7265045354535694,-0.8345724268202055,-0.8365581016794059,-0.7896746691722697,-0.179784538815471,-0.7295488355367845,-0.6608436312596224,-0.84112405846665,-0.7838181767422487,-0.9048095215311989,-0.4387779870438242,-0.8110745383753095,-0.947407252218439,-0.4311210821920391
54,-0.9751959606902812,-0.9601258157818858,0.6135125587283902,0.7589662777283744,-0.9394719590570356,-0.9893152886342723,-0.9362920808590415,-0.8127941528416981,0.5013580768982846,-0.9401275490537123,-0.7592785432362645,-0.916146338679579,-0.9331103779643186,-0.9399708953957332,-0.5047078938125815,-0.8316860757998669,-0.9893152886342723,-0.7302326063968541
55,-0.8633217947490789,-0.8633217947490789,0.6754143362836127,0.41281254969226894,-0.9512740881538074,-0.8502132775727049,-0.7564659925027818,-0.6273876578881777,-0.8212725925997483,-0.8503858102771927,-0.0089783405384809,-0.9364169019859522,-0.8253431300080649,-0.9120477065952716,-0.43525840103847124,-0.5156962950377253,-0.9381655709774332,-0.8396719445839421
56,-0.8202075267332212,-0.8784733513029496,0.48232555336830407,0.8457220254439203,-0.8907537082963339,-0.6836463210383831,-0.8709937196415416,-0.7725908647020245,0.19443103026987088,-0.633736983921004,-0.63878421475157,-0.9353421990333519,-0.8327369218760458,-0.8044691635601919,-0.3267297990436691,-0.7828310570792737,-0.7685814374371139,-0.4285436866278201
57,-0.7466032026722995,-0.8674684504880046,0.3755944995845492,0.6517602418476236,-0.8674684504880046,-0.7517620073583418,-0.8715415505360287,-0.6221554881544566,-0.3845105561760547,-0.8227224161088332,0.15938407369684165,-0.8674684504880046,-0.5440867041113769,-0.7347608693555682,0.33920103416061276,-0.6766256173367332,-0.7517620073583418,-0.11576268388691491
58,-0.8311745830875891,-0.8588831717735458,0.4460706220812768,0.6683424913541546,-0.8991117221233853,-0.8441105675594753,-0.9364169019859522,-0.8173135806940842,0.041773841847801856,-0.9120477065952716,-0.44149136087229335,-0.9364169019859522,-0.8212725925997483,-0.7692307692307693,-0.8441105675594753,-1.0,-0.9364169019859522,-0.5028077742881775
59,-0.6655528849341688,-0.6385806065676524,0.851244050595484,0.7491206600284795,-0.5947669597605616,-0.8695494405342906,-0.6833400369861684,-0.8341580077899493,-0.2839123470510604,-0.8087662067740357,-0.6114387915476723,-0.6967704412403977,-0.9285551152709717,-0.7419839575028907,-0.2343149174316823,-0.9226270834738334,-0.8628174685473052,-0.36625866039738963
60,-0.7853145107925062,-0.8627937806667824,0.7144412150950086,0.7939182119520466,-0.9108719013749297,-0.8693246279481847,-0.9626205012755348,-0.8921697160775885,-0.16258735589357334,-0.7354288501527918,-0.35975977575647455,-0.9697782008611758,-0.88059189026185,-0.986332113809268,-0.7640798546613612,-0.9138448619770063,-0.9037985302874784,-0.5271013092979431
61,-0.8582095817679115,-0.905976282520618,0.849646208913833,0.8484868147336478,-0.8719300650945666,-0.8736246671962183,-0.9214055678838281,-0.8769811955306451,-0.07860770216659664,-0.8977809397524805,0.11467582667983141,-0.8741343031730536,-0.8657525541937527,-0.8829018692793349,-0.07312833733364282,-0.8807123363135297,-0.7935714538896038,-0.5207786509547407
62,-0.9008197443894433,-0.7496428971736689,0.40840326840423674,-0.008695278940858498,-0.8958264622306675,-0.6721691459851494,-0.8315796765365824,-0.8284997884615349,0.5577734810620408,-0.28616675723129414,-0.3340776892594965,-0.8898838987601435,-0.7106867804399015,-0.9347821898328865,-0.26116641330009266,-0.7337495301723309,-0.8088405349013246,-0.346325721965829
63,-0.7908685169022586,-0.6675473242955996,0.47955209954064376,0.23876787475587524,-0.7772633486616767,-0.759276567248403,-0.7707170726847523,-0.7599438881420898,-0.18817488879445615,-0.6141545997918,0.13163871550059944,-0.8869184028063846,-0.8644024161159233,-0.7913022664061842,0.24174248515583605,-0.792221467766066,-0.8250040566251583,-0.5274387633243837
64,-0.7958254913318157,-0.9947274449181538,0.6090343811762636,0.7742593862291511,-0.8967898036572868,-0.6762898427486487,-0.957980250978369,-0.8731007336518068,0.4223709418787637,-0.7733641862113453,0.48088798144990214,-0.8974597101019617,-0.8509962722458656,-0.9533248572973786,-0.5941745764321388,-0.845964531678532,-0.8425626470992904,-0.6418225521482392
65,-0.9183300132670379,-1.0,0.8208682562167445,0.8246480409530383,-0.9409585518440985,-0.9183300132670379,-1.0,-0.7977240352174657,0.0,-0.9409585518440985,-0.6117410646100917,-1.0,-0.8014002605584396,-1.0,0.20556456574004975,-1.0,-1.0,-0.5291502622129182
66,-0.010994163200287448,-0.8043373270651887,0.6181410152938861,0.6317688805246882,-0.7613538164994015,-0.7803531877036156,-0.8117583080011201,-0.5807771406596256,0.7294044967367779,-0.5341952377484338,-0.3496775039672226,-0.7283727051043888,-0.5227889084350266,-0.8364831006887095,-0.5640299810180939,-0.3884568534185165,-0.8378081687705664,-0.12441563397555058
67,-0.8910488566159641,-0.8086184406888138,0.841532016024845,0.8125962835358995,-0.880310700813589,-0.8942581717371103,-0.870822449719126,-0.7375981026980105,-0.3529107601533369,-0.864911199063961,-0.3666069407373825,-0.9022747532046941,-0.8904373798508259,-0.8638609223859454,-0.8356150488807791,-0.7804767564292371,-0.8832833465540538,-0.45938261594307706
68,-0.8941862170561341,-0.9104317143234881,0.7305377203324559,0.46380562457107244,-0.9106415671583871,-0.9206165331136587,-0.8911074133131133,-0.4876469889694577,0.7902045611326478,-0.5041695945863137,0.41117060085747853,-0.895695175373667,-0.8639705201562732,-0.8941862170561341,0.4302568787455938,-0.6174231151145041,-0.9206165331136587,-0.5783646198754542
69,-0.8942486695830099,-0.8829999933952446,0.5444770091702207,0.7075869103232711,-0.9054456651157661,-0.8538078053045549,-0.9119038425106558,-0.9179054707329724,0.19655819485154688,-0.8678389707364755,-0.7053688775242883,-0.9170601918607938,-0.9230502645091602,-0.9778189907786287,-0.6584786955986921,-0.9303720559260237,-0.9218914021035204,-0.7176903729941997
70,-0.8595744166801198,-0.776297585724656,0.8827294611680816,0.7622303782054705,-0.7726902794071846,-0.8391008606247308,-0.8276482570563184,-0.8797360577793892,0.4532321547377849,-0.8134256916013837,-0.8843994653639274,-0.8198983046207505,-0.9179037741038087,-0.7240895589798313,-0.7761429119031709,-0.8340214244172546,-0.7320294593497028,-0.758021964911039
71,-0.8361649897059691,-0.8286205434757928,0.7033425543608404,0.35855718042880624,-0.9703590836467721,-0.7829231211009487,-0.9685082342636198,-0.8077958312708287,-0.14349522424257657,-0.6031134928824617,-0.29227432668956915,-0.940325549045907,-0.8260324683113804,-0.8688822729465226,-0.24450393091193784,-0.7529044848222239,-0.7622241156118864,-0.4755126384962659
72,-0.9570929685568363,-0.9699914981330231,0.7253425452854797,0.8011586182702888,-0.9360026261031437,-0.9577795952670936,-0.9810267992845412,-0.7253651377627078,-0.06317724666675753,-0.920519900451058,-0.6315445896312082,-0.9936269666347806,-0.8244209577697164,-0.9189361491862534,-0.5741276549077974,-0.9597635064857309,-0.8817365926794478,-0.6555600203813303
73,-0.9001939969506534,-0.914985609857309,0.39240437760886654,0.7496745115197136,-0.9200750548065276,-0.9871299618932325,-0.8929287185465143,-0.8425759797669394,-0.42310588533977345,-0.8031406049896481,-0.44194936374431876,-0.9452577666011635,-0.897630443333695,-0.9406466794633783,-0.010099789217900073,-0.7503505708195877,-0.9921489129961794,-0.1888382951429514
74,-0.8433850563464069,-0.802120312776305,0.626853822799554,0.9022477882231866,-0.8747247436691746,-0.9227684233203309,-0.6295837448571607,-0.8300578506470481,0.6342999726770916,-0.9190226967118427,-0.4988229943742349,-0.9521013100222653,-0.890857816656128,-0.8197813584160799,-0.6225309798492091,-0.6864988142186543,-0.8951319656553423,-0.33753204603206616
75,-0.9780437656642755,-0.48852896705321236,0.8192856764755034,0.8271378656562278,-0.6653305440502715,-0.4911880054391378,-0.6996059223117418,-0.8049666473200077,0.41628643855252384,-0.8696818005389161,-0.7375409037307348,-0.8460543843362658,-0.7938004351253509,-1.0,-0.6705966201103164,-0.9686001473169074,-0.9959022186080381,-0.25319108926659006
76,-0.9717705558540686,-0.9507046667285628,0.4739140390657952,0.9763439276600688,-0.913140990602472,-0.9651958190369712,-0.9454495221938233,-0.8462278513818899,-0.1929607542001191,-0.9586467691160865,0.3349935301757592,-0.9607710839373405,-0.8396725977946686,-1.0,-0.7181912920859153,-0.9551294018281934,-0.9849634888414103,-0.6091620729894012
77,-0.9007049854758196,-0.8283182426526119,0.5889551594969538,0.9906533814626581,-0.8487923200268667,-0.8822942331061985,-0.9059169285453232,-0.8510193789138458,-0.1699673171197595,-0.7006107744155372,-0.7872672352067179,-0.9114987347170078,-0.8504279822563217,-0.907985791321097,-0.6886110076800952,-0.8857849422485189,-0.9114987347170078,-0.319519636116142
78,-0.831549955328199,-0.9455459063667893,0.8231405827853552,0.9118095024558265,-0.8760830478727922,-0.8163267322665111,-0.9201524924285083,-0.8199590673427405,0.13218848419558496,-0.9450640764729166,-0.7533138132244085,-0.8893987951333767,-0.9210888432794778,-0.8188661196829791,-0.7666703530801843,-0.9259774612014167,-0.8638802600946324,-0.7862242235902515
79,-0.9135020157738534,-0.8959846175827809,0.7380217058047548,0.7511494136712555,-0.8726466976116033,-0.9207310545717793,-0.9232754560859271,-0.8978100722989745,0.5510776061778297,-0.8974442497257419,-0.8414813107959879,-0.9037186481923019,-0.9015983785034842,-0.987518837086552,-0.3559266459212683,-0.9216261946765959,-0.9365251098394543,-0.8592461665452469
80,-1.0,-1.0,0.5241635954045977,0.98467342253634,-1.0,-0.8997354108424374,-0.9903379376602871,-0.7979374159983896,-0.6347936380926978,-0.9903379376602871,-0.8463404367223989,-1.0,-0.8096462142738134,-1.0,-0.8427967766224767,-1.0,-1.0,-0.714142842854285
81,0.408248290463863,1.0,1.0,0.5,1.0,-0.5,-0.5,0.0,0.0,0.408248290463863,-0.408248290463863,0.0,0.0,-0.5,-0.5,-0.5,-0.5,0.408248290463863
82,-0.9987785206103958,-0.9871030994403317,0.7733618704639396,0.8488386047054032,-0.9946242981973953,-0.9575332375922605,-0.9976960201183146,-0.8540850788376798,-0.4522732154231409,-0.9843381923447663,-0.908587026216885,-0.9999999999999999,-0.8856446209758165,-0.9999999999999999,-0.9259479723532442,-0.9251749403610777,-0.9361574831516638,-0.5820466391646086
83,-0.7274605280862918,-0.8389091895244906,0.12393453928726682,0.2901417919466371,-0.8962069822051468,-0.9928053803045813,-0.9951689688301437,-0.8016996373938107,-0.2658132645379506,-0.8962069822051468,-0.8909451906049783,-0.9879743491347248,-0.8361275172306805,-0.8892118276421006,-0.7906393097843266,-0.9903379376602871,-0.8338771183227709,-0.833400893154573
84,-0.9452441925780806,-0.948375140256391,0.6037205654979101,0.7352926538096466,-0.9667321650558073,-0.9189906671982784,-0.9684977914957629,-0.9541969765429413,-0.0072812575561236065,-0.8383611339148599,-0.8388358358844624,-0.9901879684460666,-0.957706186802801,-0.9941269839183658,-0.8192124409525579,-0.9147078689173908,-0.9202334972634091,-0.7299882503104199
85,-0.9416105767099473,-0.9567776751572175,0.693544030555573,0.8875954835940478,-0.9581231142844961,-0.9400802590560985,-0.9758724492722595,-0.8712652140046491,0.40733853623750893,-0.8974363326416818,-0.8356416137835145,-0.9667176661147527,-0.8957360860519092,-0.9790520432866407,-0.0670536804936967,-0.9118762863975366,-0.9373364140726513,-0.622946766704743
86,-0.9300950663542384,-0.8758558046504981,0.5520302723323525,0.6680463706508789,-0.891149682416685,-0.9336146900194054,-0.9482752309049748,-0.86415566674256,-0.15377451107633827,-0.9122396253456522,-0.893039801493765,-0.9492026271335406,-0.8973743928858351,-0.9463189487965856,-0.8386161203795184,-0.9220465762942266,-0.9625561586523298,-0.7633462377719085
87,0.14907119849998599,-0.6382847385042254,0.0,-0.23306863292670033,-0.560611910581388,0.0,0.0,-0.3034683233153239,0.3034683233153239,-0.5163977794943223,0.560611910581388,-0.560611910581388,-0.5257203720113371,-1.0,-0.6382847385042254,0.0,0.0,0.14907119849998599
88,-0.024785372571522225,-0.47835065331527704,0.01762177394177119,-0.49325223652510963,-0.47835065331527704,-0.6638452233504908,-0.47835065331527704,-0.39073298085760366,-0.5148798765732683,-0.34166648095653973,-0.030803584101922913,-0.5404561160153729,-0.5582521647976822,-0.18213282008696677,-0.34156573289981035,-0.299972716884183,-0.6638452233504908,-0.2126891393754388
89,-0.895311254802931,-0.797490867481751,0.645414226938124,0.703827368786552,-0.9007672068843752,-0.8241942209735771,-0.8787860474573451,-0.8033885725391762,0.6302898872106195,-0.6610431975316369,-0.44071804173283546,-0.9505654294509386,-0.8172833655051294,-0.9369847188390183,-0.11225222298263758,-0.6885793507951535,-0.8707218823330893,-0.4808234019681238
90,-0.9547955429448246,-0.918379423472545,0.596950734371394,0.5806499548851759,-0.9340333734220929,-0.9413774845012236,-0.9010079514780971,-0.9270758042796675,0.5926311949940224,-0.970178608971046,-0.8497691916028348,-0.8958305783758903,-0.9275074137247084,-1.0,0.009732371861551242,-0.8783224879626016,-0.9841568470556855,-0.43898382360917215
91,-0.6831300510639734,-0.6831300510639734,0.0822391939658615,0.2984810028978546,-0.6627334956636114,-0.5908548169882936,-0.6595084960109914,-0.7163254650964893,0.3155242550986462,-0.7455751826215627,-0.3527668414752788,-0.8284168695795141,-0.789688557481601,-0.6915566433897867,-0.5185449728701349,-0.731372449834801,-0.8204126541423671,-0.25584085962673253
92,-0.91684967601647,-0.978713553878169,0.7511671854171141,0.6670726756605085,-0.9343531843023135,-0.978713553878169,-0.9855041562276121,-0.8895899728158351,-0.2913381328213802,-0.9343531843023135,-0.8019156930097631,-0.9343531843023135,-0.8740143984641406,-0.9343531843023135,-0.7842108005224201,-0.91684967601647,-0.9855041562276121,-0.7013737268464624
93,-0.8365435613740002,-0.8884449096744537,0.11424506133335002,-0.3654279852482777,-0.8420619021216784,-0.8253509342830603,-0.7923736859233186,-0.8566900313878871,0.407536462803523,-0.8831343746156953,-0.712007156702431,-0.9481324094416371,-0.7921896725631907,-0.8419497494388022,-0.4128519554962603,-0.9073167632320207,-0.3132634170389165,-0.6920415836376145
94,-0.9839450412474936,-0.8550413842645983,0.541345770787997,0.45969240635900727,-0.7076244585058071,-0.8868829058271771,-0.9712954727310268,-0.8783158258631119,0.3914383847275801,-0.8239879750764034,-0.0630552927213,-0.7944743745909065,-0.8428464894554417,-0.9762166602533728,-0.2191035612549016,-0.9525633670033496,-0.9849218506831177,0.09374164807165121
95,-0.7991960528689693,-0.9927125385287155,0.8743681659261479,0.9460400764466796,-0.9907561867651189,-0.9858509496720688,-0.9164121284372744,-0.9011736786691669,-0.09702600190864863,-0.8169023954349232,-0.7984979635490166,-0.9027506682355334,-0.878356627164302,-0.9896508417532942,-0.5672506563892775,-0.8950623319491724,-0.9023148949661065,-0.6527060385270026
96,-0.8866931421154234,-0.9131327143864395,0.37512413511229725,0.45364598592675287,-0.8858666005963531,-0.97077974792787,-0.951341960014006,-0.8058408903303423,0.38012258101672836,-0.7290635987771504,-0.837166276103578,-0.8615304195376933,-0.6836781385212224,-0.97034461182925,-0.6181930223523329,-0.8798343009438493,-0.9190502386367663,-0.8404862967869318
97,-1.0,-0.8761249934776101,0.48428051620184387,0.7599945487460452,-0.8356260803264484,-0.9928053803045813,-0.8997354108424374,-0.7974397936138519,-0.2380149300247135,-0.8331666499966657,-0.7514623222776405,-0.8962069822051468,-0.8138413004619897,-0.9951689688301437,-0.7151684988536031,-0.8441586740793506,-0.9928053803045813,-0.41480691571854883
98,0.0033855284869852564,-0.587723725746646,0.6384110624099196,0.7813865390221304,-0.6947675768096782,-0.8582834334591758,-0.8237548438751104,-0.8246647370582156,-0.12431434592119908,-0.7425198315678646,-0.9267717610946116,-0.6306569278696306,-0.7837384871188797,-0.6667403096078253,-0.7226371981733114,-0.6376674231700086,-0.8714305390680542,-0.5520347692084625
99,-0.9881209662680337,-0.8949389530618782,0.6165550348015986,0.5669152894688595,-0.9523763924860487,-0.9843468648175075,-0.9887000860222261,-0.7848940619944893,0.18501156369918859,-0.9749264470781535,-0.7912512718437447,-0.947332647330626,-0.898475364325827,-0.9864192535578556,-0.555640294024457,-0.9331526063149774,-0.978514697747369,-0.5380674396772009
100,-0.8549819600709618,-0.7753298418327285,0.13408030463079817,0.4075938212388997,-0.8617274844321391,-0.8703882797784892,-0.705642285072797,-0.7912565680749445,0.1655968099737787,-0.7935753932437074,-0.5570484990582332,-0.8288624656799143,-0.4940880140642484,-0.8617274844321391,-0.6073552958589968,-0.6795834670585802,-1.0,0.0
101,-0.8814204879985154,-0.9802013224054248,0.8858649160209358,0.8930970188918331,-0.9272926032442218,-0.9216842735338937,-0.9533913075602709,-0.8368214480542554,0.211391274055953,-0.9243198511275019,-0.6955782971870672,-0.9315680831584716,-0.9079106422077626,-0.9348846003355552,-0.5804668525864611,-0.9140381810147319,-0.9366840238204137,-0.8945665073824874
102,-0.9224637895999802,-0.9561028630234283,0.29583659617519326,0.8499418774679603,-0.9038621769061289,-0.9855041562276121,-0.8834616167376612,-0.871991206145148,0.29066373538171597,-0.8538958888855368,-0.3364830127938191,-0.877054655627946,-0.872999289810137,-1.0,-0.5783661130045105,-0.9628934653728713,-0.9855041562276121,-0.3970600554183545
103,0.0,0.0,0.0,0.0,0.0,0.0,0.0,0.0,0.0,0.0,0.0,0.0,0.0,0.0,0.0,0.0,0.0,0.0
104,-0.9642177101057812,-0.9855041562276121,0.20537658378676424,0.4752757359381273,-0.9855041562276121,-0.9224637895999802,-0.9855041562276121,-0.871991206145148,0.1743982412290296,-0.9157515716084622,-0.7530247610971345,-0.910574394897647,-0.871991206145148,-0.978713553878169,-0.3370477833830928,-0.7284595159181176,-0.9224637895999802,-0.18337814238609954
105,-0.9922843650996964,-0.573895959560744,0.3338734000358574,0.3382565549630166,-0.7791732461880436,-0.9226905679178075,-0.30052038200428277,-0.7581089392502489,-0.4762311630555459,-0.3665956971523308,-0.23674535066230018,-0.9892750914400996,-0.767523881616904,-0.997417335717669,-0.49771779869497335,-0.8201648036931155,-0.9186143860266895,-0.2112776093917071
106,-0.98467342253634,-0.9903379376602871,0.9856107606091624,0.8593378488473195,-0.9903379376602871,-0.9856107606091624,-1.0,-0.8138413004619897,-0.7934920476158722,-1.0,-0.43461349368017654,-1.0,-0.7934920476158722,-0.9903379376602871,-0.13836236534601506,-0.9856107606091624,-0.3872983346207417,-0.5885703818063075
107,-0.816496580927726,-0.22237479499833038,0.6768020406135381,0.5715476066494082,-0.642416074439621,-0.6400757530925302,-0.8660254037844386,-0.7598766434465316,-0.15975241260567344,-0.26207120918047955,0.07669649888473704,-0.7906659377718414,-0.8207293546575958,-0.9185586535436917,-0.8770580193070292,-0.7514691493021793,-0.408248290463863,-0.2987189956264626
108,-0.9126299419380265,-0.8966776324462462,0.7032355249037334,0.8790372322420343,-0.9608592321150069,-0.8967972643105279,-0.8615293998655476,-0.6684483345747211,0.27043075128690447,-0.9009154622583725,-0.8813563155841361,-0.897653201074954,-0.7478561435784897,-0.9384473554519763,0.038194549874291314,-0.8734122338725526,-0.8861698796117329,-0.5143433084846357
109,-0.8439829241262861,-0.6335338960220718,0.4010121991099909,0.618465843842649,-0.7838858332919127,-0.8214642598774298,-0.9856107606091624,-0.714142842854285,-0.17244010904214035,-0.8296584903120985,0.11266476487123439,-0.8425048538807787,-0.5316265290759012,-0.8997354108424374,0.37880995942220225,-0.9191186897335888,-0.5598237976591864,-0.2133670160840001
110,-0.7726028588309798,-0.9376792132023035,0.2767665424587008,0.031474473140073886,-0.8983343647951291,-0.7239226312638275,-0.7960650673204711,-0.7334988692046015,0.19443982608253826,-0.8054528274499974,-0.865929703740441,-0.7404243455348716,-0.7272081868108357,-0.8930239448325288,-0.5206983582788933,-0.8404262803273791,-0.8200085893167683,-0.7938375942457161
111,-0.8496617760555312,-0.7843137254901961,0.9424819839382049,0.5098039215686274,-0.9337145191092148,-0.9527699174583824,-0.9074852129730301,-0.8574929257125442,-0.7767356373806173,-0.7767356373806173,-0.9424819839382049,-0.9424819839382049,-0.8874245216579991,-0.8078417005184614,-0.8574929257125442,-0.9617163101410254,-0.9019607843137253,-0.140028008402801
112,-0.9694431092920115,-0.9116725015517029,0.9851825148803195,0.8042670415817211,-0.8696412993997019,-0.9116725015517029,-0.9116725015517029,-0.9851825148803195,0.7321453817048336,-0.8287025910766764,-0.7061710593029292,-0.9243816034223554,-0.9851825148803195,-0.8946983055367548,-0.24897045166428633,-0.8230983954627917,-0.9243816034223554,0.0
113,-0.7737720286855299,-0.6626150151005789,-0.12925032498419445,-0.1813193655646498,-0.6340693357921259,-0.31603578869008403,-0.5831012132885095,-0.49674499252547566,-0.18095045497787224,-0.8257903163282545,0.01987845045301737,-0.6351931356955167,-0.5040762674383583,-0.8113673800691724,-0.31142905709727203,-0.773972602739726,-0.5831012132885095,0.0
114,-0.8649232441898311,-0.9999999999999999,0.5948955245400722,0.6687050915868809,-0.8003425115593553,-0.870388279778489,-0.9999999999999999,-0.6963106238227912,0.3481553119113956,-0.870388279778489,-0.25989971328456757,-0.9999999999999999,-0.8003425115593553,-0.9999999999999999,-0.29494897427831784,-0.7302967433402215,-0.9898979485566356,-0.8771962831773775
115,-0.9166666666666666,-0.8111071056538127,0.8462936259914308,0.9544412400786058,-0.8111071056538127,-0.8988856845230501,-0.8055555555555555,-0.6488856845230502,0.18024602347862506,-0.7907380704358752,-0.39921196921142343,-0.8799983978170806,-0.7029594915666377,-0.970956976391759,-0.5178994543646576,-0.026110865773348233,-0.970956976391759,-0.18633899812498247
116,-1.0,-0.15550888174769317,-0.3509336990190983,-0.29277002188455997,0.18898223650461363,0.0,0.0,0.27854300726557785,-0.5570860145311557,-1.0,0.0,-1.0,0.14433756729740643,-1.0,0.5773268353539885,-0.23283571710168177,-0.5,0.5
117,0.5477225575051661,-1.0,-0.15954480704349314,-0.8366600265340757,-0.8819171036881969,-0.17445567519772937,-0.7302967433402214,0.3281650616569468,-0.15954480704349314,-0.8819171036881969,-0.2581988897471611,-0.8819171036881969,-0.6563301233138936,0.5477225575051661,-0.828416869579514,-0.6693280212272606,-0.39999999999999997,-0.5477225575051661
118,-0.7171371656006362,0.0,0.6320265061852989,0.6360650553039009,-0.7378647873726218,-0.6324555320336758,-0.9014978717104175,-0.9239364353597955,0.9239364353597955,-0.23904572186687872,-0.5428571428571428,-1.0,-0.8471844657377412,-0.9578414886923187,0.406578556307363,-0.8857142857142855,-0.6486616257818129,-0.27105237087157535
119,-0.5056588829876425,0.18391962913260815,-0.03370600353877946,0.053293871002119304,-0.2697030922349961,-0.9999999999999999,-0.18391962913260815,-0.5718894184585481,-0.7325764854945768,-0.32364633347207,0.5268888299857712,-0.5337877801730354,-0.4704186801929588,-0.5056588829876425,-0.1184949538956635,-0.18391962913260815,-0.7253454132997471,-0.7253454132997471
120,-0.9792032878480231,-0.9584065756960463,0.6155669242116595,0.6155669242116595,-0.9584065756960463,-0.2727272727272727,-0.9792032878480231,-0.9584065756960463,-0.06278172029468156,-0.6155669242116595,-0.2727272727272727,-0.9584065756960463,-0.9584065756960463,-0.9792032878480231,1.0,-0.8463091887962275,-0.6363636363636364,-0.2727272727272727
121,-0.9258200997725514,-0.5285714285714286,0.41953227051959424,0.6306697716731441,-0.6306697716731441,-0.3637164117551463,-0.8964214570007951,-0.8711400676249502,0.7919455160226819,-0.7554110090299191,0.554865261009786,-0.6829877767625105,-0.9239364353597955,-0.8964214570007951,-0.3899738016888014,-0.8964214570007951,-0.6306697716731441,0.09035079029052512
122,-0.8947368421052632,-0.7856119806984978,-0.02159343495341217,0.9473684210526315,-0.9733285267845753,-0.9103780307713449,-0.8111399430283022,-0.8947368421052632,0.605263157894737,-0.8178078113321584,-0.5849821154944601,-0.9733285267845753,-0.8947368421052632,-0.8142846880852271,-0.44426165831931924,-0.8215695927961294,-0.8142846880852271,-0.27948476262730004
123,-0.8986761859184458,-0.9720775535473554,0.5466413654495321,0.8223991787787984,-0.8986761859184458,-0.9720775535473554,-0.9265986323710905,-0.7757345746510897,0.2460537057286603,-0.9720775535473554,-0.4265986323710905,-1.0,-0.7757345746510897,-0.8986761859184458,-0.5935461424415298,-0.9265986323710905,-0.9720775535473554,-0.8171236166328255
124,-0.526274960254693,-0.3098386676965934,0.3133397807202561,0.9797958971132713,-0.3098386676965934,-0.5786364923203537,-0.1549193338482967,-0.3988944831117509,-0.1044465935734187,-0.7769939221529774,-0.5843008455732588,-0.64799108414473,-0.40618119722996154,-0.5786364923203539,-0.05576014401740394,-0.9399319657044237,-0.526274960254693,0.5213444305951495
125,-0.8699539289814233,-0.9824027820252503,0.9824027820252503,1.0,-0.6391846982121925,-0.40841546744296175,-0.9824027820252503,0.9824027820252503,0.05932585894832722,-0.9824027820252503,0.28389222486473054,-0.9824027820252503,-1.0,-0.6391846982121925,0.6923076923076923,-0.6391846982121925,-0.6391846982121925,0.46153846153846156
126,-0.8263342440128468,-0.9285793516803281,-0.30000000000000004,0.16666666666666666,-0.6886171275731506,-0.8263342440128466,-0.9393364366277245,-0.789372568411442,-0.5009794328681196,-0.9146174266284719,0.6267312946227962,-0.462601355085649,-0.8767140075192095,-0.8650151790639553,-0.3333333333333334,-0.9036961141150641,-0.9285793516803281,0.0
127,-0.5086365892750098,-0.7948774759706975,0.48989794855663565,0.6100973459484286,-0.6963106238227912,-0.8529805141829193,-0.8003425115593553,-0.8529805141829193,-0.80075721739621,-0.9949489742783179,0.6924973060341936,-0.6963106238227912,-0.8355727485873494,-0.6963106238227912,-0.8594582086011732,-0.2611164839335467,-0.6908455882341332,-0.7745966692414834
128,-0.5267263144834733,-0.4306997598153763,0.15753424657534246,0.4306997598153763,-0.7242486824147758,-0.4564683715098965,-0.8822665767598178,-0.40067600745100274,0.4782262024415194,-0.11704114719613057,-0.7225441268328878,-0.8822665767598178,-0.6333265924225528,-0.732876712328767,-0.09397878236968459,-0.8680256697817583,-0.6372240236233776,-0.5601254901529106
129,-0.05716619504750294,-0.18102628431709267,-0.5095246653650681,-0.77174363314129,-0.5274365368568267,-0.6821865008193588,-0.16823164622761336,-0.4036867138796656,0.6238794669049378,0.7607257743127308,0.20786985482077452,-0.46657847491180815,-0.4036867138796656,-0.12038585308576923,-0.5578655678293359,-0.3347193406976015,-0.7024428275140447,-0.48686449556014766
130,-0.7782315490768713,-1.0,0.23233225085219242,0.5892556509887896,0.24531465392503735,-0.9866642633922875,-0.9583333333333333,-0.9866642633922875,-0.3244428422615251,-0.9124789556921528,-0.8991432190844403,-0.6767766952966369,-1.0,-0.8310113295832983,-0.42675180329355245,-0.9564354645876385,-0.9866642633922875,0.15214515486254615
131,-0.82984727853911,-0.9740609667784471,0.3987927259140154,0.6045178467098631,-0.9740609667784471,-0.9802202067962559,-1.0,-0.8250166406930856,-0.2038866469431441,-0.9740609667784471,-0.7517036420701938,-0.82984727853911,-0.8250166406930856,-1.0,-0.4260064336151292,-1.0,-0.6300698220863178,-0.2749859704614351
132,-0.26688025634181184,-0.056343616981901094,0.3736323588785367,0.5048267902790239,-0.1690308509457033,-0.132592880695955,0.3651483716701107,-0.9370425713316364,0.6767529681839596,-0.5050762722761054,-0.6236095644623236,0.0,-0.9370425713316364,-0.2672612419124244,-0.9428090415820632,-0.17817416127494956,-0.5443310539518174,-0.17817416127494956
133,-0.11429089766391891,-0.17405028310295284,0.7238423518714866,0.30774921924512816,-0.3654521978535897,-0.04808581550705127,-0.3992918259420683,-0.7779111759054681,-0.09260847332207953,-0.07088448586497093,-0.4807619738204117,-0.43543327031339285,0.07408677865766362,-0.43543327031339285,-0.2734115883363165,-0.16252721107440024,-0.48758163322320075,-0.3147325908983449
134,-0.6458308465163966,-0.7776358097964187,0.938068509243688,0.8030540135377238,-0.7893966110735098,-0.6458308465163966,-0.8030540135377238,-0.16454135493308122,-0.5835675956362205,-0.8030540135377238,-0.22680460581325723,-0.4444444444444444,-0.5835675956362205,-0.9515949606529317,-0.6712490502577018,-0.6458308465163966,-0.4190262407031393,-0.22680460581325723
135,-0.5829527945331604,-0.9999999999999999,0.35835114776662474,0.5547876419749113,-0.8594582086011732,-0.6687050915868809,-0.870388279778489,-0.870388279778489,-0.08703882797784888,-0.7302967433402215,0.3833836181542783,-0.8003425115593553,-0.870388279778489,-0.43817804600413285,0.7044400360411055,0.18721394735935526,-0.8649232441898311,-0.38409612531504395
136,-1.0,-0.6666666666666666,0.36082123151199885,-0.5206175244758853,-0.6666666666666666,-0.6666666666666666,-0.6666666666666666,-0.6329867584879075,0.49690399499995325,-0.6666666666666666,0.0,-0.408248290463863,-0.24845199749997662,-0.6666666666666666,0.02371352947593207,-0.13608276348795434,-0.6666666666666666,0.3333333333333333
137,-0.9673194523326077,-1.0,0.9673194523326077,1.0,-1.0,-1.0,0.0,-0.9673194523326077,0.9673194523326077,-0.9673194523326077,-0.329914439536929,-0.7584858681083576,-0.9673194523326077,-0.42857142857142855,-1.0,-0.42857142857142855,0.0,-0.42857142857142855
138,-0.8771962831773773,-0.23237900077244503,0.8472983346207418,0.8472983346207418,-0.8246426774100336,-0.5829527945331604,-0.7745966692414834,-0.4874174366759539,-0.034815531191139566,-0.7302967433402215,0.20843413711130676,-0.8771962831773773,-0.3481553119113956,-0.8771962831773773,0.8771962831773773,-0.11547005383792515,-0.8771962831773773,-0.20843413711130676
139,-0.9515949606529317,-0.9261767569116264,0.7597656748456401,0.1690501720694957,-0.9261767569116264,-0.9515949606529317,-1.0,-0.8950595031410072,0.44855818727918995,-0.9515949606529317,-0.10352166562499027,-1.0,-0.7233794162584617,-1.0,-0.9261767569116264,-0.7769740318011726,-1.0,-0.1690501720694957
140,-0.945544330734548,-1.0,0.945544330734548,1.0,-0.9303270728991491,-0.945544330734548,-0.945544330734548,-0.5601090242997164,-0.9303270728991491,-0.945544330734548,0.0,-1.0,-0.9303270728991491,-0.945544330734548,-0.945544330734548,-0.945544330734548,-0.7916666666666667,-0.375
141,-0.8901981971385245,-0.9660917830792959,1.0,1.0,-0.8901981971385245,-0.7200822998230956,-0.9660917830792959,-0.881917103688197,-0.881917103688197,-0.9660917830792959,0.0,-0.8901981971385245,-0.881917103688197,-0.9165151389911681,-0.756237677477525,-0.9660917830792959,-0.7200822998230956,-0.7302967433402214
142,-0.6546536707079771,0.0,-0.1307440900921227,1.0,-0.13801311186847082,0.33333333333333337,0.0,-0.7745966692414835,0.5132002392796673,0.0,0.5443310539518172,-0.6546536707079771,-0.25660011963983365,0.0,0.0,0.33333333333333337,0.0,-0.26666666666666666
143,0.5364919027495768,0.0,0.832788199045873,0.18144368465060579,0.73965047216582,0.0,0.6975463186143743,-0.9259259259259259,0.6296296296296298,-0.906862273119947,0.494387749198131,-0.09072184232530289,-0.9259259259259259,-0.09072184232530289,0.4814814814814816,0.0,0.0,-0.777777777777778
144,-0.6666666666666666,-1.0,-0.6481812160876685,-0.6481812160876685,-0.9166666666666666,-0.75,0.0,-0.9733285267845753,0.37851664930511264,-0.8249579113843055,0.0,0.0,-0.8111071056538128,-0.9128709291752768,-0.9128709291752768,-0.7607257743127307,-0.7453559924999299,-0.18633899812498247
145,-0.7905694150420949,-0.9999999999999999,0.9214426752509268,0.8854377448471463,-0.34156502553198653,-0.8292984077258342,-0.8666666666666666,-0.8140915784106942,-0.8292984077258342,-0.8140915784106942,-0.09486832980505137,-0.7905694150420949,-0.9128709291752769,-0.8999999999999998,0.45184805705753195,-0.8140915784106942,-0.8999999999999998,-0.8666666666666666
146,-0.5868264986118146,-0.38056536091195475,0.5113219324869105,0.6288403162253392,-0.4839852137493787,-0.5458774039928,-0.16676568252940124,-0.24109897932754049,0.3165583100312758,-0.34616922965123703,0.39483273081585984,-0.30024187877943326,-0.1870751779448497,-0.22305304174842203,-0.39624858094416104,-0.3722270363758984,-0.2235542863264593,0.06365226523310155
147,0.0,0.7607257743127307,0.7607257743127307,0.7607257743127307,-0.18633899812498247,0.18633899812498247,0.7607257743127307,-0.5407380704358752,0.5407380704358752,0.7607257743127307,0.75,-0.75,0.5407380704358752,0.0,-0.7607257743127307,0.5407380704358752,0.75,0.0
148,-0.8091490729410944,-0.7109926364222744,0.5125639341607068,0.6475792844341288,-0.8351196147354935,-0.9136070247824852,-0.375355290881817,-0.8202496017973394,-0.05593114122070516,-0.7853548702344955,-0.44090407431843387,-0.28319907187413057,-0.7385598262626356,-0.9008128537545776,-0.628290241363724,-0.4434270446519586,-0.9218763043283118,-0.262162772224201
149,-0.8711613663338708,-0.8504895465229382,0.7892106043447147,0.8569743594906143,-0.7784772893153277,-0.8340051981997323,-0.7039145141885503,-0.8092145779219161,-0.6630166264852956,-0.7856162393763514,-0.3042111316957163,-0.735188027433162,-0.8246469927462109,-0.8760895727954954,-0.6986231299161796,-0.723805851959151,-0.7384182257784447,-0.3890577282956924
150,-0.9861135953159492,-0.6204996998237082,0.4343594929679512,0.27025913688394965,-0.617890084729603,-0.7995865780945214,-0.718405386000524,-0.35540214014813715,-0.12648109719033032,-0.7249871719077333,0.3307357195351717,-0.7655172797542591,-0.4987486561195777,-0.9861135953159492,-0.3150262988849144,-0.6198616965831252,-0.5954320065329114,0.3339088591308897
151,-0.9362017475364262,-0.8125553519306112,0.8370675063094136,0.8798776447443339,-0.8028820573481831,-0.9770299175698455,-0.9061037349326698,-0.7349830112597495,0.07427541151380607,-0.8887608763340824,-0.12618293215161294,-0.8900403813131604,-0.7771385464188322,-0.919088532895956,0.12067605338342828,-0.8842301961643158,-0.9362017475364262,-0.4968547277889479
152,-0.7705930549642076,-0.693971104308263,0.7511214610680972,0.23486804272803496,-0.9820095686581879,-0.6106454745488237,-0.9378380923870356,-0.5624573961346652,-0.18027391674697418,-0.7946584172111668,-0.27605467315293564,-0.9857438963368186,-0.37444790486752316,-0.8886537038091781,0.2787641583852972,-0.8751710139832164,-0.7798017727904923,-0.37739294188389794
153,-0.6016212005062729,-0.6764109758847966,0.8233747907135608,0.598205087807995,-0.5382772920169835,-0.20264587157117211,-0.8720015566995025,-0.2764930162391785,0.1703878252890294,-0.6810498393016504,-0.5225512601116514,-0.8485604361130666,-0.28910132035064456,-0.386204911126633,0.2252653598025172,-0.9881453018440055,-0.7468159340555643,-0.4926843268023961
154,-0.7477226599102202,-0.7182310717770639,0.860554484596101,0.9372011743493973,-0.7758271404683501,-0.6915578767631704,-0.838804560124488,-0.6736994685262705,0.3674682100851026,-0.8909031343667779,-0.11957781529859783,-0.8303400055154786,-0.759604382437103,-0.8714140479227146,0.2179734682707426,-0.9182523735388196,-0.8613447365006461,-0.11961402500578906
155,-0.8054807008698261,-0.6006190668467074,0.3972635875784271,0.5074406786964424,-0.6406754412419499,-0.5884861374583726,-0.3349912795328033,-0.7399397969039758,0.33401315224894884,-0.5854621675888401,-0.5818887198332094,-0.5569631829093812,-0.6424116665414394,-0.6920223774038514,-0.3519346082526746,-0.08331406947459379,-0.6844577745374015,-0.5332833310825624
156,-0.7364499605208557,-0.8301372961131024,0.3256034972788154,0.3275927866161358,-0.689089963049098,-0.6899069217676007,-0.8006380862219732,-0.8591649686889474,-0.12193174527315156,-0.6728079375594057,0.06838997131214078,-0.7751519111029083,-0.7096132260761706,-0.7995347231086918,-0.2694819300654062,-0.8058559119876552,-0.926801603541616,-0.6709250843621348
157,-0.9442041177508648,-0.8861370105565374,0.948825670663302,0.9249254412717398,-0.9515311587562101,-0.94015342747196,-0.7970175185104045,-0.9245881363528836,0.5288928864385158,-0.8665379577281908,-0.43296463367494853,-0.8857375000516019,-0.9223579524444684,-0.8911356487030918,-0.6220205023544189,-0.8489813538776664,-0.8363160201250841,-0.32274861218395146
158,-0.7507816989647466,-0.7642069867605438,0.15582461410461512,-0.003579931389543713,-0.7154008586356148,-0.7486476337927744,-0.8837419782194701,-0.7162675574752794,-0.05165661031414914,-0.7914587896925521,-0.10837093082984742,-0.8142276961646384,-0.7482315261408568,-0.7727470253977783,-0.34584633683844224,-0.7363939307787052,-0.767925207845476,-0.5349616738132723
159,-0.5909090909090909,-0.5909090909090909,0.40939382724355283,0.3551902537593944,-1.0,-0.3551902537593944,-0.5909090909090909,-0.44514903425282454,-0.03670343720205043,-0.5217129782537278,-0.4982982979659264,-0.6370466232385545,-0.5028750875399998,-0.5909090909090909,0.01612001593490563,-0.3551902537593944,-0.3551902537593944,-0.49203014532835865
160,-0.5920798255339617,-0.825549020325529,0.12660903899322754,0.1499960742327366,-0.6341147811071411,-0.7249698731128615,-0.803349810005753,-0.6389172924740428,0.6468762093508063,-0.4646003768173778,-0.7040942175392667,-0.8511195567075711,-0.788983033877707,-0.4716903767523788,-0.19368853164750946,-0.7881905547008381,-0.8762423299628381,0.05448735244956042
161,-0.6413048728052172,-0.6176407834898441,0.5783723530235355,0.6995830842297128,-0.7902682372665117,-0.8579219788100676,-0.797241561045856,-0.7836273774925197,0.004266476986051005,-0.8201513667525188,0.556017554788799,-0.8380512473839762,-0.7717689943752564,-0.5531563944641806,-0.31481677223489934,-0.8233524077859957,-0.9801925340982738,-0.6319617076207361
162,-0.6766070396804721,-0.8296476761208739,-0.280209937786672,0.5923491824304469,-0.7423305107759198,-0.8394490808586802,-0.7600787803948961,-0.5574774857527187,-0.6054190790531405,-0.6659683041630415,-0.6821375779207259,-0.6725372130123174,-0.7038942918394074,-0.07623972209370262,-0.6976842475275759,-0.7964495263799763,-0.9265658055638796,-0.7544813797968543
163,-0.7897687979209718,-0.6085806194501846,0.43259045634870014,0.8616642633922875,-0.6085806194501846,-0.6666666666666666,-0.6085806194501846,-0.8111071056538128,-0.633978176139485,-0.7897687979209718,-0.8333333333333333,-0.6056472460805307,-0.8111071056538128,-0.7897687979209718,-0.8616642633922875,-0.6666666666666666,-0.47175675500872244,0.0
