id,image_id,score
0,000_00.jpg,0.5
0,000_01.jpg,0.8333333333333334
0,000_02.jpg,0.6666666666666666
0,000_03.jpg,0.6666666666666666
0,000_04.jpg,0.5
0,000_05.jpg,0.8333333333333334
0,000_06.jpg,0.5
0,000_07.jpg,0.5
0,000_08.jpg,0.6666666666666666
0,000_09.jpg,0.5
0,000_10.jpg,0.6666666666666666
0,000_11.jpg,0.5
1,001_00.jpg,0.4
1,001_01.jpg,0.4
1,001_02.jpg,1.0
1,001_03.jpg,1.0
1,001_04.jpg,0.6
1,001_05.jpg,0.6
1,001_06.jpg,0.4
1,001_07.jpg,0.4
1,001_08.jpg,0.0
1,001_09.jpg,0.4
1,001_10.jpg,0.4
2,002_00.jpg,0.875
2,002_01.jpg,0.75
2,002_02.jpg,0.75
2,002_03.jpg,0.875
2,002_04.jpg,0.75
2,002_05.jpg,0.75
2,002_06.jpg,0.75
2,002_07.jpg,0.75
2,002_08.jpg,0.75
2,002_09.jpg,0.75
2,002_10.jpg,0.875
2,002_11.jpg,0.5
2,002_12.jpg,0.5
2,002_13.jpg,0.5
2,002_14.jpg,0.5
2,002_15.jpg,0.5
2,002_16.jpg,0.375
2,002_17.jpg,0.25
2,002_18.jpg,0.375
2,002_19.jpg,0.375
2,002_20.jpg,0.25
2,002_21.jpg,0.5
3,003_00.jpg,0.3333333333333333
3,003_01.jpg,0.5
3,003_02.jpg,0.3333333333333333
3,003_03.jpg,0.5
3,003_04.jpg,0.3333333333333333
3,003_05.jpg,0.3333333333333333
3,003_06.jpg,0.16666666666666666
3,003_07.jpg,0.3333333333333333
3,003_08.jpg,0.16666666666666666
3,003_09.jpg,0.3333333333333333
3,003_10.jpg,0.16666666666666666
4,004_00.jpg,0.6
4,004_01.jpg,0.8
4,004_02.jpg,0.8
4,004_03.jpg,1.0
4,004_04.jpg,0.6
4,004_05.jpg,0.8
4,004_06.jpg,1.0
4,004_07.jpg,1.0
4,004_08.jpg,0.8
4,004_09.jpg,0.8
4,004_10.jpg,0.6
4,004_11.jpg,0.8
4,004_12.jpg,0.4
4,004_13.jpg,0.6
5,005_00.jpg,0.6
5,005_01.jpg,0.6
5,005_02.jpg,0.6
5,005_03.jpg,0.4
5,005_04.jpg,0.4
5,005_05.jpg,0.0
5,005_06.jpg,0.2
5,005_07.jpg,0.2
5,005_08.jpg,0.2
5,005_09.jpg,0.2
5,005_10.jpg,0.6
5,005_11.jpg,0.6
5,005_12.jpg,0.6
5,005_13.jpg,0.4
5,005_14.jpg,0.4
5,005_15.jpg,0.2
5,005_16.jpg,0.2
5,005_17.jpg,0.2
5,005_18.jpg,0.2
5,005_19.jpg,0.2
5,005_20.jpg,0.2
5,005_21.jpg,0.2
5,005_22.jpg,0.2
5,005_23.jpg,0.6
5,005_24.jpg,0.0
5,005_25.jpg,0.0
5,005_26.jpg,0.0
5,005_27.jpg,0.0
5,005_28.jpg,0.6
5,005_29.jpg,0.2
5,005_30.jpg,0.0
5,005_31.jpg,0.4
6,006_00.jpg,0.75
6,006_01.jpg,0.25
6,006_02.jpg,0.25
6,006_03.jpg,0.5
6,006_04.jpg,0.5
6,006_05.jpg,0.375
6,006_06.jpg,0.375
6,006_07.jpg,0.25
6,006_08.jpg,0.25
6,006_09.jpg,0.25
6,006_10.jpg,0.375
6,006_11.jpg,0.25
6,006_12.jpg,0.0
6,006_13.jpg,0.0
6,006_14.jpg,0.125
6,006_15.jpg,0.0
6,006_16.jpg,0.125
6,006_17.jpg,0.25
6,006_18.jpg,0.125
6,006_19.jpg,0.125
7,007_00.jpg,0.75
7,007_01.jpg,0.5
7,007_02.jpg,0.75
7,007_03.jpg,0.5
7,007_04.jpg,0.5
7,007_05.jpg,0.625
7,007_06.jpg,0.5
7,007_07.jpg,0.5
7,007_08.jpg,0.5
7,007_09.jpg,0.375
7,007_10.jpg,0.625
7,007_11.jpg,0.625
7,007_12.jpg,0.375
7,007_13.jpg,0.375
7,007_14.jpg,0.5
7,007_15.jpg,0.375
7,007_16.jpg,0.5
7,007_17.jpg,0.125
7,007_18.jpg,0.625
7,007_19.jpg,0.375
7,007_20.jpg,0.375
7,007_21.jpg,0.25
7,007_22.jpg,0.375
7,007_23.jpg,0.375
7,007_24.jpg,0.75
7,007_25.jpg,0.625
7,007_26.jpg,0.375
7,007_27.jpg,0.5
7,007_28.jpg,0.625
8,008_00.jpg,0.5
8,008_01.jpg,0.3333333333333333
8,008_02.jpg,0.0
8,008_03.jpg,0.3333333333333333
8,008_04.jpg,0.0
8,008_05.jpg,0.16666666666666666
8,008_06.jpg,0.5
8,008_07.jpg,0.3333333333333333
8,008_08.jpg,0.16666666666666666
8,008_09.jpg,0.5
8,008_10.jpg,0.16666666666666666
8,008_11.jpg,0.16666666666666666
8,008_12.jpg,0.3333333333333333
8,008_13.jpg,0.5
8,008_14.jpg,0.3333333333333333
8,008_15.jpg,0.16666666666666666
8,008_16.jpg,0.0
8,008_17.jpg,0.0
8,008_18.jpg,0.0
8,008_19.jpg,0.5
8,008_20.jpg,0.3333333333333333
8,008_21.jpg,0.16666666666666666
8,008_22.jpg,0.16666666666666666
8,008_23.jpg,0.0
8,008_24.jpg,0.0
8,008_25.jpg,0.0
8,008_26.jpg,0.0
8,008_27.jpg,0.3333333333333333
8,008_28.jpg,0.16666666666666666
8,008_29.jpg,0.3333333333333333
8,008_30.jpg,0.3333333333333333
8,008_31.jpg,0.16666666666666666
8,008_32.jpg,0.3333333333333333
8,008_33.jpg,0.3333333333333333
8,008_34.jpg,0.16666666666666666
8,008_35.jpg,0.6666666666666666
8,008_36.jpg,0.16666666666666666
8,008_37.jpg,0.0
8,008_38.jpg,0.16666666666666666
8,008_39.jpg,0.5
8,008_40.jpg,0.16666666666666666
8,008_41.jpg,0.0
8,008_42.jpg,0.3333333333333333
8,008_43.jpg,0.3333333333333333
8,008_44.jpg,0.0
8,008_45.jpg,0.3333333333333333
8,008_46.jpg,0.3333333333333333
8,008_47.jpg,0.3333333333333333
8,008_48.jpg,0.3333333333333333
8,008_49.jpg,0.0
8,008_50.jpg,1.0
8,008_51.jpg,0.3333333333333333
8,008_52.jpg,0.0
8,008_53.jpg,0.16666666666666666
9,009_00.jpg,0.75
9,009_01.jpg,0.625
9,009_02.jpg,0.625
9,009_03.jpg,0.875
9,009_04.jpg,0.5
9,009_05.jpg,0.875
9,009_06.jpg,0.625
9,009_07.jpg,0.75
9,009_08.jpg,0.625
9,009_09.jpg,0.75
9,009_10.jpg,0.875
9,009_11.jpg,0.75
9,009_12.jpg,0.5
9,009_13.jpg,0.25
9,009_14.jpg,0.25
9,009_15.jpg,0.625
9,009_16.jpg,0.625
9,009_17.jpg,0.625
9,009_18.jpg,0.375
9,009_19.jpg,0.125
9,009_20.jpg,0.5
9,009_21.jpg,0.625
9,009_22.jpg,0.625
9,009_23.jpg,0.875
9,009_24.jpg,0.625
9,009_25.jpg,1.0
9,009_26.jpg,0.625
9,009_27.jpg,0.625
9,009_28.jpg,0.75
9,009_29.jpg,0.625
9,009_30.jpg,0.875
9,009_31.jpg,0.5
9,009_32.jpg,0.375
9,009_33.jpg,0.0
9,009_34.jpg,0.625
9,009_35.jpg,0.375
9,009_36.jpg,0.5
9,009_37.jpg,0.5
9,009_38.jpg,0.0
9,009_39.jpg,0.625
9,009_40.jpg,0.5
9,009_41.jpg,0.5
9,009_42.jpg,0.5
9,009_43.jpg,0.25
9,009_44.jpg,0.375
9,009_45.jpg,0.375
9,009_46.jpg,0.375
9,009_47.jpg,0.25
9,009_48.jpg,0.375
9,009_49.jpg,0.375
9,009_50.jpg,0.375
9,009_51.jpg,0.5
9,009_52.jpg,0.125
9,009_53.jpg,0.5
9,009_54.jpg,0.375
9,009_55.jpg,0.625
9,009_56.jpg,0.375
9,009_57.jpg,0.0
9,009_58.jpg,0.0
9,009_59.jpg,0.25
9,009_60.jpg,0.5
9,009_61.jpg,0.75
9,009_62.jpg,0.625
9,009_63.jpg,0.5
9,009_64.jpg,0.5
9,009_65.jpg,0.5
9,009_66.jpg,0.5
9,009_67.jpg,0.25
9,009_68.jpg,0.5
9,009_69.jpg,0.25
9,009_70.jpg,0.25
9,009_71.jpg,0.125
9,009_72.jpg,0.125
9,009_73.jpg,0.125
9,009_74.jpg,0.125
9,009_75.jpg,0.0
10,010_00.jpg,0.6666666666666666
10,010_01.jpg,0.5
10,010_02.jpg,0.6666666666666666
10,010_03.jpg,0.8333333333333334
10,010_04.jpg,0.6666666666666666
10,010_05.jpg,0.5
10,010_06.jpg,0.5
10,010_07.jpg,0.6666666666666666
10,010_08.jpg,0.8333333333333334
10,010_09.jpg,0.8333333333333334
10,010_10.jpg,0.5
10,010_11.jpg,0.5
10,010_12.jpg,0.6666666666666666
10,010_13.jpg,0.6666666666666666
10,010_14.jpg,0.5
10,010_15.jpg,0.5
10,010_16.jpg,0.5
10,010_17.jpg,0.5
10,010_18.jpg,0.3333333333333333
10,010_19.jpg,0.16666666666666666
10,010_20.jpg,0.16666666666666666
10,010_21.jpg,0.5
10,010_22.jpg,0.3333333333333333
10,010_23.jpg,0.6666666666666666
10,010_24.jpg,0.5
10,010_25.jpg,0.3333333333333333
10,010_26.jpg,0.16666666666666666
10,010_27.jpg,0.5
10,010_28.jpg,0.3333333333333333
10,010_29.jpg,0.3333333333333333
10,010_30.jpg,0.16666666666666666
10,010_31.jpg,0.3333333333333333
10,010_32.jpg,0.3333333333333333
10,010_33.jpg,0.3333333333333333
10,010_34.jpg,0.16666666666666666
10,010_35.jpg,0.3333333333333333
10,010_36.jpg,0.16666666666666666
10,010_37.jpg,0.16666666666666666
10,010_38.jpg,0.0
10,010_39.jpg,0.3333333333333333
10,010_40.jpg,0.3333333333333333
10,010_41.jpg,0.16666666666666666
10,010_42.jpg,0.16666666666666666
10,010_43.jpg,0.16666666666666666
10,010_44.jpg,0.16666666666666666
10,010_45.jpg,0.0
10,010_46.jpg,0.0
10,010_47.jpg,0.3333333333333333
10,010_48.jpg,0.6666666666666666
10,010_49.jpg,0.3333333333333333
10,010_50.jpg,0.16666666666666666
10,010_51.jpg,0.16666666666666666
11,011_00.jpg,0.8
11,011_01.jpg,0.8
11,011_02.jpg,0.8
11,011_03.jpg,0.8
11,011_04.jpg,0.8
11,011_05.jpg,0.6
11,011_06.jpg,0.8
11,011_07.jpg,0.6
11,011_08.jpg,0.6
11,011_09.jpg,0.6
11,011_10.jpg,0.4
11,011_11.jpg,0.2
11,011_12.jpg,0.4
12,012_00.jpg,0.5714285714285714
12,012_01.jpg,0.42857142857142855
12,012_02.jpg,0.42857142857142855
12,012_03.jpg,0.42857142857142855
12,012_04.jpg,0.42857142857142855
12,012_05.jpg,0.5714285714285714
12,012_06.jpg,0.2857142857142857
12,012_07.jpg,0.2857142857142857
12,012_08.jpg,0.2857142857142857
12,012_09.jpg,0.2857142857142857
12,012_10.jpg,0.2857142857142857
13,013_00.jpg,0.7142857142857143
13,013_01.jpg,0.42857142857142855
13,013_02.jpg,0.2857142857142857
13,013_03.jpg,0.7142857142857143
13,013_04.jpg,0.5714285714285714
13,013_05.jpg,0.5714285714285714
13,013_06.jpg,0.5714285714285714
13,013_07.jpg,0.5714285714285714
13,013_08.jpg,0.42857142857142855
13,013_09.jpg,0.42857142857142855
13,013_10.jpg,0.42857142857142855
13,013_11.jpg,0.14285714285714285
13,013_12.jpg,0.14285714285714285
13,013_13.jpg,0.14285714285714285
13,013_14.jpg,0.42857142857142855
13,013_15.jpg,0.42857142857142855
13,013_16.jpg,0.2857142857142857
13,013_17.jpg,0.2857142857142857
13,013_18.jpg,0.42857142857142855
13,013_19.jpg,0.2857142857142857
13,013_20.jpg,0.2857142857142857
14,014_00.jpg,0.6666666666666666
14,014_01.jpg,1.0
14,014_02.jpg,0.6666666666666666
14,014_03.jpg,0.6666666666666666
14,014_04.jpg,0.6666666666666666
14,014_05.jpg,0.6666666666666666
14,014_06.jpg,0.6666666666666666
14,014_07.jpg,0.3333333333333333
14,014_08.jpg,0.3333333333333333
14,014_09.jpg,0.3333333333333333
14,014_10.jpg,0.6666666666666666
14,014_11.jpg,0.6666666666666666
14,014_12.jpg,0.6666666666666666
14,014_13.jpg,0.6666666666666666
14,014_14.jpg,0.3333333333333333
14,014_15.jpg,0.3333333333333333
14,014_16.jpg,0.3333333333333333
14,014_17.jpg,0.3333333333333333
14,014_18.jpg,0.3333333333333333
14,014_19.jpg,0.3333333333333333
15,015_00.jpg,0.5
15,015_01.jpg,0.5
15,015_02.jpg,0.75
15,015_03.jpg,0.75
15,015_04.jpg,0.625
15,015_05.jpg,0.5
15,015_06.jpg,0.5
15,015_07.jpg,0.5
15,015_08.jpg,0.375
15,015_09.jpg,0.5
15,015_10.jpg,0.625
15,015_11.jpg,0.375
15,015_12.jpg,0.375
15,015_13.jpg,0.5
15,015_14.jpg,0.75
16,016_00.jpg,0.5
16,016_01.jpg,0.6666666666666666
16,016_02.jpg,0.3333333333333333
16,016_03.jpg,0.3333333333333333
16,016_04.jpg,0.3333333333333333
16,016_05.jpg,0.3333333333333333
16,016_06.jpg,0.3333333333333333
16,016_07.jpg,0.16666666666666666
16,016_08.jpg,0.3333333333333333
16,016_09.jpg,0.3333333333333333
16,016_10.jpg,0.5
17,017_00.jpg,0.4
17,017_01.jpg,0.4
17,017_02.jpg,0.3
17,017_03.jpg,0.3
17,017_04.jpg,0.3
17,017_05.jpg,0.2
17,017_06.jpg,0.5
17,017_07.jpg,0.3
17,017_08.jpg,0.4
17,017_09.jpg,0.2
17,017_10.jpg,0.5
17,017_11.jpg,0.5
17,017_12.jpg,0.4
17,017_13.jpg,0.4
17,017_14.jpg,0.1
17,017_15.jpg,0.3
17,017_16.jpg,0.3
17,017_17.jpg,0.5
17,017_18.jpg,0.4
17,017_19.jpg,0.3
17,017_20.jpg,0.4
17,017_21.jpg,0.3
17,017_22.jpg,0.4
17,017_23.jpg,0.3
17,017_24.jpg,0.3
17,017_25.jpg,0.5
17,017_26.jpg,0.3
17,017_27.jpg,0.6
17,017_28.jpg,0.6
17,017_29.jpg,0.4
17,017_30.jpg,0.2
17,017_31.jpg,0.2
17,017_32.jpg,0.3
17,017_33.jpg,0.3
17,017_34.jpg,0.5
17,017_35.jpg,0.3
18,018_00.jpg,0.5555555555555556
18,018_01.jpg,0.4444444444444444
18,018_02.jpg,0.5555555555555556
18,018_03.jpg,0.4444444444444444
18,018_04.jpg,0.5555555555555556
18,018_05.jpg,0.5555555555555556
18,018_06.jpg,0.4444444444444444
18,018_07.jpg,0.4444444444444444
18,018_08.jpg,0.4444444444444444
18,018_09.jpg,0.3333333333333333
18,018_10.jpg,0.4444444444444444
19,019_00.jpg,0.5714285714285714
19,019_01.jpg,0.2857142857142857
19,019_02.jpg,0.5714285714285714
19,019_03.jpg,0.5714285714285714
19,019_04.jpg,0.42857142857142855
19,019_05.jpg,0.42857142857142855
19,019_06.jpg,0.8571428571428571
19,019_07.jpg,0.42857142857142855
19,019_08.jpg,0.2857142857142857
19,019_09.jpg,0.42857142857142855
19,019_10.jpg,0.2857142857142857
19,019_11.jpg,0.2857142857142857
19,019_12.jpg,0.2857142857142857
19,019_13.jpg,0.2857142857142857
19,019_14.jpg,0.42857142857142855
19,019_15.jpg,0.2857142857142857
19,019_16.jpg,0.2857142857142857
19,019_17.jpg,0.2857142857142857
19,019_18.jpg,0.2857142857142857
19,019_19.jpg,0.2857142857142857
19,019_20.jpg,0.42857142857142855
19,019_21.jpg,0.42857142857142855
19,019_22.jpg,0.14285714285714285
19,019_23.jpg,0.5714285714285714
19,019_24.jpg,0.14285714285714285
20,020_00.jpg,0.5
20,020_01.jpg,0.16666666666666666
20,020_02.jpg,0.16666666666666666
20,020_03.jpg,0.16666666666666666
20,020_04.jpg,0.5
20,020_05.jpg,0.3333333333333333
20,020_06.jpg,0.3333333333333333
20,020_07.jpg,0.5
20,020_08.jpg,0.5
21,021_00.jpg,0.75
21,021_01.jpg,0.5
21,021_02.jpg,0.75
21,021_03.jpg,0.625
21,021_04.jpg,0.25
21,021_05.jpg,0.5
21,021_06.jpg,0.375
21,021_07.jpg,0.375
21,021_08.jpg,0.375
21,021_09.jpg,0.375
21,021_10.jpg,0.25
22,022_00.jpg,0.8333333333333334
22,022_01.jpg,0.16666666666666666
22,022_02.jpg,0.5
22,022_03.jpg,0.5
22,022_04.jpg,0.5
22,022_05.jpg,0.8333333333333334
22,022_06.jpg,0.6666666666666666
22,022_07.jpg,0.5
22,022_08.jpg,0.6666666666666666
22,022_09.jpg,0.5
23,023_00.jpg,0.6666666666666666
23,023_01.jpg,0.6666666666666666
23,023_02.jpg,0.6666666666666666
23,023_03.jpg,0.8333333333333334
23,023_04.jpg,0.8333333333333334
23,023_05.jpg,0.5
23,023_06.jpg,0.3333333333333333
23,023_07.jpg,0.16666666666666666
23,023_08.jpg,0.3333333333333333
23,023_09.jpg,0.6666666666666666
23,023_10.jpg,0.3333333333333333
24,024_00.jpg,0.3333333333333333
24,024_01.jpg,0.3333333333333333
24,024_02.jpg,0.3333333333333333
24,024_03.jpg,0.3333333333333333
24,024_04.jpg,0.3333333333333333
24,024_05.jpg,0.3333333333333333
24,024_06.jpg,0.3333333333333333
24,024_07.jpg,0.3333333333333333
24,024_08.jpg,0.6666666666666666
24,024_09.jpg,0.3333333333333333
24,024_10.jpg,0.3333333333333333
25,025_00.jpg,0.5833333333333334
25,025_01.jpg,0.3333333333333333
25,025_02.jpg,0.5
25,025_03.jpg,0.3333333333333333
25,025_04.jpg,0.3333333333333333
25,025_05.jpg,0.4166666666666667
25,025_06.jpg,0.5
25,025_07.jpg,0.4166666666666667
25,025_08.jpg,0.3333333333333333
25,025_09.jpg,0.6666666666666666
25,025_10.jpg,0.5
25,025_11.jpg,0.6666666666666666
25,025_12.jpg,0.6666666666666666
25,025_13.jpg,0.5
25,025_14.jpg,0.5833333333333334
25,025_15.jpg,0.6666666666666666
25,025_16.jpg,0.5
25,025_17.jpg,0.5
25,025_18.jpg,0.3333333333333333
25,025_19.jpg,0.5
25,025_20.jpg,0.5
25,025_21.jpg,0.3333333333333333
25,025_22.jpg,0.4166666666666667
25,025_23.jpg,0.9166666666666666
25,025_24.jpg,0.6666666666666666
25,025_25.jpg,0.5833333333333334
25,025_26.jpg,0.5833333333333334
25,025_27.jpg,0.5833333333333334
26,026_00.jpg,0.0
26,026_01.jpg,0.0
26,026_02.jpg,0.0
26,026_03.jpg,0.3333333333333333
26,026_04.jpg,0.3333333333333333
26,026_05.jpg,0.3333333333333333
27,027_00.jpg,0.5
27,027_01.jpg,0.16666666666666666
27,027_02.jpg,0.16666666666666666
27,027_03.jpg,0.16666666666666666
27,027_04.jpg,0.16666666666666666
27,027_05.jpg,0.3333333333333333
27,027_06.jpg,0.0
27,027_07.jpg,0.16666666666666666
27,027_08.jpg,0.16666666666666666
27,027_09.jpg,0.16666666666666666
27,027_10.jpg,0.16666666666666666
28,028_00.jpg,0.2
28,028_01.jpg,0.2
28,028_02.jpg,0.2
28,028_03.jpg,0.2
28,028_04.jpg,0.6
28,028_05.jpg,0.2
28,028_06.jpg,0.6
28,028_07.jpg,0.6
28,028_08.jpg,0.8
28,028_09.jpg,0.4
28,028_10.jpg,0.6
29,029_00.jpg,0.4
29,029_01.jpg,0.6
29,029_02.jpg,0.0
29,029_03.jpg,0.4
29,029_04.jpg,0.4
29,029_05.jpg,0.4
29,029_06.jpg,0.8
29,029_07.jpg,0.4
29,029_08.jpg,0.4
29,029_09.jpg,0.8
29,029_10.jpg,0.6
30,030_00.jpg,0.8181818181818182
30,030_01.jpg,0.6363636363636364
30,030_02.jpg,0.36363636363636365
30,030_03.jpg,0.8181818181818182
30,030_04.jpg,0.45454545454545453
30,030_05.jpg,0.5454545454545454
30,030_06.jpg,0.45454545454545453
30,030_07.jpg,0.6363636363636364
30,030_08.jpg,0.7272727272727273
30,030_09.jpg,0.7272727272727273
30,030_10.jpg,0.7272727272727273
30,030_11.jpg,0.6363636363636364
30,030_12.jpg,0.7272727272727273
30,030_13.jpg,0.8181818181818182
30,030_14.jpg,0.18181818181818182
30,030_15.jpg,0.45454545454545453
30,030_16.jpg,0.45454545454545453
30,030_17.jpg,0.2727272727272727
30,030_18.jpg,0.45454545454545453
30,030_19.jpg,0.18181818181818182
30,030_20.jpg,0.45454545454545453
30,030_21.jpg,0.36363636363636365
30,030_22.jpg,0.36363636363636365
30,030_23.jpg,0.6363636363636364
30,030_24.jpg,0.7272727272727273
30,030_25.jpg,0.5454545454545454
30,030_26.jpg,0.6363636363636364
30,030_27.jpg,0.36363636363636365
30,030_28.jpg,0.36363636363636365
30,030_29.jpg,0.45454545454545453
30,030_30.jpg,0.2727272727272727
30,030_31.jpg,0.09090909090909091
30,030_32.jpg,0.36363636363636365
30,030_33.jpg,0.09090909090909091
30,030_34.jpg,0.2727272727272727
30,030_35.jpg,0.2727272727272727
30,030_36.jpg,0.2727272727272727
30,030_37.jpg,0.18181818181818182
31,031_00.jpg,0.75
31,031_01.jpg,0.5
31,031_02.jpg,0.5
31,031_03.jpg,0.5
31,031_04.jpg,0.5
31,031_05.jpg,0.5
32,032_00.jpg,1.0
32,032_01.jpg,0.4
32,032_02.jpg,0.6
32,032_03.jpg,0.6
32,032_04.jpg,0.2
32,032_05.jpg,0.6
32,032_06.jpg,0.6
32,032_07.jpg,0.4
32,032_08.jpg,0.6
33,033_00.jpg,0.8333333333333334
33,033_01.jpg,0.5
33,033_02.jpg,0.5
33,033_03.jpg,0.5
33,033_04.jpg,0.3333333333333333
33,033_05.jpg,0.3333333333333333
33,033_06.jpg,0.3333333333333333
33,033_07.jpg,0.3333333333333333
33,033_08.jpg,0.3333333333333333
33,033_09.jpg,0.3333333333333333
34,034_00.jpg,0.6
34,034_01.jpg,0.4
34,034_02.jpg,0.2
34,034_03.jpg,0.0
34,034_04.jpg,0.2
34,034_05.jpg,0.2
34,034_06.jpg,0.2
34,034_07.jpg,0.2
34,034_08.jpg,0.2
34,034_09.jpg,0.2
34,034_10.jpg,0.4
35,035_00.jpg,0.42857142857142855
35,035_01.jpg,0.14285714285714285
35,035_02.jpg,0.14285714285714285
35,035_03.jpg,0.5714285714285714
35,035_04.jpg,0.42857142857142855
35,035_05.jpg,0.2857142857142857
35,035_06.jpg,0.2857142857142857
35,035_07.jpg,0.5714285714285714
35,035_08.jpg,0.5714285714285714
35,035_09.jpg,0.2857142857142857
35,035_10.jpg,0.42857142857142855
36,036_00.jpg,1.0
36,036_01.jpg,0.8
36,036_02.jpg,0.2
36,036_03.jpg,0.6
36,036_04.jpg,0.8
36,036_05.jpg,1.0
36,036_06.jpg,0.6
36,036_07.jpg,0.4
36,036_08.jpg,0.6
37,037_00.jpg,0.8
37,037_01.jpg,0.8
37,037_02.jpg,0.8
37,037_03.jpg,0.8
37,037_04.jpg,0.8
37,037_05.jpg,0.8
37,037_06.jpg,1.0
37,037_07.jpg,0.8
37,037_08.jpg,0.8
37,037_09.jpg,0.8
38,038_00.jpg,0.3333333333333333
38,038_01.jpg,0.16666666666666666
38,038_02.jpg,0.3333333333333333
38,038_03.jpg,0.5
38,038_04.jpg,0.3333333333333333
38,038_05.jpg,0.3333333333333333
38,038_06.jpg,0.3333333333333333
38,038_07.jpg,0.5
38,038_08.jpg,0.5
38,038_09.jpg,0.3333333333333333
39,039_00.jpg,0.7
39,039_01.jpg,0.7
39,039_02.jpg,0.8
39,039_03.jpg,0.4
39,039_04.jpg,0.5
39,039_05.jpg,0.8
39,039_06.jpg,0.5
39,039_07.jpg,0.8
39,039_08.jpg,0.5
39,039_09.jpg,0.6
39,039_10.jpg,0.5
39,039_11.jpg,0.5
39,039_12.jpg,0.4
39,039_13.jpg,0.5
39,039_14.jpg,0.5
39,039_15.jpg,0.5
39,039_16.jpg,0.5
39,039_17.jpg,0.5
39,039_18.jpg,0.6
39,039_19.jpg,0.5
39,039_20.jpg,0.6
39,039_21.jpg,0.4
39,039_22.jpg,0.5
39,039_23.jpg,0.5
39,039_24.jpg,0.2
39,039_25.jpg,0.2
39,039_26.jpg,0.5
39,039_27.jpg,0.5
39,039_28.jpg,0.6
40,040_00.jpg,0.8333333333333334
40,040_01.jpg,0.6666666666666666
40,040_02.jpg,0.6666666666666666
40,040_03.jpg,0.8333333333333334
40,040_04.jpg,0.5
40,040_05.jpg,0.8333333333333334
40,040_06.jpg,0.6666666666666666
40,040_07.jpg,0.8333333333333334
40,040_08.jpg,0.8333333333333334
40,040_09.jpg,0.6666666666666666
40,040_10.jpg,0.8333333333333334
41,041_00.jpg,0.8333333333333334
41,041_01.jpg,0.6666666666666666
41,041_02.jpg,0.5
41,041_03.jpg,0.6666666666666666
41,041_04.jpg,0.6666666666666666
41,041_05.jpg,0.5
41,041_06.jpg,0.5
41,041_07.jpg,0.6666666666666666
41,041_08.jpg,0.5
41,041_09.jpg,0.5
41,041_10.jpg,0.8333333333333334
41,041_11.jpg,0.8333333333333334
41,041_12.jpg,0.8333333333333334
41,041_13.jpg,0.6666666666666666
41,041_14.jpg,0.6666666666666666
41,041_15.jpg,0.5
41,041_16.jpg,0.5
41,041_17.jpg,0.5
41,041_18.jpg,0.16666666666666666
41,041_19.jpg,0.16666666666666666
41,041_20.jpg,0.3333333333333333
41,041_21.jpg,0.16666666666666666
41,041_22.jpg,0.3333333333333333
41,041_23.jpg,0.3333333333333333
41,041_24.jpg,0.3333333333333333
41,041_25.jpg,0.3333333333333333
42,042_00.jpg,0.6666666666666666
42,042_01.jpg,0.5555555555555556
42,042_02.jpg,0.6666666666666666
42,042_03.jpg,0.6666666666666666
42,042_04.jpg,0.6666666666666666
42,042_05.jpg,0.3333333333333333
42,042_06.jpg,0.4444444444444444
42,042_07.jpg,0.5555555555555556
42,042_08.jpg,0.4444444444444444
42,042_09.jpg,0.4444444444444444
42,042_10.jpg,0.8888888888888888
42,042_11.jpg,0.5555555555555556
42,042_12.jpg,0.8888888888888888
42,042_13.jpg,0.4444444444444444
42,042_14.jpg,0.5555555555555556
42,042_15.jpg,0.5555555555555556
42,042_16.jpg,0.5555555555555556
42,042_17.jpg,0.3333333333333333
43,043_00.jpg,1.0
43,043_01.jpg,0.6666666666666666
43,043_02.jpg,0.3333333333333333
43,043_03.jpg,0.6666666666666666
43,043_04.jpg,0.6666666666666666
43,043_05.jpg,0.3333333333333333
44,044_00.jpg,0.42857142857142855
44,044_01.jpg,0.42857142857142855
44,044_02.jpg,0.5714285714285714
44,044_03.jpg,0.42857142857142855
44,044_04.jpg,0.42857142857142855
44,044_05.jpg,0.42857142857142855
44,044_06.jpg,0.2857142857142857
44,044_07.jpg,0.42857142857142855
44,044_08.jpg,0.42857142857142855
44,044_09.jpg,0.14285714285714285
45,045_00.jpg,1.0
45,045_01.jpg,0.8333333333333334
45,045_02.jpg,0.6666666666666666
45,045_03.jpg,1.0
45,045_04.jpg,0.8333333333333334
45,045_05.jpg,1.0
45,045_06.jpg,0.6666666666666666
45,045_07.jpg,0.6666666666666666
45,045_08.jpg,0.5
45,045_09.jpg,0.6666666666666666
45,045_10.jpg,0.3333333333333333
46,046_00.jpg,0.625
46,046_01.jpg,0.625
46,046_02.jpg,0.75
46,046_03.jpg,0.75
46,046_04.jpg,0.75
46,046_05.jpg,0.75
46,046_06.jpg,0.75
46,046_07.jpg,0.625
46,046_08.jpg,0.625
46,046_09.jpg,0.625
46,046_10.jpg,0.625
46,046_11.jpg,0.375
46,046_12.jpg,0.75
46,046_13.jpg,0.5
46,046_14.jpg,0.75
46,046_15.jpg,0.375
46,046_16.jpg,0.625
46,046_17.jpg,0.625
46,046_18.jpg,0.625
46,046_19.jpg,0.75
46,046_20.jpg,1.0
46,046_21.jpg,1.0
46,046_22.jpg,1.0
46,046_23.jpg,0.875
46,046_24.jpg,0.75
46,046_25.jpg,0.625
47,047_00.jpg,0.8
47,047_01.jpg,0.2
47,047_02.jpg,0.4
47,047_03.jpg,0.2
47,047_04.jpg,0.2
47,047_05.jpg,0.2
47,047_06.jpg,0.2
48,048_00.jpg,0.625
48,048_01.jpg,0.375
48,048_02.jpg,0.375
48,048_03.jpg,0.25
48,048_04.jpg,0.375
48,048_05.jpg,0.25
48,048_06.jpg,0.5
48,048_07.jpg,0.375
48,048_08.jpg,0.25
48,048_09.jpg,0.375
48,048_10.jpg,0.375
48,048_11.jpg,0.25
48,048_12.jpg,0.375
48,048_13.jpg,0.5
48,048_14.jpg,0.125
48,048_15.jpg,0.125
48,048_16.jpg,0.0
49,049_00.jpg,0.4
49,049_01.jpg,0.4
49,049_02.jpg,0.6
49,049_03.jpg,0.6
49,049_04.jpg,0.4
49,049_05.jpg,0.4
49,049_06.jpg,0.2
49,049_07.jpg,0.2
49,049_08.jpg,0.4
49,049_09.jpg,0.2
50,050_00.jpg,0.5
50,050_01.jpg,0.6
50,050_02.jpg,0.5
50,050_03.jpg,0.5
50,050_04.jpg,0.8
50,050_05.jpg,0.5
50,050_06.jpg,0.5
50,050_07.jpg,0.7
50,050_08.jpg,0.5
50,050_09.jpg,0.4
50,050_10.jpg,0.5
50,050_11.jpg,0.7
50,050_12.jpg,0.4
50,050_13.jpg,0.5
50,050_14.jpg,0.8
50,050_15.jpg,0.6
50,050_16.jpg,0.5
50,050_17.jpg,0.5
50,050_18.jpg,0.6
50,050_19.jpg,0.8
50,050_20.jpg,0.7
50,050_21.jpg,0.6
50,050_22.jpg,0.4
50,050_23.jpg,0.4
50,050_24.jpg,0.7
50,050_25.jpg,0.6
50,050_26.jpg,0.7
50,050_27.jpg,0.6
50,050_28.jpg,0.4
50,050_29.jpg,0.6
50,050_30.jpg,0.6
50,050_31.jpg,0.5
50,050_32.jpg,0.5
50,050_33.jpg,0.6
50,050_34.jpg,0.5
50,050_35.jpg,0.6
50,050_36.jpg,0.4
50,050_37.jpg,0.7
50,050_38.jpg,0.6
50,050_39.jpg,0.6
50,050_40.jpg,0.6
50,050_41.jpg,0.4
50,050_42.jpg,0.6
50,050_43.jpg,0.6
50,050_44.jpg,0.6
50,050_45.jpg,0.6
50,050_46.jpg,0.5
50,050_47.jpg,0.5
50,050_48.jpg,0.4
50,050_49.jpg,0.3
50,050_50.jpg,0.3
50,050_51.jpg,0.6
50,050_52.jpg,0.6
50,050_53.jpg,0.7
50,050_54.jpg,0.6
50,050_55.jpg,0.5
50,050_56.jpg,0.7
50,050_57.jpg,0.2
50,050_58.jpg,0.3
50,050_59.jpg,0.3
50,050_60.jpg,0.3
51,051_00.jpg,0.3333333333333333
51,051_01.jpg,0.16666666666666666
51,051_02.jpg,0.16666666666666666
51,051_03.jpg,0.16666666666666666
51,051_04.jpg,0.3333333333333333
51,051_05.jpg,0.3333333333333333
51,051_06.jpg,0.5
51,051_07.jpg,0.3333333333333333
51,051_08.jpg,0.6666666666666666
51,051_09.jpg,0.3333333333333333
51,051_10.jpg,0.5
51,051_11.jpg,0.3333333333333333
51,051_12.jpg,0.3333333333333333
51,051_13.jpg,0.3333333333333333
51,051_14.jpg,0.3333333333333333
51,051_15.jpg,0.3333333333333333
51,051_16.jpg,0.0
51,051_17.jpg,0.0
51,051_18.jpg,0.16666666666666666
51,051_19.jpg,0.3333333333333333
51,051_20.jpg,0.0
52,052_00.jpg,0.5
52,052_01.jpg,0.375
52,052_02.jpg,0.375
52,052_03.jpg,0.5
52,052_04.jpg,0.5
52,052_05.jpg,0.25
52,052_06.jpg,0.125
52,052_07.jpg,0.125
52,052_08.jpg,0.125
52,052_09.jpg,0.125
53,053_00.jpg,0.7777777777777778
53,053_01.jpg,0.3333333333333333
53,053_02.jpg,0.8888888888888888
53,053_03.jpg,0.6666666666666666
53,053_04.jpg,0.2222222222222222
53,053_05.jpg,0.5555555555555556
53,053_06.jpg,0.8888888888888888
53,053_07.jpg,0.5555555555555556
53,053_08.jpg,0.5555555555555556
53,053_09.jpg,0.5555555555555556
53,053_10.jpg,0.6666666666666666
53,053_11.jpg,0.7777777777777778
53,053_12.jpg,0.7777777777777778
53,053_13.jpg,0.6666666666666666
53,053_14.jpg,0.4444444444444444
53,053_15.jpg,0.7777777777777778
53,053_16.jpg,0.6666666666666666
53,053_17.jpg,0.5555555555555556
53,053_18.jpg,0.1111111111111111
53,053_19.jpg,0.4444444444444444
53,053_20.jpg,0.4444444444444444
53,053_21.jpg,0.4444444444444444
53,053_22.jpg,0.5555555555555556
53,053_23.jpg,0.6666666666666666
53,053_24.jpg,0.6666666666666666
53,053_25.jpg,0.6666666666666666
53,053_26.jpg,0.2222222222222222
53,053_27.jpg,0.4444444444444444
53,053_28.jpg,0.5555555555555556
53,053_29.jpg,0.4444444444444444
53,053_30.jpg,0.5555555555555556
53,053_31.jpg,0.3333333333333333
53,053_32.jpg,0.6666666666666666
53,053_33.jpg,0.4444444444444444
53,053_34.jpg,0.3333333333333333
53,053_35.jpg,0.6666666666666666
53,053_36.jpg,0.4444444444444444
53,053_37.jpg,0.3333333333333333
54,054_00.jpg,0.2
54,054_01.jpg,0.0
54,054_02.jpg,0.2
54,054_03.jpg,0.0
54,054_04.jpg,0.0
54,054_05.jpg,0.4
54,054_06.jpg,0.0
54,054_07.jpg,0.4
54,054_08.jpg,0.2
54,054_09.jpg,0.4
54,054_10.jpg,0.2
54,054_11.jpg,0.2
54,054_12.jpg,0.0
54,054_13.jpg,0.0
54,054_14.jpg,0.0
54,054_15.jpg,0.0
54,054_16.jpg,0.0
54,054_17.jpg,0.0
54,054_18.jpg,0.2
54,054_19.jpg,0.0
54,054_20.jpg,0.0
54,054_21.jpg,0.0
54,054_22.jpg,0.0
54,054_23.jpg,0.0
54,054_24.jpg,0.0
54,054_25.jpg,0.2
54,054_26.jpg,0.2
55,055_00.jpg,0.8333333333333334
55,055_01.jpg,0.6666666666666666
55,055_02.jpg,0.6666666666666666
55,055_03.jpg,0.6666666666666666
55,055_04.jpg,0.6666666666666666
55,055_05.jpg,0.6666666666666666
55,055_06.jpg,0.6666666666666666
55,055_07.jpg,0.8333333333333334
55,055_08.jpg,1.0
55,055_09.jpg,1.0
56,056_00.jpg,0.8571428571428571
56,056_01.jpg,0.8571428571428571
56,056_02.jpg,0.8571428571428571
56,056_03.jpg,0.8571428571428571
56,056_04.jpg,0.7142857142857143
56,056_05.jpg,0.7142857142857143
56,056_06.jpg,0.8571428571428571
56,056_07.jpg,0.8571428571428571
56,056_08.jpg,0.5714285714285714
56,056_09.jpg,0.8571428571428571
56,056_10.jpg,0.7142857142857143
56,056_11.jpg,0.5714285714285714
56,056_12.jpg,0.8571428571428571
56,056_13.jpg,0.7142857142857143
56,056_14.jpg,0.8571428571428571
56,056_15.jpg,0.7142857142857143
56,056_16.jpg,0.2857142857142857
56,056_17.jpg,0.14285714285714285
56,056_18.jpg,0.8571428571428571
56,056_19.jpg,0.7142857142857143
56,056_20.jpg,0.8571428571428571
56,056_21.jpg,0.7142857142857143
57,057_00.jpg,0.2
57,057_01.jpg,0.4
57,057_02.jpg,0.0
57,057_03.jpg,0.6
57,057_04.jpg,0.4
57,057_05.jpg,0.4
57,057_06.jpg,0.8
57,057_07.jpg,0.2
57,057_08.jpg,0.4
57,057_09.jpg,0.0
57,057_10.jpg,0.2
57,057_11.jpg,0.8
57,057_12.jpg,0.6
58,058_00.jpg,0.875
58,058_01.jpg,0.375
58,058_02.jpg,0.75
58,058_03.jpg,0.375
58,058_04.jpg,0.5
58,058_05.jpg,0.625
58,058_06.jpg,0.625
58,058_07.jpg,0.75
58,058_08.jpg,0.75
58,058_09.jpg,0.75
59,059_00.jpg,0.4444444444444444
59,059_01.jpg,0.7777777777777778
59,059_02.jpg,0.5555555555555556
59,059_03.jpg,0.7777777777777778
59,059_04.jpg,0.7777777777777778
59,059_05.jpg,0.5555555555555556
59,059_06.jpg,0.6666666666666666
59,059_07.jpg,0.6666666666666666
59,059_08.jpg,0.5555555555555556
59,059_09.jpg,0.5555555555555556
59,059_10.jpg,0.4444444444444444
59,059_11.jpg,0.3333333333333333
59,059_12.jpg,0.4444444444444444
59,059_13.jpg,0.3333333333333333
59,059_14.jpg,0.7777777777777778
59,059_15.jpg,0.6666666666666666
59,059_16.jpg,0.4444444444444444
59,059_17.jpg,0.5555555555555556
59,059_18.jpg,0.5555555555555556
59,059_19.jpg,0.3333333333333333
59,059_20.jpg,0.3333333333333333
59,059_21.jpg,0.0
59,059_22.jpg,0.0
59,059_23.jpg,0.1111111111111111
59,059_24.jpg,0.2222222222222222
59,059_25.jpg,0.3333333333333333
60,060_00.jpg,0.5
60,060_01.jpg,0.3
60,060_02.jpg,0.3
60,060_03.jpg,0.3
60,060_04.jpg,0.3
60,060_05.jpg,0.3
60,060_06.jpg,0.1
60,060_07.jpg,0.1
60,060_08.jpg,0.2
60,060_09.jpg,0.2
60,060_10.jpg,0.3
60,060_11.jpg,0.3
60,060_12.jpg,0.1
60,060_13.jpg,0.1
60,060_14.jpg,0.1
60,060_15.jpg,0.1
60,060_16.jpg,0.0
60,060_17.jpg,0.4
60,060_18.jpg,0.1
60,060_19.jpg,0.1
60,060_20.jpg,0.2
60,060_21.jpg,0.1
60,060_22.jpg,0.1
61,061_00.jpg,0.4166666666666667
61,061_01.jpg,0.3333333333333333
61,061_02.jpg,0.5
61,061_03.jpg,0.5
61,061_04.jpg,0.5
61,061_05.jpg,0.3333333333333333
61,061_06.jpg,0.5
61,061_07.jpg,0.4166666666666667
61,061_08.jpg,0.3333333333333333
61,061_09.jpg,0.5833333333333334
61,061_10.jpg,0.4166666666666667
61,061_11.jpg,0.3333333333333333
61,061_12.jpg,0.4166666666666667
61,061_13.jpg,0.25
61,061_14.jpg,0.5833333333333334
61,061_15.jpg,0.5
61,061_16.jpg,0.5833333333333334
61,061_17.jpg,0.3333333333333333
61,061_18.jpg,0.4166666666666667
61,061_19.jpg,0.3333333333333333
61,061_20.jpg,0.3333333333333333
62,062_00.jpg,0.5
62,062_01.jpg,0.375
62,062_02.jpg,0.75
62,062_03.jpg,0.75
62,062_04.jpg,0.625
62,062_05.jpg,0.5
62,062_06.jpg,0.75
62,062_07.jpg,0.75
62,062_08.jpg,0.625
62,062_09.jpg,0.75
62,062_10.jpg,0.75
62,062_11.jpg,0.5
62,062_12.jpg,0.625
62,062_13.jpg,0.125
62,062_14.jpg,0.375
62,062_15.jpg,0.125
62,062_16.jpg,0.0
62,062_17.jpg,0.0
62,062_18.jpg,0.5
62,062_19.jpg,0.75
62,062_20.jpg,0.375
62,062_21.jpg,0.5
62,062_22.jpg,0.75
62,062_23.jpg,0.625
62,062_24.jpg,0.625
62,062_25.jpg,0.375
62,062_26.jpg,0.5
62,062_27.jpg,0.5
63,063_00.jpg,0.4
63,063_01.jpg,0.5
63,063_02.jpg,0.6
63,063_03.jpg,0.6
63,063_04.jpg,0.5
63,063_05.jpg,0.3
63,063_06.jpg,0.7
63,063_07.jpg,0.4
63,063_08.jpg,0.3
63,063_09.jpg,0.4
63,063_10.jpg,0.6
63,063_11.jpg,0.4
63,063_12.jpg,0.7
63,063_13.jpg,0.8
63,063_14.jpg,0.5
63,063_15.jpg,0.7
63,063_16.jpg,0.9
63,063_17.jpg,0.6
63,063_18.jpg,0.6
63,063_19.jpg,0.7
63,063_20.jpg,0.3
63,063_21.jpg,0.7
63,063_22.jpg,0.7
63,063_23.jpg,0.6
63,063_24.jpg,0.6
63,063_25.jpg,0.5
63,063_26.jpg,0.5
63,063_27.jpg,0.5
63,063_28.jpg,0.5
63,063_29.jpg,0.4
63,063_30.jpg,0.4
63,063_31.jpg,0.4
63,063_32.jpg,0.1
63,063_33.jpg,0.3
63,063_34.jpg,0.6
63,063_35.jpg,0.7
63,063_36.jpg,0.5
63,063_37.jpg,0.8
64,064_00.jpg,0.5
64,064_01.jpg,0.5
64,064_02.jpg,0.25
64,064_03.jpg,0.25
64,064_04.jpg,0.25
64,064_05.jpg,0.5
64,064_06.jpg,0.25
64,064_07.jpg,0.75
64,064_08.jpg,0.0
64,064_09.jpg,0.0
64,064_10.jpg,0.5
64,064_11.jpg,0.0
64,064_12.jpg,0.0
64,064_13.jpg,0.25
64,064_14.jpg,0.25
64,064_15.jpg,0.0
64,064_16.jpg,0.0
65,065_00.jpg,0.2857142857142857
65,065_01.jpg,0.42857142857142855
65,065_02.jpg,0.5714285714285714
65,065_03.jpg,0.5714285714285714
65,065_04.jpg,0.2857142857142857
65,065_05.jpg,0.42857142857142855
65,065_06.jpg,0.14285714285714285
65,065_07.jpg,0.2857142857142857
65,065_08.jpg,0.2857142857142857
65,065_09.jpg,0.2857142857142857
65,065_10.jpg,0.2857142857142857
66,066_00.jpg,0.45454545454545453
66,066_01.jpg,0.36363636363636365
66,066_02.jpg,0.36363636363636365
66,066_03.jpg,0.5454545454545454
66,066_04.jpg,0.45454545454545453
66,066_05.jpg,0.45454545454545453
66,066_06.jpg,0.36363636363636365
66,066_07.jpg,0.36363636363636365
66,066_08.jpg,0.36363636363636365
66,066_09.jpg,0.5454545454545454
66,066_10.jpg,0.36363636363636365
66,066_11.jpg,0.36363636363636365
66,066_12.jpg,0.2727272727272727
66,066_13.jpg,0.36363636363636365
66,066_14.jpg,0.18181818181818182
66,066_15.jpg,0.36363636363636365
66,066_16.jpg,0.36363636363636365
66,066_17.jpg,0.45454545454545453
66,066_18.jpg,0.2727272727272727
66,066_19.jpg,0.2727272727272727
67,067_00.jpg,0.5454545454545454
67,067_01.jpg,0.45454545454545453
67,067_02.jpg,0.5454545454545454
67,067_03.jpg,0.5454545454545454
67,067_04.jpg,0.5454545454545454
67,067_05.jpg,0.5454545454545454
67,067_06.jpg,0.5454545454545454
67,067_07.jpg,0.2727272727272727
67,067_08.jpg,0.45454545454545453
67,067_09.jpg,0.36363636363636365
67,067_10.jpg,0.45454545454545453
67,067_11.jpg,0.18181818181818182
67,067_12.jpg,0.45454545454545453
67,067_13.jpg,0.18181818181818182
67,067_14.jpg,0.2727272727272727
67,067_15.jpg,0.36363636363636365
67,067_16.jpg,0.18181818181818182
67,067_17.jpg,0.18181818181818182
67,067_18.jpg,0.18181818181818182
67,067_19.jpg,0.2727272727272727
67,067_20.jpg,0.2727272727272727
67,067_21.jpg,0.36363636363636365
67,067_22.jpg,0.18181818181818182
67,067_23.jpg,0.36363636363636365
67,067_24.jpg,0.18181818181818182
67,067_25.jpg,0.2727272727272727
67,067_26.jpg,0.2727272727272727
68,068_00.jpg,0.0
68,068_01.jpg,0.5
68,068_02.jpg,0.25
68,068_03.jpg,0.25
68,068_04.jpg,0.25
68,068_05.jpg,1.0
68,068_06.jpg,0.5
68,068_07.jpg,0.5
68,068_08.jpg,0.5
68,068_09.jpg,0.25
68,068_10.jpg,0.25
68,068_11.jpg,0.5
68,068_12.jpg,0.25
68,068_13.jpg,0.0
69,069_00.jpg,0.8571428571428571
69,069_01.jpg,0.7142857142857143
69,069_02.jpg,0.42857142857142855
69,069_03.jpg,0.42857142857142855
69,069_04.jpg,0.2857142857142857
69,069_05.jpg,0.42857142857142855
69,069_06.jpg,0.2857142857142857
69,069_07.jpg,0.2857142857142857
69,069_08.jpg,0.5714285714285714
69,069_09.jpg,0.14285714285714285
69,069_10.jpg,0.2857142857142857
69,069_11.jpg,0.2857142857142857
69,069_12.jpg,0.14285714285714285
69,069_13.jpg,0.2857142857142857
69,069_14.jpg,0.2857142857142857
69,069_15.jpg,0.42857142857142855
69,069_16.jpg,0.7142857142857143
69,069_17.jpg,0.5714285714285714
69,069_18.jpg,0.42857142857142855
69,069_19.jpg,0.2857142857142857
69,069_20.jpg,0.14285714285714285
69,069_21.jpg,0.14285714285714285
69,069_22.jpg,0.2857142857142857
69,069_23.jpg,0.14285714285714285
69,069_24.jpg,0.2857142857142857
69,069_25.jpg,0.2857142857142857
70,070_00.jpg,0.5
70,070_01.jpg,0.5
70,070_02.jpg,0.5833333333333334
70,070_03.jpg,0.25
70,070_04.jpg,0.3333333333333333
70,070_05.jpg,0.4166666666666667
70,070_06.jpg,0.3333333333333333
70,070_07.jpg,0.5833333333333334
70,070_08.jpg,0.6666666666666666
70,070_09.jpg,0.3333333333333333
70,070_10.jpg,0.3333333333333333
70,070_11.jpg,0.3333333333333333
70,070_12.jpg,0.25
70,070_13.jpg,0.3333333333333333
70,070_14.jpg,0.25
70,070_15.jpg,0.25
70,070_16.jpg,0.25
70,070_17.jpg,0.16666666666666666
71,071_00.jpg,0.7777777777777778
71,071_01.jpg,0.6666666666666666
71,071_02.jpg,0.6666666666666666
71,071_03.jpg,0.6666666666666666
71,071_04.jpg,0.8888888888888888
71,071_05.jpg,0.5555555555555556
71,071_06.jpg,0.7777777777777778
71,071_07.jpg,0.8888888888888888
71,071_08.jpg,0.7777777777777778
71,071_09.jpg,0.3333333333333333
71,071_10.jpg,0.4444444444444444
71,071_11.jpg,0.4444444444444444
71,071_12.jpg,0.3333333333333333
71,071_13.jpg,0.2222222222222222
72,072_00.jpg,0.6
72,072_01.jpg,0.6
72,072_02.jpg,0.8
72,072_03.jpg,0.6
72,072_04.jpg,0.8
72,072_05.jpg,0.8
72,072_06.jpg,0.6
72,072_07.jpg,0.7
72,072_08.jpg,0.6
72,072_09.jpg,0.4
72,072_10.jpg,0.5
72,072_11.jpg,0.6
72,072_12.jpg,0.5
72,072_13.jpg,0.6
72,072_14.jpg,0.7
72,072_15.jpg,0.6
72,072_16.jpg,0.6
72,072_17.jpg,0.4
72,072_18.jpg,0.4
72,072_19.jpg,0.4
72,072_20.jpg,0.6
72,072_21.jpg,0.4
72,072_22.jpg,0.4
73,073_00.jpg,0.25
73,073_01.jpg,0.5
73,073_02.jpg,0.75
73,073_03.jpg,0.75
73,073_04.jpg,0.75
73,073_05.jpg,0.5
73,073_06.jpg,1.0
73,073_07.jpg,1.0
73,073_08.jpg,0.25
73,073_09.jpg,1.0
73,073_10.jpg,0.5
73,073_11.jpg,0.0
73,073_12.jpg,0.0
73,073_13.jpg,0.0
73,073_14.jpg,0.25
73,073_15.jpg,0.25
73,073_16.jpg,1.0
73,073_17.jpg,1.0
73,073_18.jpg,0.75
73,073_19.jpg,0.75
73,073_20.jpg,1.0
73,073_21.jpg,0.0
73,073_22.jpg,0.25
73,073_23.jpg,0.0
73,073_24.jpg,0.25
73,073_25.jpg,0.25
73,073_26.jpg,1.0
73,073_27.jpg,1.0
73,073_28.jpg,0.25
73,073_29.jpg,0.75
73,073_30.jpg,1.0
73,073_31.jpg,0.75
74,074_00.jpg,0.375
74,074_01.jpg,0.5
74,074_02.jpg,0.25
74,074_03.jpg,0.375
74,074_04.jpg,0.125
74,074_05.jpg,0.375
74,074_06.jpg,0.375
74,074_07.jpg,0.375
74,074_08.jpg,0.5
74,074_09.jpg,0.375
74,074_10.jpg,0.125
74,074_11.jpg,0.375
74,074_12.jpg,0.125
74,074_13.jpg,0.125
74,074_14.jpg,0.125
74,074_15.jpg,0.25
74,074_16.jpg,0.25
74,074_17.jpg,0.25
74,074_18.jpg,0.25
74,074_19.jpg,0.25
75,075_00.jpg,0.5454545454545454
75,075_01.jpg,0.6363636363636364
75,075_02.jpg,0.7272727272727273
75,075_03.jpg,0.7272727272727273
75,075_04.jpg,0.6363636363636364
75,075_05.jpg,0.7272727272727273
75,075_06.jpg,0.5454545454545454
75,075_07.jpg,0.5454545454545454
75,075_08.jpg,0.2727272727272727
75,075_09.jpg,0.2727272727272727
75,075_10.jpg,0.18181818181818182
75,075_11.jpg,0.18181818181818182
75,075_12.jpg,0.36363636363636365
75,075_13.jpg,0.45454545454545453
75,075_14.jpg,0.6363636363636364
76,076_00.jpg,0.875
76,076_01.jpg,0.625
76,076_02.jpg,0.625
76,076_03.jpg,0.625
76,076_04.jpg,0.5
76,076_05.jpg,0.625
76,076_06.jpg,0.375
76,076_07.jpg,0.25
76,076_08.jpg,0.625
76,076_09.jpg,0.25
76,076_10.jpg,0.375
76,076_11.jpg,0.375
76,076_12.jpg,0.375
76,076_13.jpg,0.25
76,076_14.jpg,0.625
77,077_00.jpg,0.6
77,077_01.jpg,0.6
77,077_02.jpg,0.4
77,077_03.jpg,0.4
77,077_04.jpg,0.4
77,077_05.jpg,0.4
77,077_06.jpg,0.0
77,077_07.jpg,0.4
77,077_08.jpg,0.2
77,077_09.jpg,0.4
77,077_10.jpg,0.4
77,077_11.jpg,0.2
77,077_12.jpg,0.2
77,077_13.jpg,0.0
78,078_00.jpg,0.5
78,078_01.jpg,0.3333333333333333
78,078_02.jpg,0.5
78,078_03.jpg,0.3333333333333333
78,078_04.jpg,0.3333333333333333
78,078_05.jpg,0.5
78,078_06.jpg,0.5
78,078_07.jpg,0.16666666666666666
78,078_08.jpg,0.3333333333333333
78,078_09.jpg,0.16666666666666666
78,078_10.jpg,0.3333333333333333
78,078_11.jpg,0.16666666666666666
78,078_12.jpg,0.16666666666666666
78,078_13.jpg,0.16666666666666666
78,078_14.jpg,0.16666666666666666
78,078_15.jpg,0.3333333333333333
78,078_16.jpg,0.16666666666666666
78,078_17.jpg,0.16666666666666666
78,078_18.jpg,0.16666666666666666
78,078_19.jpg,0.16666666666666666
78,078_20.jpg,0.16666666666666666
78,078_21.jpg,0.3333333333333333
78,078_22.jpg,0.16666666666666666
78,078_23.jpg,0.16666666666666666
78,078_24.jpg,0.16666666666666666
78,078_25.jpg,0.16666666666666666
78,078_26.jpg,0.0
78,078_27.jpg,0.16666666666666666
78,078_28.jpg,0.0
78,078_29.jpg,0.0
78,078_30.jpg,0.0
78,078_31.jpg,0.0
78,078_32.jpg,0.0
78,078_33.jpg,0.16666666666666666
78,078_34.jpg,0.0
78,078_35.jpg,0.0
79,079_00.jpg,0.625
79,079_01.jpg,0.375
79,079_02.jpg,0.875
79,079_03.jpg,0.25
79,079_04.jpg,0.375
79,079_05.jpg,0.375
79,079_06.jpg,0.25
79,079_07.jpg,0.375
79,079_08.jpg,0.25
79,079_09.jpg,0.375
79,079_10.jpg,0.25
79,079_11.jpg,0.625
79,079_12.jpg,0.5
79,079_13.jpg,0.625
79,079_14.jpg,0.625
79,079_15.jpg,0.25
79,079_16.jpg,0.25
79,079_17.jpg,0.5
79,079_18.jpg,0.375
79,079_19.jpg,0.5
79,079_20.jpg,0.25
79,079_21.jpg,0.125
79,079_22.jpg,0.25
79,079_23.jpg,0.25
79,079_24.jpg,0.0
79,079_25.jpg,0.125
80,080_00.jpg,0.6666666666666666
80,080_01.jpg,0.6666666666666666
80,080_02.jpg,0.5
80,080_03.jpg,0.6666666666666666
80,080_04.jpg,0.5
80,080_05.jpg,0.6666666666666666
80,080_06.jpg,0.16666666666666666
80,080_07.jpg,0.16666666666666666
80,080_08.jpg,0.3333333333333333
80,080_09.jpg,0.0
80,080_10.jpg,0.16666666666666666
81,081_00.jpg,0.2
81,081_01.jpg,0.2
81,081_02.jpg,0.2
81,081_03.jpg,0.0
82,082_00.jpg,0.8571428571428571
82,082_01.jpg,0.8571428571428571
82,082_02.jpg,0.8571428571428571
82,082_03.jpg,0.7142857142857143
82,082_04.jpg,0.8571428571428571
82,082_05.jpg,0.8571428571428571
82,082_06.jpg,0.5714285714285714
82,082_07.jpg,0.5714285714285714
82,082_08.jpg,0.5714285714285714
82,082_09.jpg,0.7142857142857143
82,082_10.jpg,0.5714285714285714
82,082_11.jpg,0.42857142857142855
82,082_12.jpg,0.5714285714285714
82,082_13.jpg,0.7142857142857143
82,082_14.jpg,0.5714285714285714
82,082_15.jpg,0.5714285714285714
82,082_16.jpg,0.14285714285714285
82,082_17.jpg,0.2857142857142857
82,082_18.jpg,0.14285714285714285
82,082_19.jpg,0.2857142857142857
82,082_20.jpg,0.2857142857142857
82,082_21.jpg,0.2857142857142857
82,082_22.jpg,0.42857142857142855
82,082_23.jpg,0.42857142857142855
82,082_24.jpg,0.42857142857142855
82,082_25.jpg,0.2857142857142857
82,082_26.jpg,0.42857142857142855
83,083_00.jpg,0.75
83,083_01.jpg,0.5
83,083_02.jpg,0.75
83,083_03.jpg,0.75
83,083_04.jpg,0.75
83,083_05.jpg,0.75
83,083_06.jpg,0.5
83,083_07.jpg,0.5
83,083_08.jpg,0.5
83,083_09.jpg,0.5
83,083_10.jpg,0.5
83,083_11.jpg,0.25
83,083_12.jpg,0.5
83,083_13.jpg,0.5
83,083_14.jpg,0.5
83,083_15.jpg,0.25
84,084_00.jpg,0.875
84,084_01.jpg,0.875
84,084_02.jpg,0.875
84,084_03.jpg,0.75
84,084_04.jpg,1.0
84,084_05.jpg,0.875
84,084_06.jpg,0.75
84,084_07.jpg,0.625
84,084_08.jpg,0.625
84,084_09.jpg,0.625
84,084_10.jpg,0.625
84,084_11.jpg,0.75
84,084_12.jpg,0.625
84,084_13.jpg,0.5
84,084_14.jpg,0.5
84,084_15.jpg,0.625
84,084_16.jpg,0.625
84,084_17.jpg,0.75
84,084_18.jpg,0.625
84,084_19.jpg,0.75
84,084_20.jpg,0.875
84,084_21.jpg,0.625
84,084_22.jpg,0.75
84,084_23.jpg,0.75
84,084_24.jpg,0.75
84,084_25.jpg,0.75
84,084_26.jpg,0.625
84,084_27.jpg,0.5
84,084_28.jpg,0.625
84,084_29.jpg,0.5
84,084_30.jpg,0.375
84,084_31.jpg,0.375
84,084_32.jpg,0.375
84,084_33.jpg,0.125
84,084_34.jpg,0.375
85,085_00.jpg,0.3333333333333333
85,085_01.jpg,0.5833333333333334
85,085_02.jpg,0.3333333333333333
85,085_03.jpg,0.5
85,085_04.jpg,0.16666666666666666
85,085_05.jpg,0.3333333333333333
85,085_06.jpg,0.3333333333333333
85,085_07.jpg,0.25
85,085_08.jpg,0.4166666666666667
85,085_09.jpg,0.16666666666666666
85,085_10.jpg,0.25
85,085_11.jpg,0.16666666666666666
85,085_12.jpg,0.16666666666666666
85,085_13.jpg,0.25
85,085_14.jpg,0.16666666666666666
85,085_15.jpg,0.4166666666666667
85,085_16.jpg,0.16666666666666666
85,085_17.jpg,0.3333333333333333
85,085_18.jpg,0.5
85,085_19.jpg,0.4166666666666667
85,085_20.jpg,0.25
85,085_21.jpg,0.5
85,085_22.jpg,0.4166666666666667
85,085_23.jpg,0.5833333333333334
85,085_24.jpg,0.3333333333333333
86,086_00.jpg,0.6363636363636364
86,086_01.jpg,0.6363636363636364
86,086_02.jpg,0.6363636363636364
86,086_03.jpg,0.6363636363636364
86,086_04.jpg,0.6363636363636364
86,086_05.jpg,0.6363636363636364
86,086_06.jpg,0.7272727272727273
86,086_07.jpg,0.2727272727272727
86,086_08.jpg,0.5454545454545454
86,086_09.jpg,0.6363636363636364
86,086_10.jpg,0.5454545454545454
86,086_11.jpg,0.45454545454545453
86,086_12.jpg,0.6363636363636364
86,086_13.jpg,0.5454545454545454
86,086_14.jpg,0.5454545454545454
86,086_15.jpg,0.18181818181818182
86,086_16.jpg,0.09090909090909091
86,086_17.jpg,0.2727272727272727
86,086_18.jpg,0.18181818181818182
86,086_19.jpg,0.09090909090909091
86,086_20.jpg,0.2727272727272727
86,086_21.jpg,0.18181818181818182
86,086_22.jpg,0.36363636363636365
86,086_23.jpg,0.18181818181818182
86,086_24.jpg,0.18181818181818182
86,086_25.jpg,0.45454545454545453
86,086_26.jpg,0.18181818181818182
86,086_27.jpg,0.18181818181818182
86,086_28.jpg,0.18181818181818182
86,086_29.jpg,0.18181818181818182
86,086_30.jpg,0.18181818181818182
86,086_31.jpg,0.18181818181818182
86,086_32.jpg,0.18181818181818182
86,086_33.jpg,0.09090909090909091
86,086_34.jpg,0.09090909090909091
87,087_00.jpg,0.625
87,087_01.jpg,0.625
87,087_02.jpg,0.625
87,087_03.jpg,0.75
87,087_04.jpg,0.625
87,087_05.jpg,0.5
88,088_00.jpg,0.25
88,088_01.jpg,0.5
88,088_02.jpg,0.75
88,088_03.jpg,0.25
88,088_04.jpg,0.5
88,088_05.jpg,0.25
88,088_06.jpg,0.25
88,088_07.jpg,0.5
88,088_08.jpg,0.25
88,088_09.jpg,0.25
89,089_00.jpg,0.75
89,089_01.jpg,0.25
89,089_02.jpg,0.5
89,089_03.jpg,0.5
89,089_04.jpg,0.375
89,089_05.jpg,0.625
89,089_06.jpg,0.5
89,089_07.jpg,0.5
89,089_08.jpg,0.375
89,089_09.jpg,0.5
89,089_10.jpg,0.375
89,089_11.jpg,0.5
89,089_12.jpg,0.5
89,089_13.jpg,0.75
89,089_14.jpg,0.625
89,089_15.jpg,0.5
89,089_16.jpg,0.625
89,089_17.jpg,0.5
89,089_18.jpg,0.75
89,089_19.jpg,0.5
89,089_20.jpg,0.375
89,089_21.jpg,0.375
89,089_22.jpg,0.375
89,089_23.jpg,0.5
89,089_24.jpg,0.125
89,089_25.jpg,0.25
90,090_00.jpg,0.375
90,090_01.jpg,0.875
90,090_02.jpg,0.5
90,090_03.jpg,0.625
90,090_04.jpg,0.75
90,090_05.jpg,0.375
90,090_06.jpg,0.25
90,090_07.jpg,0.25
90,090_08.jpg,0.25
90,090_09.jpg,0.875
90,090_10.jpg,0.25
90,090_11.jpg,0.5
90,090_12.jpg,0.625
90,090_13.jpg,0.5
90,090_14.jpg,0.5
90,090_15.jpg,0.375
90,090_16.jpg,0.5
90,090_17.jpg,0.625
90,090_18.jpg,0.0
90,090_19.jpg,0.5
90,090_20.jpg,0.0
90,090_21.jpg,0.0
90,090_22.jpg,0.125
90,090_23.jpg,0.25
90,090_24.jpg,0.875
90,090_25.jpg,0.875
90,090_26.jpg,0.875
90,090_27.jpg,0.75
90,090_28.jpg,0.375
90,090_29.jpg,0.5
90,090_30.jpg,0.125
90,090_31.jpg,0.375
90,090_32.jpg,0.125
91,091_00.jpg,0.6
91,091_01.jpg,0.6
91,091_02.jpg,0.4
91,091_03.jpg,0.6
91,091_04.jpg,0.6
91,091_05.jpg,0.6
91,091_06.jpg,0.4
91,091_07.jpg,0.4
91,091_08.jpg,0.4
92,092_00.jpg,0.25
92,092_01.jpg,0.5
92,092_02.jpg,0.5
92,092_03.jpg,0.0
92,092_04.jpg,0.25
92,092_05.jpg,0.25
92,092_06.jpg,0.25
92,092_07.jpg,0.25
92,092_08.jpg,0.0
92,092_09.jpg,0.0
92,092_10.jpg,0.0
92,092_11.jpg,0.0
92,092_12.jpg,0.25
93,093_00.jpg,0.6
93,093_01.jpg,0.4
93,093_02.jpg,0.4
93,093_03.jpg,0.6
93,093_04.jpg,0.8
93,093_05.jpg,0.8
93,093_06.jpg,0.4
93,093_07.jpg,0.8
93,093_08.jpg,0.4
93,093_09.jpg,0.4
93,093_10.jpg,0.4
93,093_11.jpg,0.2
93,093_12.jpg,0.4
93,093_13.jpg,0.4
93,093_14.jpg,0.2
93,093_15.jpg,0.6
93,093_16.jpg,0.4
93,093_17.jpg,0.4
93,093_18.jpg,0.4
93,093_19.jpg,0.4
93,093_20.jpg,0.4
93,093_21.jpg,0.4
94,094_00.jpg,0.5714285714285714
94,094_01.jpg,0.7142857142857143
94,094_02.jpg,0.8571428571428571
94,094_03.jpg,0.42857142857142855
94,094_04.jpg,0.5714285714285714
94,094_05.jpg,0.2857142857142857
94,094_06.jpg,0.8571428571428571
94,094_07.jpg,0.8571428571428571
94,094_08.jpg,0.2857142857142857
94,094_09.jpg,0.14285714285714285
94,094_10.jpg,0.5714285714285714
94,094_11.jpg,0.42857142857142855
94,094_12.jpg,0.42857142857142855
94,094_13.jpg,0.2857142857142857
94,094_14.jpg,0.7142857142857143
94,094_15.jpg,0.2857142857142857
94,094_16.jpg,0.5714285714285714
94,094_17.jpg,0.8571428571428571
94,094_18.jpg,0.2857142857142857
94,094_19.jpg,0.5714285714285714
94,094_20.jpg,0.14285714285714285
94,094_21.jpg,0.14285714285714285
94,094_22.jpg,0.42857142857142855
94,094_23.jpg,0.42857142857142855
94,094_24.jpg,0.5714285714285714
94,094_25.jpg,0.2857142857142857
94,094_26.jpg,0.5714285714285714
94,094_27.jpg,0.5714285714285714
94,094_28.jpg,0.5714285714285714
94,094_29.jpg,0.5714285714285714
95,095_00.jpg,0.2857142857142857
95,095_01.jpg,0.42857142857142855
95,095_02.jpg,0.42857142857142855
95,095_03.jpg,0.42857142857142855
95,095_04.jpg,0.42857142857142855
95,095_05.jpg,0.42857142857142855
95,095_06.jpg,0.2857142857142857
95,095_07.jpg,0.2857142857142857
95,095_08.jpg,0.2857142857142857
95,095_09.jpg,0.2857142857142857
95,095_10.jpg,0.2857142857142857
95,095_11.jpg,0.42857142857142855
95,095_12.jpg,0.42857142857142855
95,095_13.jpg,0.42857142857142855
95,095_14.jpg,0.5714285714285714
95,095_15.jpg,0.2857142857142857
95,095_16.jpg,0.42857142857142855
95,095_17.jpg,0.5714285714285714
95,095_18.jpg,0.42857142857142855
95,095_19.jpg,0.5714285714285714
95,095_20.jpg,0.42857142857142855
95,095_21.jpg,0.14285714285714285
95,095_22.jpg,0.2857142857142857
95,095_23.jpg,0.2857142857142857
95,095_24.jpg,0.2857142857142857
95,095_25.jpg,0.14285714285714285
95,095_26.jpg,0.14285714285714285
95,095_27.jpg,0.2857142857142857
95,095_28.jpg,0.2857142857142857
95,095_29.jpg,0.2857142857142857
95,095_30.jpg,0.2857142857142857
95,095_31.jpg,0.2857142857142857
95,095_32.jpg,0.2857142857142857
95,095_33.jpg,0.2857142857142857
95,095_34.jpg,0.2857142857142857
96,096_00.jpg,0.7272727272727273
96,096_01.jpg,0.6363636363636364
96,096_02.jpg,0.7272727272727273
96,096_03.jpg,0.9090909090909091
96,096_04.jpg,0.5454545454545454
96,096_05.jpg,0.7272727272727273
96,096_06.jpg,0.7272727272727273
96,096_07.jpg,0.5454545454545454
96,096_08.jpg,0.5454545454545454
96,096_09.jpg,0.5454545454545454
96,096_10.jpg,0.7272727272727273
96,096_11.jpg,0.6363636363636364
96,096_12.jpg,0.7272727272727273
96,096_13.jpg,0.18181818181818182
96,096_14.jpg,0.45454545454545453
96,096_15.jpg,0.7272727272727273
96,096_16.jpg,0.36363636363636365
96,096_17.jpg,0.7272727272727273
96,096_18.jpg,0.45454545454545453
96,096_19.jpg,0.2727272727272727
96,096_20.jpg,0.36363636363636365
96,096_21.jpg,0.45454545454545453
96,096_22.jpg,0.36363636363636365
96,096_23.jpg,0.36363636363636365
96,096_24.jpg,0.45454545454545453
96,096_25.jpg,0.5454545454545454
96,096_26.jpg,0.36363636363636365
97,097_00.jpg,0.6
97,097_01.jpg,0.8
97,097_02.jpg,0.4
97,097_03.jpg,0.6
97,097_04.jpg,0.8
97,097_05.jpg,0.6
97,097_06.jpg,0.4
97,097_07.jpg,0.2
97,097_08.jpg,0.2
97,097_09.jpg,0.2
97,097_10.jpg,0.2
97,097_11.jpg,0.2
97,097_12.jpg,0.4
97,097_13.jpg,0.6
97,097_14.jpg,0.2
97,097_15.jpg,0.4
98,098_00.jpg,0.75
98,098_01.jpg,0.5833333333333334
98,098_02.jpg,0.5833333333333334
98,098_03.jpg,0.6666666666666666
98,098_04.jpg,0.5833333333333334
98,098_05.jpg,0.6666666666666666
98,098_06.jpg,0.4166666666666667
98,098_07.jpg,0.4166666666666667
98,098_08.jpg,0.5
98,098_09.jpg,0.5833333333333334
98,098_10.jpg,0.6666666666666666
98,098_11.jpg,0.6666666666666666
98,098_12.jpg,0.6666666666666666
98,098_13.jpg,0.4166666666666667
98,098_14.jpg,0.3333333333333333
98,098_15.jpg,0.6666666666666666
98,098_16.jpg,0.3333333333333333
98,098_17.jpg,0.5
98,098_18.jpg,0.3333333333333333
98,098_19.jpg,0.3333333333333333
98,098_20.jpg,0.25
98,098_21.jpg,0.75
98,098_22.jpg,0.5
98,098_23.jpg,0.5
98,098_24.jpg,0.4166666666666667
98,098_25.jpg,0.5833333333333334
98,098_26.jpg,0.5
98,098_27.jpg,0.4166666666666667
98,098_28.jpg,0.5
98,098_29.jpg,0.5833333333333334
98,098_30.jpg,0.5
98,098_31.jpg,0.3333333333333333
98,098_32.jpg,0.75
98,098_33.jpg,0.5
98,098_34.jpg,0.4166666666666667
98,098_35.jpg,0.5833333333333334
99,099_00.jpg,0.4
99,099_01.jpg,0.8
99,099_02.jpg,0.6
99,099_03.jpg,0.8
99,099_04.jpg,0.4
99,099_05.jpg,0.6
99,099_06.jpg,0.0
99,099_07.jpg,0.4
99,099_08.jpg,0.6
99,099_09.jpg,0.6
99,099_10.jpg,0.6
99,099_11.jpg,0.8
99,099_12.jpg,0.4
99,099_13.jpg,0.4
99,099_14.jpg,0.2
99,099_15.jpg,0.6
99,099_16.jpg,0.4
99,099_17.jpg,1.0
99,099_18.jpg,0.2
99,099_19.jpg,0.2
99,099_20.jpg,0.4
99,099_21.jpg,0.2
99,099_22.jpg,0.2
99,099_23.jpg,0.6
99,099_24.jpg,0.4
99,099_25.jpg,0.4
99,099_26.jpg,0.6
99,099_27.jpg,0.2
99,099_28.jpg,0.2
99,099_29.jpg,0.0
99,099_30.jpg,0.4
99,099_31.jpg,0.2
99,099_32.jpg,0.6
99,099_33.jpg,0.0
99,099_34.jpg,0.2
99,099_35.jpg,0.4
99,099_36.jpg,0.2
99,099_37.jpg,0.2
99,099_38.jpg,0.4
99,099_39.jpg,0.2
99,099_40.jpg,0.2
99,099_41.jpg,0.2
99,099_42.jpg,0.0
99,099_43.jpg,0.0
99,099_44.jpg,0.4
100,100_00.jpg,0.375
100,100_01.jpg,0.75
100,100_02.jpg,0.625
100,100_03.jpg,0.75
100,100_04.jpg,0.875
100,100_05.jpg,0.5
100,100_06.jpg,0.375
100,100_07.jpg,0.375
100,100_08.jpg,0.375
100,100_09.jpg,0.5
101,101_00.jpg,0.5
101,101_01.jpg,0.75
101,101_02.jpg,0.75
101,101_03.jpg,0.5
101,101_04.jpg,0.875
101,101_05.jpg,0.75
101,101_06.jpg,0.375
101,101_07.jpg,0.625
101,101_08.jpg,0.75
101,101_09.jpg,0.5
101,101_10.jpg,0.5
101,101_11.jpg,0.625
101,101_12.jpg,0.5
101,101_13.jpg,0.5
101,101_14.jpg,0.625
101,101_15.jpg,0.625
101,101_16.jpg,0.625
101,101_17.jpg,0.625
101,101_18.jpg,0.5
101,101_19.jpg,0.625
101,101_20.jpg,0.5
101,101_21.jpg,0.375
101,101_22.jpg,0.5
101,101_23.jpg,0.375
101,101_24.jpg,0.375
101,101_25.jpg,0.25
101,101_26.jpg,0.625
101,101_27.jpg,0.625
101,101_28.jpg,0.5
101,101_29.jpg,0.625
101,101_30.jpg,0.625
101,101_31.jpg,0.375
101,101_32.jpg,0.5
101,101_33.jpg,0.375
101,101_34.jpg,0.25
101,101_35.jpg,0.5
102,102_00.jpg,0.25
102,102_01.jpg,0.5
102,102_02.jpg,0.5
102,102_03.jpg,0.25
102,102_04.jpg,0.25
102,102_05.jpg,0.25
102,102_06.jpg,0.25
102,102_07.jpg,0.25
102,102_08.jpg,0.5
102,102_09.jpg,0.25
102,102_10.jpg,0.25
102,102_11.jpg,0.25
102,102_12.jpg,0.25
103,103_00.jpg,0.8571428571428571
103,103_01.jpg,0.7142857142857143
103,103_02.jpg,0.7142857142857143
103,103_03.jpg,0.7142857142857143
103,103_04.jpg,0.5714285714285714
104,104_00.jpg,0.6
104,104_01.jpg,0.2
104,104_02.jpg,0.4
104,104_03.jpg,0.4
104,104_04.jpg,0.2
104,104_05.jpg,0.4
104,104_06.jpg,0.0
104,104_07.jpg,0.2
104,104_08.jpg,0.4
104,104_09.jpg,0.2
104,104_10.jpg,0.4
104,104_11.jpg,0.2
104,104_12.jpg,0.4
105,105_00.jpg,1.0
105,105_01.jpg,1.0
105,105_02.jpg,0.8333333333333334
105,105_03.jpg,0.8333333333333334
105,105_04.jpg,0.8333333333333334
105,105_05.jpg,0.6666666666666666
105,105_06.jpg,0.8333333333333334
105,105_07.jpg,0.6666666666666666
105,105_08.jpg,0.6666666666666666
105,105_09.jpg,0.5
105,105_10.jpg,0.8333333333333334
105,105_11.jpg,0.5
105,105_12.jpg,0.8333333333333334
105,105_13.jpg,0.6666666666666666
106,106_00.jpg,0.6
106,106_01.jpg,0.4
106,106_02.jpg,0.4
106,106_03.jpg,0.8
106,106_04.jpg,0.6
106,106_05.jpg,0.4
106,106_06.jpg,0.8
106,106_07.jpg,0.0
106,106_08.jpg,0.2
106,106_09.jpg,0.4
106,106_10.jpg,0.8
107,107_00.jpg,0.6
107,107_01.jpg,0.6
107,107_02.jpg,0.6
107,107_03.jpg,0.6
107,107_04.jpg,0.6
107,107_05.jpg,0.6
107,107_06.jpg,0.4
107,107_07.jpg,0.4
107,107_08.jpg,0.4
107,107_09.jpg,0.6
107,107_10.jpg,0.4
107,107_11.jpg,0.4
108,108_00.jpg,0.14285714285714285
108,108_01.jpg,0.5714285714285714
108,108_02.jpg,0.7142857142857143
108,108_03.jpg,0.8571428571428571
108,108_04.jpg,0.7142857142857143
108,108_05.jpg,0.5714285714285714
108,108_06.jpg,0.42857142857142855
108,108_07.jpg,0.8571428571428571
108,108_08.jpg,0.5714285714285714
108,108_09.jpg,1.0
108,108_10.jpg,0.2857142857142857
108,108_11.jpg,0.42857142857142855
108,108_12.jpg,0.5714285714285714
108,108_13.jpg,0.42857142857142855
108,108_14.jpg,0.42857142857142855
108,108_15.jpg,0.42857142857142855
108,108_16.jpg,0.14285714285714285
108,108_17.jpg,0.42857142857142855
108,108_18.jpg,0.42857142857142855
108,108_19.jpg,0.42857142857142855
108,108_20.jpg,0.14285714285714285
108,108_21.jpg,0.0
108,108_22.jpg,0.14285714285714285
108,108_23.jpg,0.8571428571428571
108,108_24.jpg,0.7142857142857143
108,108_25.jpg,0.14285714285714285
108,108_26.jpg,0.7142857142857143
108,108_27.jpg,0.5714285714285714
108,108_28.jpg,0.2857142857142857
108,108_29.jpg,0.2857142857142857
108,108_30.jpg,0.0
108,108_31.jpg,0.2857142857142857
108,108_32.jpg,0.0
108,108_33.jpg,0.42857142857142855
108,108_34.jpg,0.42857142857142855
108,108_35.jpg,0.42857142857142855
108,108_36.jpg,0.42857142857142855
108,108_37.jpg,0.42857142857142855
108,108_38.jpg,0.2857142857142857
108,108_39.jpg,0.5714285714285714
108,108_40.jpg,0.5714285714285714
108,108_41.jpg,0.5714285714285714
108,108_42.jpg,0.2857142857142857
108,108_43.jpg,0.42857142857142855
108,108_44.jpg,0.7142857142857143
108,108_45.jpg,0.2857142857142857
108,108_46.jpg,0.5714285714285714
108,108_47.jpg,0.5714285714285714
108,108_48.jpg,0.42857142857142855
108,108_49.jpg,0.2857142857142857
108,108_50.jpg,0.14285714285714285
109,109_00.jpg,0.4
109,109_01.jpg,0.5
109,109_02.jpg,0.3
109,109_03.jpg,0.3
109,109_04.jpg,0.6
109,109_05.jpg,0.1
109,109_06.jpg,0.5
109,109_07.jpg,0.6
109,109_08.jpg,0.6
109,109_09.jpg,0.3
109,109_10.jpg,0.5
109,109_11.jpg,0.6
109,109_12.jpg,0.3
109,109_13.jpg,0.5
109,109_14.jpg,0.6
109,109_15.jpg,0.5
110,110_00.jpg,0.5
110,110_01.jpg,0.75
110,110_02.jpg,0.75
110,110_03.jpg,0.625
110,110_04.jpg,0.625
110,110_05.jpg,0.75
110,110_06.jpg,0.75
110,110_07.jpg,0.375
110,110_08.jpg,0.25
110,110_09.jpg,0.375
110,110_10.jpg,0.625
110,110_11.jpg,0.625
110,110_12.jpg,0.375
110,110_13.jpg,0.625
110,110_14.jpg,0.625
110,110_15.jpg,0.75
110,110_16.jpg,0.375
110,110_17.jpg,0.5
110,110_18.jpg,0.75
110,110_19.jpg,0.375
110,110_20.jpg,0.375
110,110_21.jpg,0.25
110,110_22.jpg,0.375
110,110_23.jpg,0.625
110,110_24.jpg,0.25
110,110_25.jpg,0.375
110,110_26.jpg,0.125
110,110_27.jpg,0.625
110,110_28.jpg,0.375
110,110_29.jpg,0.5
111,111_00.jpg,0.6
111,111_01.jpg,0.5
111,111_02.jpg,0.3
111,111_03.jpg,0.3
111,111_04.jpg,0.2
111,111_05.jpg,0.4
112,112_00.jpg,0.7272727272727273
112,112_01.jpg,0.5454545454545454
112,112_02.jpg,0.45454545454545453
112,112_03.jpg,0.2727272727272727
112,112_04.jpg,0.8181818181818182
112,112_05.jpg,0.6363636363636364
113,113_00.jpg,0.4166666666666667
113,113_01.jpg,0.6666666666666666
113,113_02.jpg,0.5833333333333334
113,113_03.jpg,0.4166666666666667
113,113_04.jpg,0.3333333333333333
113,113_05.jpg,0.5833333333333334
114,114_00.jpg,0.6363636363636364
114,114_01.jpg,0.6363636363636364
114,114_02.jpg,0.7272727272727273
114,114_03.jpg,0.5454545454545454
114,114_04.jpg,0.5454545454545454
114,114_05.jpg,0.6363636363636364
115,115_00.jpg,0.8333333333333334
115,115_01.jpg,0.75
115,115_02.jpg,0.9166666666666666
115,115_03.jpg,0.6666666666666666
115,115_04.jpg,0.5833333333333334
115,115_05.jpg,0.75
116,116_00.jpg,0.5
116,116_01.jpg,0.6666666666666666
116,116_02.jpg,0.5
116,116_03.jpg,0.5
116,116_04.jpg,0.6666666666666666
116,116_05.jpg,0.8333333333333334
117,117_00.jpg,1.0
117,117_01.jpg,0.8333333333333334
117,117_02.jpg,0.6666666666666666
117,117_03.jpg,0.8333333333333334
117,117_04.jpg,0.5
117,117_05.jpg,0.8333333333333334
118,118_00.jpg,0.4
118,118_01.jpg,0.8
118,118_02.jpg,0.8
118,118_03.jpg,0.8
118,118_04.jpg,0.6
118,118_05.jpg,0.8
119,119_00.jpg,0.45454545454545453
119,119_01.jpg,0.6363636363636364
119,119_02.jpg,0.45454545454545453
119,119_03.jpg,0.5454545454545454
119,119_04.jpg,0.45454545454545453
119,119_05.jpg,0.5454545454545454
120,120_00.jpg,0.3333333333333333
120,120_01.jpg,0.5555555555555556
120,120_02.jpg,0.5555555555555556
120,120_03.jpg,0.4444444444444444
120,120_04.jpg,0.5555555555555556
120,120_05.jpg,0.5555555555555556
121,121_00.jpg,0.7
121,121_01.jpg,0.4
121,121_02.jpg,0.5
121,121_03.jpg,0.2
121,121_04.jpg,0.6
121,121_05.jpg,0.4
122,122_00.jpg,0.6666666666666666
122,122_01.jpg,0.5555555555555556
122,122_02.jpg,0.6666666666666666
122,122_03.jpg,0.5555555555555556
122,122_04.jpg,0.5555555555555556
122,122_05.jpg,0.6666666666666666
123,123_00.jpg,0.7777777777777778
123,123_01.jpg,0.6666666666666666
123,123_02.jpg,0.8888888888888888
123,123_03.jpg,0.6666666666666666
123,123_04.jpg,0.7777777777777778
123,123_05.jpg,0.4444444444444444
124,124_00.jpg,0.5714285714285714
124,124_01.jpg,0.2857142857142857
124,124_02.jpg,0.14285714285714285
124,124_03.jpg,0.5714285714285714
124,124_04.jpg,0.42857142857142855
124,124_05.jpg,0.42857142857142855
125,125_00.jpg,0.7142857142857143
125,125_01.jpg,1.0
125,125_02.jpg,0.8571428571428571
125,125_03.jpg,1.0
125,125_04.jpg,1.0
125,125_05.jpg,0.2857142857142857
126,126_00.jpg,0.42857142857142855
126,126_01.jpg,0.2857142857142857
126,126_02.jpg,0.2857142857142857
126,126_03.jpg,0.42857142857142855
126,126_04.jpg,0.14285714285714285
126,126_05.jpg,0.8571428571428571
127,127_00.jpg,0.6363636363636364
127,127_01.jpg,0.7272727272727273
127,127_02.jpg,0.5454545454545454
127,127_03.jpg,0.36363636363636365
127,127_04.jpg,0.36363636363636365
127,127_05.jpg,0.36363636363636365
128,128_00.jpg,0.6153846153846154
128,128_01.jpg,0.46153846153846156
128,128_02.jpg,0.46153846153846156
128,128_03.jpg,0.6153846153846154
128,128_04.jpg,0.6923076923076923
128,128_05.jpg,0.3076923076923077
129,129_00.jpg,0.5
129,129_01.jpg,0.5
129,129_02.jpg,0.5
129,129_03.jpg,0.625
129,129_04.jpg,0.25
129,129_05.jpg,0.25
130,130_00.jpg,0.625
130,130_01.jpg,0.75
130,130_02.jpg,0.875
130,130_03.jpg,0.625
130,130_04.jpg,0.625
130,130_05.jpg,0.5
131,131_00.jpg,0.5714285714285714
131,131_01.jpg,0.5714285714285714
131,131_02.jpg,0.5714285714285714
131,131_03.jpg,0.5714285714285714
131,131_04.jpg,0.42857142857142855
131,131_05.jpg,0.42857142857142855
132,132_00.jpg,1.0
132,132_01.jpg,0.7
132,132_02.jpg,0.6
132,132_03.jpg,0.6
132,132_04.jpg,0.4
132,132_05.jpg,0.5
133,133_00.jpg,0.42857142857142855
133,133_01.jpg,0.7142857142857143
133,133_02.jpg,0.5714285714285714
133,133_03.jpg,0.42857142857142855
133,133_04.jpg,0.2857142857142857
133,133_05.jpg,0.42857142857142855
134,134_00.jpg,0.75
134,134_01.jpg,0.625
134,134_02.jpg,0.625
134,134_03.jpg,0.75
134,134_04.jpg,0.75
134,134_05.jpg,0.625
135,135_00.jpg,0.2857142857142857
135,135_01.jpg,0.14285714285714285
135,135_02.jpg,0.42857142857142855
135,135_03.jpg,0.5714285714285714
135,135_04.jpg,0.42857142857142855
135,135_05.jpg,0.2857142857142857
136,136_00.jpg,0.6666666666666666
136,136_01.jpg,0.5
136,136_02.jpg,0.6666666666666666
136,136_03.jpg,0.3333333333333333
136,136_04.jpg,0.6666666666666666
137,137_00.jpg,0.4444444444444444
137,137_01.jpg,0.5555555555555556
137,137_02.jpg,0.4444444444444444
137,137_03.jpg,0.7777777777777778
138,138_00.jpg,0.5
138,138_01.jpg,0.625
138,138_02.jpg,0.625
138,138_03.jpg,0.5
138,138_04.jpg,0.5
139,139_00.jpg,0.3333333333333333
139,139_01.jpg,0.3333333333333333
139,139_02.jpg,0.5
139,139_03.jpg,0.3333333333333333
139,139_04.jpg,0.3333333333333333
140,140_00.jpg,1.0
140,140_01.jpg,0.75
140,140_02.jpg,0.75
140,140_03.jpg,0.75
140,140_04.jpg,0.625
141,141_00.jpg,0.4
141,141_01.jpg,0.3
141,141_02.jpg,0.7
141,141_03.jpg,0.5
141,141_04.jpg,0.5
142,142_00.jpg,0.75
142,142_01.jpg,1.0
142,142_02.jpg,0.625
142,142_03.jpg,0.625
142,142_04.jpg,0.625
143,143_00.jpg,0.5555555555555556
143,143_01.jpg,0.6666666666666666
143,143_02.jpg,0.3333333333333333
143,143_03.jpg,0.2222222222222222
143,143_04.jpg,0.2222222222222222
144,144_00.jpg,0.6666666666666666
144,144_01.jpg,0.6666666666666666
144,144_02.jpg,0.6666666666666666
144,144_03.jpg,1.0
145,145_00.jpg,0.6666666666666666
145,145_01.jpg,0.75
145,145_02.jpg,0.6666666666666666
145,145_03.jpg,0.5
145,145_04.jpg,0.5
146,146_00.jpg,0.5714285714285714
146,146_01.jpg,0.42857142857142855
146,146_02.jpg,0.2857142857142857
146,146_03.jpg,0.42857142857142855
146,146_04.jpg,0.5714285714285714
146,146_05.jpg,0.2857142857142857
146,146_06.jpg,0.5714285714285714
146,146_07.jpg,0.5714285714285714
146,146_08.jpg,0.2857142857142857
146,146_09.jpg,0.14285714285714285
146,146_10.jpg,0.2857142857142857
146,146_11.jpg,0.2857142857142857
146,146_12.jpg,0.5714285714285714
147,147_00.jpg,0.42857142857142855
147,147_01.jpg,0.35714285714285715
147,147_02.jpg,0.42857142857142855
147,147_03.jpg,0.35714285714285715
148,148_00.jpg,0.5555555555555556
148,148_01.jpg,0.8888888888888888
148,148_02.jpg,0.8888888888888888
148,148_03.jpg,0.6666666666666666
148,148_04.jpg,0.8888888888888888
148,148_05.jpg,1.0
148,148_06.jpg,0.8888888888888888
148,148_07.jpg,0.5555555555555556
148,148_08.jpg,0.6666666666666666
148,148_09.jpg,0.5555555555555556
148,148_10.jpg,0.6666666666666666
148,148_11.jpg,0.7777777777777778
148,148_12.jpg,0.8888888888888888
148,148_13.jpg,0.5555555555555556
148,148_14.jpg,0.4444444444444444
148,148_15.jpg,0.3333333333333333
148,148_16.jpg,0.5555555555555556
148,148_17.jpg,0.6666666666666666
148,148_18.jpg,0.5555555555555556
148,148_19.jpg,0.4444444444444444
148,148_20.jpg,0.7777777777777778
148,148_21.jpg,0.5555555555555556
148,148_22.jpg,0.7777777777777778
148,148_23.jpg,0.4444444444444444
148,148_24.jpg,0.6666666666666666
148,148_25.jpg,0.7777777777777778
148,148_26.jpg,0.6666666666666666
148,148_27.jpg,0.6666666666666666
148,148_28.jpg,0.7777777777777778
148,148_29.jpg,0.6666666666666666
148,148_30.jpg,0.6666666666666666
148,148_31.jpg,0.8888888888888888
148,148_32.jpg,0.6666666666666666
148,148_33.jpg,0.6666666666666666
148,148_34.jpg,0.7777777777777778
148,148_35.jpg,0.5555555555555556
148,148_36.jpg,0.6666666666666666
148,148_37.jpg,0.8888888888888888
148,148_38.jpg,0.8888888888888888
148,148_39.jpg,0.2222222222222222
148,148_40.jpg,0.3333333333333333
148,148_41.jpg,0.3333333333333333
148,148_42.jpg,0.5555555555555556
148,148_43.jpg,0.5555555555555556
148,148_44.jpg,0.6666666666666666
148,148_45.jpg,0.4444444444444444
148,148_46.jpg,0.5555555555555556
148,148_47.jpg,0.5555555555555556
148,148_48.jpg,0.6666666666666666
148,148_49.jpg,0.6666666666666666
148,148_50.jpg,0.7777777777777778
149,149_00.jpg,0.8
149,149_01.jpg,0.2
149,149_02.jpg,0.6
149,149_03.jpg,0.6
149,149_04.jpg,0.8
149,149_05.jpg,1.0
149,149_06.jpg,0.6
149,149_07.jpg,0.8
149,149_08.jpg,0.8
149,149_09.jpg,0.6
149,149_10.jpg,0.8
149,149_11.jpg,0.6
149,149_12.jpg,0.6
149,149_13.jpg,0.4
149,149_14.jpg,0.8
149,149_15.jpg,0.8
149,149_16.jpg,0.6
149,149_17.jpg,0.6
150,150_00.jpg,0.6
150,150_01.jpg,0.4
150,150_02.jpg,0.4
150,150_03.jpg,0.4
150,150_04.jpg,0.6
150,150_05.jpg,0.6
150,150_06.jpg,0.6
150,150_07.jpg,0.6
150,150_08.jpg,0.4
150,150_09.jpg,0.4
150,150_10.jpg,0.2
150,150_11.jpg,0.4
150,150_12.jpg,0.4
150,150_13.jpg,0.2
150,150_14.jpg,0.2
151,151_00.jpg,0.4
151,151_01.jpg,0.4
151,151_02.jpg,0.4
151,151_03.jpg,0.4
151,151_04.jpg,0.4
151,151_05.jpg,0.4
151,151_06.jpg,0.4
151,151_07.jpg,0.2
151,151_08.jpg,0.4
151,151_09.jpg,0.2
151,151_10.jpg,0.4
151,151_11.jpg,0.6
151,151_12.jpg,0.2
151,151_13.jpg,0.2
151,151_14.jpg,0.8
151,151_15.jpg,0.4
151,151_16.jpg,0.4
151,151_17.jpg,0.4
151,151_18.jpg,0.2
152,152_00.jpg,0.2
152,152_01.jpg,0.8
152,152_02.jpg,0.6
152,152_03.jpg,0.8
152,152_04.jpg,0.6
152,152_05.jpg,0.6
152,152_06.jpg,0.6
152,152_07.jpg,0.6
152,152_08.jpg,0.6
152,152_09.jpg,0.8
152,152_10.jpg,0.6
152,152_11.jpg,1.0
152,152_12.jpg,0.6
152,152_13.jpg,0.6
152,152_14.jpg,0.8
152,152_15.jpg,0.6
152,152_16.jpg,0.8
153,153_00.jpg,0.6
153,153_01.jpg,0.6
153,153_02.jpg,0.8
153,153_03.jpg,0.8
153,153_04.jpg,0.6
153,153_05.jpg,0.6
153,153_06.jpg,0.8
153,153_07.jpg,0.4
153,153_08.jpg,0.8
153,153_09.jpg,0.8
153,153_10.jpg,0.6
153,153_11.jpg,0.8
153,153_12.jpg,0.4
154,154_00.jpg,0.3333333333333333
154,154_01.jpg,0.6666666666666666
154,154_02.jpg,0.6666666666666666
154,154_03.jpg,0.3333333333333333
154,154_04.jpg,0.6666666666666666
154,154_05.jpg,0.6666666666666666
154,154_06.jpg,0.6666666666666666
154,154_07.jpg,0.3333333333333333
154,154_08.jpg,0.3333333333333333
154,154_09.jpg,0.3333333333333333
154,154_10.jpg,1.0
154,154_11.jpg,1.0
154,154_12.jpg,0.6666666666666666
154,154_13.jpg,0.3333333333333333
154,154_14.jpg,0.3333333333333333
154,154_15.jpg,0.3333333333333333
154,154_16.jpg,1.0
154,154_17.jpg,0.6666666666666666
155,155_00.jpg,0.6666666666666666
155,155_01.jpg,0.5
155,155_02.jpg,0.8333333333333334
155,155_03.jpg,0.3333333333333333
155,155_04.jpg,0.6666666666666666
155,155_05.jpg,0.5
155,155_06.jpg,0.6666666666666666
155,155_07.jpg,0.8333333333333334
155,155_08.jpg,0.8333333333333334
155,155_09.jpg,0.6666666666666666
155,155_10.jpg,0.6666666666666666
155,155_11.jpg,0.3333333333333333
155,155_12.jpg,0.5
155,155_13.jpg,0.3333333333333333
155,155_14.jpg,0.16666666666666666
155,155_15.jpg,0.6666666666666666
155,155_16.jpg,0.6666666666666666
155,155_17.jpg,0.5
155,155_18.jpg,0.8333333333333334
155,155_19.jpg,0.3333333333333333
155,155_20.jpg,0.6666666666666666
155,155_21.jpg,0.6666666666666666
155,155_22.jpg,0.8333333333333334
155,155_23.jpg,0.8333333333333334
155,155_24.jpg,0.5
155,155_25.jpg,0.6666666666666666
155,155_26.jpg,0.6666666666666666
155,155_27.jpg,0.5
155,155_28.jpg,1.0
155,155_29.jpg,0.8333333333333334
155,155_30.jpg,0.8333333333333334
155,155_31.jpg,0.8333333333333334
155,155_32.jpg,0.8333333333333334
155,155_33.jpg,1.0
155,155_34.jpg,1.0
155,155_35.jpg,0.8333333333333334
155,155_36.jpg,0.6666666666666666
155,155_37.jpg,1.0
155,155_38.jpg,0.8333333333333334
155,155_39.jpg,0.5
155,155_40.jpg,0.8333333333333334
155,155_41.jpg,0.6666666666666666
155,155_42.jpg,0.6666666666666666
155,155_43.jpg,0.5
155,155_44.jpg,0.3333333333333333
155,155_45.jpg,0.8333333333333334
155,155_46.jpg,0.8333333333333334
155,155_47.jpg,0.8333333333333334
155,155_48.jpg,0.6666666666666666
155,155_49.jpg,0.8333333333333334
155,155_50.jpg,0.8333333333333334
155,155_51.jpg,0.6666666666666666
155,155_52.jpg,0.8333333333333334
155,155_53.jpg,0.8333333333333334
156,156_00.jpg,0.45454545454545453
156,156_01.jpg,0.7272727272727273
156,156_02.jpg,0.36363636363636365
156,156_03.jpg,0.5454545454545454
156,156_04.jpg,0.2727272727272727
156,156_05.jpg,0.45454545454545453
156,156_06.jpg,0.5454545454545454
156,156_07.jpg,0.36363636363636365
156,156_08.jpg,0.5454545454545454
156,156_09.jpg,0.6363636363636364
156,156_10.jpg,0.8181818181818182
156,156_11.jpg,0.5454545454545454
156,156_12.jpg,0.6363636363636364
156,156_13.jpg,0.6363636363636364
156,156_14.jpg,0.36363636363636365
156,156_15.jpg,0.2727272727272727
156,156_16.jpg,0.2727272727272727
156,156_17.jpg,0.18181818181818182
156,156_18.jpg,0.18181818181818182
156,156_19.jpg,0.36363636363636365
156,156_20.jpg,0.36363636363636365
156,156_21.jpg,0.36363636363636365
156,156_22.jpg,0.09090909090909091
156,156_23.jpg,0.36363636363636365
156,156_24.jpg,0.2727272727272727
156,156_25.jpg,0.36363636363636365
156,156_26.jpg,0.36363636363636365
156,156_27.jpg,0.2727272727272727
156,156_28.jpg,0.18181818181818182
156,156_29.jpg,0.36363636363636365
156,156_30.jpg,0.2727272727272727
156,156_31.jpg,0.36363636363636365
156,156_32.jpg,0.5454545454545454
156,156_33.jpg,0.45454545454545453
156,156_34.jpg,0.6363636363636364
156,156_35.jpg,0.6363636363636364
156,156_36.jpg,0.45454545454545453
156,156_37.jpg,0.45454545454545453
156,156_38.jpg,0.45454545454545453
156,156_39.jpg,0.2727272727272727
156,156_40.jpg,0.18181818181818182
156,156_41.jpg,0.18181818181818182
156,156_42.jpg,0.2727272727272727
156,156_43.jpg,0.18181818181818182
156,156_44.jpg,0.5454545454545454
156,156_45.jpg,0.45454545454545453
156,156_46.jpg,0.36363636363636365
156,156_47.jpg,0.36363636363636365
156,156_48.jpg,0.45454545454545453
156,156_49.jpg,0.6363636363636364
156,156_50.jpg,0.36363636363636365
156,156_51.jpg,0.45454545454545453
156,156_52.jpg,0.36363636363636365
156,156_53.jpg,0.36363636363636365
156,156_54.jpg,0.5454545454545454
156,156_55.jpg,0.36363636363636365
156,156_56.jpg,0.45454545454545453
156,156_57.jpg,0.36363636363636365
156,156_58.jpg,0.5454545454545454
156,156_59.jpg,0.45454545454545453
156,156_60.jpg,0.36363636363636365
156,156_61.jpg,0.5454545454545454
156,156_62.jpg,0.5454545454545454
156,156_63.jpg,0.5454545454545454
156,156_64.jpg,0.5454545454545454
156,156_65.jpg,0.6363636363636364
156,156_66.jpg,0.45454545454545453
156,156_67.jpg,0.45454545454545453
156,156_68.jpg,0.45454545454545453
156,156_69.jpg,0.45454545454545453
156,156_70.jpg,0.2727272727272727
157,157_00.jpg,0.2857142857142857
157,157_01.jpg,0.42857142857142855
157,157_02.jpg,0.42857142857142855
157,157_03.jpg,0.0
157,157_04.jpg,0.14285714285714285
157,157_05.jpg,0.2857142857142857
157,157_06.jpg,0.2857142857142857
157,157_07.jpg,0.14285714285714285
157,157_08.jpg,0.2857142857142857
157,157_09.jpg,0.14285714285714285
157,157_10.jpg,0.5714285714285714
157,157_11.jpg,0.5714285714285714
157,157_12.jpg,0.2857142857142857
157,157_13.jpg,0.42857142857142855
157,157_14.jpg,0.7142857142857143
157,157_15.jpg,0.42857142857142855
157,157_16.jpg,0.42857142857142855
157,157_17.jpg,0.2857142857142857
157,157_18.jpg,0.14285714285714285
157,157_19.jpg,0.2857142857142857
158,158_00.jpg,0.75
158,158_01.jpg,0.75
158,158_02.jpg,0.75
158,158_03.jpg,0.625
158,158_04.jpg,0.5
158,158_05.jpg,0.625
158,158_06.jpg,0.875
158,158_07.jpg,0.5
158,158_08.jpg,0.625
158,158_09.jpg,0.25
158,158_10.jpg,0.5
158,158_11.jpg,1.0
158,158_12.jpg,0.875
158,158_13.jpg,0.625
158,158_14.jpg,0.5
158,158_15.jpg,0.375
158,158_16.jpg,0.625
158,158_17.jpg,0.5
158,158_18.jpg,0.625
158,158_19.jpg,0.375
158,158_20.jpg,0.375
158,158_21.jpg,0.375
158,158_22.jpg,0.375
158,158_23.jpg,0.375
158,158_24.jpg,0.625
159,159_00.jpg,1.0
159,159_01.jpg,0.5
159,159_02.jpg,0.5
159,159_03.jpg,0.5
159,159_04.jpg,1.0
159,159_05.jpg,0.5
159,159_06.jpg,1.0
159,159_07.jpg,0.5
159,159_08.jpg,0.5
159,159_09.jpg,0.5
160,160_00.jpg,0.5
160,160_01.jpg,0.5
160,160_02.jpg,0.5
160,160_03.jpg,0.5
160,160_04.jpg,0.5
160,160_05.jpg,0.5
160,160_06.jpg,0.5
160,160_07.jpg,0.0
160,160_08.jpg,0.25
160,160_09.jpg,0.5
160,160_10.jpg,0.25
160,160_11.jpg,0.25
160,160_12.jpg,0.25
161,161_00.jpg,0.375
161,161_01.jpg,0.5
161,161_02.jpg,0.625
161,161_03.jpg,0.375
161,161_04.jpg,0.625
161,161_05.jpg,0.375
161,161_06.jpg,0.5
161,161_07.jpg,0.375
161,161_08.jpg,0.25
161,161_09.jpg,0.5
162,162_00.jpg,0.2
162,162_01.jpg,0.1
162,162_02.jpg,0.2
162,162_03.jpg,0.2
162,162_04.jpg,0.1
162,162_05.jpg,0.2
162,162_06.jpg,0.4
162,162_07.jpg,0.2
162,162_08.jpg,0.3
162,162_09.jpg,0.3
162,162_10.jpg,0.5
162,162_11.jpg,0.3
162,162_12.jpg,0.1
163,163_00.jpg,0.2222222222222222
163,163_01.jpg,0.6666666666666666
163,163_02.jpg,0.3333333333333333
163,163_03.jpg,0.1111111111111111
163,163_04.jpg,0.3333333333333333
164,164_00.jpg,0.3333333333333333
164,164_01.jpg,0.6666666666666666
164,164_02.jpg,0.0
164,164_03.jpg,0.3333333333333333
