id,image_id,rank,score
0,0,0,34.11362838745117
0,1,1a,28.247901916503906
0,2,1a,28.883007049560547
0,3,1a,31.314531326293945
0,4,1a,30.901390075683594
0,5,1a,29.990371704101562
0,6,1b,34.196533203125
0,7,1b,34.035831451416016
0,8,1b,32.71406555175781
0,9,2,25.144174575805664
0,10,2,28.096084594726562
0,11,2,28.06740379333496
1,0,0,35.172306060791016
1,1,1a,32.3159065246582
1,2,1a,31.737878799438477
1,3,1a,28.38741111755371
1,4,1a,32.42068862915039
1,5,1a,30.452253341674805
1,6,1b,28.99112892150879
1,7,1b,25.98589515686035
1,8,1b,29.424345016479492
1,9,1b,28.59681510925293
1,10,1b,24.759746551513672
2,0,0a,31.636028289794922
2,1,0b,33.772037506103516
2,2,0b,34.2324333190918
2,3,0b,32.80331802368164
2,4,0b,32.70276641845703
2,5,0b,33.934749603271484
2,6,0c,33.322940826416016
2,7,0c,32.79681396484375
2,8,0c,33.3710823059082
2,9,0c,32.81709671020508
2,10,0c,33.98146438598633
2,11,1a,23.87275505065918
2,12,1a,24.111778259277344
2,13,1a,25.702123641967773
2,14,1a,25.813262939453125
2,15,1a,24.810970306396484
2,16,1b,24.30615234375
2,17,1b,25.269939422607422
2,18,1b,24.534217834472656
2,19,1b,23.845998764038086
2,20,1b,25.456233978271484
2,21,2,19.763044357299805
3,0,0,30.705522537231445
3,1,1a,28.7372989654541
3,2,1a,29.922317504882812
3,3,1a,32.33658981323242
3,4,1a,28.189682006835938
3,5,1a,28.798900604248047
3,6,1b,20.0926570892334
3,7,1b,19.823942184448242
3,8,1b,14.526005744934082
3,9,1b,21.208799362182617
3,10,1b,23.032991409301758
4,0,0,31.27470588684082
4,1,1,30.57080078125
4,2,1,31.262561798095703
4,3,1,31.25351333618164
4,4,1,31.44982147216797
4,5,2a,29.3057918548584
4,6,2a,31.61512565612793
4,7,2a,30.890974044799805
4,8,2a,31.691429138183594
4,9,2b,29.914846420288086
4,10,2b,26.91339683532715
4,11,2b,29.216501235961914
4,12,2b,28.51113510131836
4,13,2b,28.369400024414062
5,0,0,33.134315490722656
5,1,0,34.461570739746094
5,2,0,35.251739501953125
5,3,0,36.52346420288086
5,4,0,36.376956939697266
5,5,1,21.79173469543457
5,6,1,26.440935134887695
5,7,1,26.26299476623535
5,8,1,26.683151245117188
5,9,1,27.55945587158203
5,10,2a,30.959415435791016
5,11,2a,29.421594619750977
5,12,2a,31.157255172729492
5,13,2a,31.455835342407227
5,14,2a,30.432783126831055
5,15,2b,19.324758529663086
5,16,2b,18.959592819213867
5,17,2b,19.89185905456543
5,18,2b,18.779258728027344
5,19,2c,19.052263259887695
5,20,2c,18.727859497070312
5,21,2c,20.918222427368164
5,22,2c,18.52522850036621
5,23,3a,14.933225631713867
5,24,3a,16.670780181884766
5,25,3a,17.410362243652344
5,26,3a,16.049436569213867
5,27,3a,15.37626838684082
5,28,3b,26.14635467529297
5,29,3b,29.02115821838379
5,30,3b,30.65273666381836
5,31,3b,29.148468017578125
6,0,0,29.207189559936523
6,1,1a,25.570323944091797
6,2,1a,23.764142990112305
6,3,1a,26.164772033691406
6,4,1b,28.71885871887207
6,5,1b,29.572233200073242
6,6,1b,29.494943618774414
6,7,1b,27.52350425720215
6,8,2a,26.434947967529297
6,9,2a,25.019271850585938
6,10,2a,26.319181442260742
6,11,2a,26.69320297241211
6,12,2b,22.70870590209961
6,13,2b,22.829540252685547
6,14,2b,23.141956329345703
6,15,2b,22.252796173095703
6,16,2c,27.038496017456055
6,17,2c,26.326292037963867
6,18,2c,26.207067489624023
6,19,2c,26.03470802307129
7,0,0,29.765769958496094
7,1,1a,28.46287727355957
7,2,1a,31.620737075805664
7,3,1a,29.780479431152344
7,4,1a,32.77957534790039
7,5,1a,29.824735641479492
7,6,1b,29.730918884277344
7,7,1b,32.96104431152344
7,8,1b,28.661338806152344
7,9,1b,28.012203216552734
7,10,1b,28.944902420043945
7,11,1c,25.215267181396484
7,12,1c,23.62799072265625
7,13,1c,26.628799438476562
7,14,1c,26.31260871887207
7,15,1c,23.58070182800293
7,16,2a,23.527307510375977
7,17,2a,23.346858978271484
7,18,2a,24.54796028137207
7,19,2a,24.768421173095703
7,20,2a,25.821645736694336
7,21,2b,22.998180389404297
7,22,2b,17.343597412109375
7,23,2b,21.928958892822266
7,24,2c,28.125783920288086
7,25,2c,26.86533546447754
7,26,2c,24.449203491210938
7,27,2c,27.0577392578125
7,28,2c,27.803089141845703
8,0,0,28.9013671875
8,1,1a,30.098831176757812
8,2,1a,30.184724807739258
8,3,1b,30.2097225189209
8,4,1b,29.776742935180664
8,5,1c,28.17335319519043
8,6,1c,28.069194793701172
8,7,1d,27.794851303100586
8,8,1e,27.38313865661621
8,9,1e,27.087738037109375
8,10,1e,26.431913375854492
8,11,1e,28.51699447631836
8,12,1e,27.160524368286133
8,13,1f,27.537841796875
8,14,1f,26.042144775390625
8,15,1f,28.13905143737793
8,16,1g,29.330556869506836
8,17,1g,29.202308654785156
8,18,1h,28.53130531311035
8,19,1h,28.64687728881836
8,20,1h,27.80084228515625
8,21,2a,26.80311393737793
8,22,2a,27.289493560791016
8,23,2a,29.558284759521484
8,24,2a,26.108583450317383
8,25,2b,26.480485916137695
8,26,2b,29.066802978515625
8,27,2b,28.44805335998535
8,28,2b,27.7205810546875
8,29,2b,27.248146057128906
8,30,2c,26.686532974243164
8,31,2c,28.608205795288086
8,32,2c,27.30624008178711
8,33,2c,27.468772888183594
8,34,3a,24.02887535095215
8,35,3a,24.33080291748047
8,36,3a,24.92869758605957
8,37,3a,24.51901626586914
8,38,3a,23.425315856933594
8,39,3b,21.793045043945312
8,40,3b,21.209611892700195
8,41,3b,20.254568099975586
8,42,3b,20.197494506835938
8,43,3b,20.313865661621094
8,44,3c,18.685392379760742
8,45,3c,19.1284236907959
8,46,3c,17.559255599975586
8,47,3c,18.67489242553711
8,48,3c,18.228862762451172
8,49,3d,24.750288009643555
8,50,3d,21.866100311279297
8,51,3d,25.974985122680664
8,52,3d,27.06319236755371
8,53,3d,27.399988174438477
9,0,0,35.40098190307617
9,1,1a,34.412803649902344
9,2,1a,35.98500442504883
9,3,1a,34.094154357910156
9,4,1a,35.86021041870117
9,5,1b,33.904571533203125
9,6,1b,33.89667510986328
9,7,1b,33.55327606201172
9,8,1b,33.455909729003906
9,9,1b,34.93503952026367
9,10,1c,36.58031463623047
9,11,1c,35.80680847167969
9,12,2a,33.92342758178711
9,13,2a,31.546354293823242
9,14,2a,30.70248031616211
9,15,2a,28.243425369262695
9,16,2a,31.377517700195312
9,17,2b,29.597564697265625
9,18,2b,32.261322021484375
9,19,2b,26.54961585998535
9,20,2b,29.916622161865234
9,21,2b,30.27927589416504
9,22,2c,34.536495208740234
9,23,2c,36.231319427490234
9,24,2c,29.371395111083984
9,25,2c,35.38261795043945
9,26,2d,36.866764068603516
9,27,2d,32.07616424560547
9,28,2d,31.530475616455078
9,29,2d,32.25926208496094
9,30,2d,31.778976440429688
9,31,3a,27.647396087646484
9,32,3a,32.35401153564453
9,33,3a,28.064563751220703
9,34,3a,31.203277587890625
9,35,3a,30.68669319152832
9,36,3b,30.02940559387207
9,37,3b,31.413238525390625
9,38,3b,28.216650009155273
9,39,3b,30.354490280151367
9,40,3b,28.97646141052246
9,41,3c,35.68721008300781
9,42,3c,32.282894134521484
9,43,3c,28.659746170043945
9,44,3c,27.60054588317871
9,45,3c,31.720664978027344
9,46,3d,25.71952247619629
9,47,3d,30.322118759155273
9,48,3d,24.892257690429688
9,49,3d,28.298660278320312
9,50,3d,26.558507919311523
9,51,3e,26.08063507080078
9,52,3e,23.541074752807617
9,53,3e,23.26708221435547
9,54,3e,23.722776412963867
9,55,4a,30.996646881103516
9,56,4a,22.28876495361328
9,57,4a,20.960205078125
9,58,4a,22.25897216796875
9,59,4a,24.064966201782227
9,60,4b,25.204513549804688
9,61,4b,25.33872413635254
9,62,4b,25.59225845336914
9,63,4b,25.74853515625
9,64,4b,23.640594482421875
9,65,4c,19.359298706054688
9,66,4c,23.81669044494629
9,67,4d,22.3107852935791
9,68,4d,25.36371612548828
9,69,4d,24.01822280883789
9,70,4d,13.77341365814209
9,71,4e,15.244208335876465
9,72,4e,17.399635314941406
9,73,4e,17.096582412719727
9,74,4e,17.236604690551758
9,75,4e,16.884489059448242
10,0,0a,33.49250030517578
10,1,0b,30.66728973388672
10,2,0b,35.27103042602539
10,3,0b,34.70199203491211
10,4,0b,32.75810623168945
10,5,0b,32.80073165893555
10,6,0c,31.47870635986328
10,7,0c,33.84110641479492
10,8,0c,34.84817123413086
10,9,0c,32.28389358520508
10,10,0c,32.50043487548828
10,11,0d,31.061967849731445
10,12,0d,32.839874267578125
10,13,0e,36.41853713989258
10,14,0e,32.65071105957031
10,15,0e,34.05049514770508
10,16,0e,31.53672981262207
10,17,0e,33.029571533203125
10,18,1a,19.888723373413086
10,19,1a,18.629594802856445
10,20,1a,20.531997680664062
10,21,1a,19.969051361083984
10,22,1a,21.346416473388672
10,23,1b,28.485610961914062
10,24,1b,32.510528564453125
10,25,1b,30.79611587524414
10,26,1b,32.38200378417969
10,27,1b,32.62248992919922
10,28,2a,20.507503509521484
10,29,2a,22.05550765991211
10,30,2a,18.31788444519043
10,31,2a,20.511852264404297
10,32,2a,21.728622436523438
10,33,2b,23.269664764404297
10,34,2b,20.783279418945312
10,35,2b,19.862079620361328
10,36,2b,24.169246673583984
10,37,2b,22.109359741210938
10,38,2c,18.979339599609375
10,39,2c,18.36700439453125
10,40,2c,18.259042739868164
10,41,2c,20.847957611083984
10,42,3a,24.80961799621582
10,43,3a,21.849254608154297
10,44,3a,26.869213104248047
10,45,3a,25.397409439086914
10,46,3a,25.54568862915039
10,47,3b,29.910554885864258
10,48,3b,28.705873489379883
10,49,3c,18.420692443847656
10,50,3c,23.360488891601562
10,51,3c,20.506711959838867
11,0,0a,31.2930850982666
11,1,0b,31.539430618286133
11,2,0b,30.744327545166016
11,3,0b,30.34389305114746
11,4,0b,31.42155647277832
11,5,0b,30.406137466430664
11,6,0c,33.6987419128418
11,7,0c,30.368694305419922
11,8,0c,32.595394134521484
11,9,0c,32.084716796875
11,10,0c,32.660213470458984
11,11,1,20.479137420654297
11,12,1,13.390759468078613
12,0,0,32.519046783447266
12,1,1a,29.94452667236328
12,2,1a,29.360567092895508
12,3,1a,30.310739517211914
12,4,1a,29.00891876220703
12,5,1a,29.64647102355957
12,6,1b,26.322757720947266
12,7,1b,22.11036491394043
12,8,1b,23.01410675048828
12,9,1b,25.6336612701416
12,10,1b,21.63675308227539
13,0,0,30.833175659179688
13,1,1a,28.830364227294922
13,2,1a,30.539350509643555
13,3,1a,27.028484344482422
13,4,1a,28.717227935791016
13,5,1a,29.28532600402832
13,6,1b,31.22028350830078
13,7,1b,27.790245056152344
13,8,1b,25.633190155029297
13,9,1b,28.929122924804688
13,10,1b,25.52845001220703
13,11,2a,19.734907150268555
13,12,2a,14.606709480285645
13,13,2b,21.027828216552734
13,14,2b,22.52535057067871
13,15,2b,21.129234313964844
13,16,2c,27.280092239379883
13,17,2c,27.007116317749023
13,18,2c,27.22588348388672
13,19,2c,28.065338134765625
13,20,2c,26.3750057220459
14,0,1a,29.92707061767578
14,1,0,32.99738311767578
14,2,0,29.38298225402832
14,3,0,30.272733688354492
14,4,0,29.575122833251953
14,5,1b,31.253454208374023
14,6,1b,30.111652374267578
14,7,1b,30.2741641998291
14,8,1b,30.38437843322754
14,9,1b,30.99903106689453
14,10,1c,21.253849029541016
14,11,1c,21.082508087158203
14,12,1c,18.010305404663086
14,13,1d,30.1575927734375
14,14,1d,29.58318519592285
14,15,1d,29.395151138305664
14,16,1d,29.139795303344727
14,17,2,20.121835708618164
14,18,2,21.361635208129883
14,19,2,21.151519775390625
15,0,0a,32.54832458496094
15,1,0b,30.77943229675293
15,2,0b,29.54552459716797
15,3,0b,31.637998580932617
15,4,0b,32.829132080078125
15,5,0b,30.197887420654297
15,6,1a,28.74765396118164
15,7,1a,29.968612670898438
15,8,1a,28.294612884521484
15,9,1a,28.251972198486328
15,10,1b,24.63097381591797
15,11,1b,25.018909454345703
15,12,1b,25.89029312133789
15,13,1b,23.986351013183594
15,14,1b,25.692983627319336
16,0,0,31.123268127441406
16,1,1a,28.203399658203125
16,2,1a,28.159191131591797
16,3,1a,28.66756248474121
16,4,1a,29.420869827270508
16,5,1a,28.198009490966797
16,6,1b,21.53665542602539
16,7,1b,26.89119529724121
16,8,1b,26.431869506835938
16,9,1b,26.75953483581543
16,10,1b,27.76308250427246
17,0,0,29.50742530822754
17,1,1a,30.317121505737305
17,2,1a,29.915403366088867
17,3,1a,31.797298431396484
17,4,1a,29.719188690185547
17,5,1a,29.674543380737305
17,6,1b,29.416080474853516
17,7,1b,29.48570442199707
17,8,1b,26.75994873046875
17,9,1b,31.318836212158203
17,10,1b,27.048995971679688
17,11,1c,30.536785125732422
17,12,2a,22.854022979736328
17,13,2a,24.021163940429688
17,14,2a,21.748180389404297
17,15,2a,25.937528610229492
17,16,2b,18.554367065429688
17,17,2b,18.556175231933594
17,18,2b,24.58707618713379
17,19,2b,20.81181526184082
17,20,2b,18.72422218322754
17,21,2c,24.68058204650879
17,22,2c,25.693838119506836
17,23,2c,25.684179306030273
17,24,2c,24.094436645507812
17,25,2c,25.648334503173828
17,26,2d,30.349590301513672
17,27,2d,27.869813919067383
17,28,2d,26.81273078918457
17,29,2d,28.94142723083496
17,30,3a,19.913564682006836
17,31,3a,15.840336799621582
17,32,3a,19.268903732299805
17,33,3b,21.744586944580078
17,34,3c,22.27280044555664
17,35,3c,21.8852596282959
18,0,0,35.144779205322266
18,1,1a,32.61648178100586
18,2,1a,32.84315872192383
18,3,1a,30.687774658203125
18,4,1a,31.500694274902344
18,5,1a,33.91646957397461
18,6,1b,29.142297744750977
18,7,1b,30.653526306152344
18,8,1b,28.417076110839844
18,9,1b,26.374631881713867
18,10,1b,30.11823272705078
19,0,0,31.0893611907959
19,1,1a,29.781362533569336
19,2,1a,32.372840881347656
19,3,1a,28.004314422607422
19,4,1b,34.0828742980957
19,5,1b,34.09067153930664
19,6,1b,32.66543960571289
19,7,1c,27.95394515991211
19,8,1c,30.952106475830078
19,9,1c,27.46195411682129
19,10,2a,27.938066482543945
19,11,2a,27.705585479736328
19,12,2a,25.16473960876465
19,13,2a,29.763460159301758
19,14,2a,28.681852340698242
19,15,2b,21.887893676757812
19,16,2b,20.624805450439453
19,17,2b,24.783979415893555
19,18,2b,24.5552978515625
19,19,2b,21.98190689086914
19,20,2c,27.654340744018555
19,21,2c,28.008378982543945
19,22,2c,23.725322723388672
19,23,2c,27.42475700378418
19,24,2c,27.236961364746094
20,0,0,33.39702224731445
20,1,1a,30.408777236938477
20,2,1a,28.66707420349121
20,3,1a,32.06484603881836
20,4,1b,30.275732040405273
20,5,1b,30.6489315032959
20,6,1b,29.806055068969727
20,7,1b,31.659128189086914
20,8,1b,30.79831886291504
21,0,0,35.32730484008789
21,1,1a,27.71195411682129
21,2,1a,24.697566986083984
21,3,1a,23.017070770263672
21,4,1a,25.92670440673828
21,5,1a,24.226903915405273
21,6,1b,26.06645393371582
21,7,1b,27.388885498046875
21,8,1b,28.122119903564453
21,9,1b,29.055002212524414
21,10,1b,27.295093536376953
22,0,0,42.47186279296875
22,1,1a,34.746238708496094
22,2,1a,30.83293914794922
22,3,1a,31.233705520629883
22,4,1a,26.749643325805664
22,5,1a,30.02763557434082
22,6,1b,21.772476196289062
22,7,1b,26.38361930847168
22,8,1b,22.72990608215332
22,9,1b,24.383455276489258
23,0,0,29.61590576171875
23,1,1a,28.811674118041992
23,2,1a,29.00456428527832
23,3,1a,28.986719131469727
23,4,1a,29.18539047241211
23,5,1a,24.93006706237793
23,6,1b,18.79500389099121
23,7,1b,18.141992568969727
23,8,1b,23.40598487854004
23,9,1b,20.209217071533203
23,10,1b,24.32341194152832
24,0,0,34.94095230102539
24,1,1a,27.88648796081543
24,2,1a,28.230182647705078
24,3,1a,29.75731086730957
24,4,1a,28.644575119018555
24,5,1a,27.156736373901367
24,6,1b,27.18328094482422
24,7,1b,28.16470718383789
24,8,1b,28.828123092651367
24,9,1b,25.99163818359375
24,10,1b,29.769189834594727
25,0,0,36.51757049560547
25,1,2a,34.744407653808594
25,2,2a,36.74116516113281
25,3,3a,28.59760093688965
25,4,3a,30.232690811157227
25,5,3a,31.58894157409668
25,6,3a,28.622150421142578
25,7,3a,26.62051010131836
25,8,4a,26.740800857543945
25,9,4b,27.564620971679688
25,10,4b,21.39346694946289
25,11,4c,14.99063777923584
25,12,4c,23.437246322631836
25,13,4c,22.398216247558594
25,14,4c,22.7855167388916
25,15,4d,20.576011657714844
25,16,4d,28.804588317871094
25,17,4d,24.62220001220703
25,18,4d,21.06915855407715
25,19,4d,25.542484283447266
25,20,4e,13.826090812683105
25,21,4e,17.16767692565918
25,22,4e,13.973752975463867
25,23,4f,24.496448516845703
25,24,4f,27.89043426513672
25,25,4f,26.631511688232422
25,26,4f,21.84832000732422
25,27,4f,26.6036319732666
26,0,0,33.446495056152344
26,1,1,22.885696411132812
26,2,1,22.113906860351562
26,3,1,27.185123443603516
26,4,1,26.202075958251953
26,5,1,23.773286819458008
27,0,0,35.233280181884766
27,1,1a,26.695903778076172
27,2,1a,28.292070388793945
27,3,1a,29.276010513305664
27,4,1a,29.816373825073242
27,5,1a,28.909542083740234
27,6,1b,22.691301345825195
27,7,1b,22.938867568969727
27,8,1b,22.614002227783203
27,9,1b,21.747055053710938
27,10,1b,23.968549728393555
28,0,0,32.0742301940918
28,1,1a,28.984203338623047
28,2,1a,28.090312957763672
28,3,1a,27.393531799316406
28,4,1a,30.027362823486328
28,5,1a,28.400863647460938
28,6,1b,30.722835540771484
28,7,1b,30.77211570739746
28,8,1b,32.0275764465332
28,9,1b,33.70750045776367
28,10,1b,31.24616050720215
29,0,0,38.74234390258789
29,1,1a,25.132118225097656
29,2,1a,26.189668655395508
29,3,1a,25.75181007385254
29,4,1a,26.727333068847656
29,5,1a,24.440776824951172
29,6,1b,24.5823917388916
29,7,1b,26.851221084594727
29,8,1b,30.609180450439453
29,9,1b,23.25214958190918
29,10,1b,29.463993072509766
30,0,0,41.864227294921875
30,1,1a,39.237422943115234
30,2,1a,36.521575927734375
30,3,1b,39.39490509033203
30,4,1b,32.237369537353516
30,5,1a,40.400638580322266
30,6,1b,36.8304443359375
30,7,2a,38.56184387207031
30,8,1c,41.14857482910156
30,9,1c,38.377586364746094
30,10,3a,34.36294937133789
30,11,3a,34.63853454589844
30,12,3a,36.70317840576172
30,13,3a,36.85893249511719
30,14,3b,35.981300354003906
30,15,3b,35.90262222290039
30,16,3b,35.50057601928711
30,17,3b,34.26877975463867
30,18,4a,33.44256591796875
30,19,4a,32.55449676513672
30,20,4a,32.000244140625
30,21,4a,34.73554611206055
30,22,4a,31.066452026367188
30,23,4b,34.30131912231445
30,24,4b,35.734222412109375
30,25,4b,32.66810607910156
30,26,4b,34.20267868041992
30,27,4b,34.00117492675781
30,28,4c,26.26740837097168
30,29,5a,26.24233627319336
30,30,5b,20.70087432861328
30,31,5b,21.86830711364746
30,32,5b,19.333576202392578
30,33,5b,19.817777633666992
30,34,5c,22.77837371826172
30,35,5,19.370683670043945
30,36,5,22.15455436706543
30,37,5,26.56100845336914
31,0,0,30.90896224975586
31,1,1a,24.689729690551758
31,2,1a,24.366849899291992
31,3,1a,22.606185913085938
31,4,1a,24.962711334228516
31,5,1a,24.946510314941406
32,0,0,31.46879005432129
32,1,1a,31.296091079711914
32,2,1a,30.803539276123047
32,3,1a,31.321956634521484
32,4,1a,30.357234954833984
32,5,1b,27.451923370361328
32,6,1b,28.425731658935547
32,7,1b,28.9493408203125
32,8,1b,30.59767723083496
33,0,0,39.47761154174805
33,1,1a,28.842382431030273
33,2,1a,30.227020263671875
33,3,1a,30.27313804626465
33,4,1a,30.689241409301758
33,5,1b,24.262691497802734
33,6,1b,27.004131317138672
33,7,1b,27.8212947845459
33,8,1b,25.4934024810791
33,9,1b,25.29601287841797
34,0,0,29.10200309753418
34,1,1a,28.331932067871094
34,2,1a,28.112634658813477
34,3,1a,26.397172927856445
34,4,1a,29.453569412231445
34,5,1a,28.75623893737793
34,6,1b,24.877445220947266
34,7,1b,22.120641708374023
34,8,1b,24.33648109436035
34,9,1b,23.080135345458984
34,10,1b,20.79542350769043
35,0,0,35.177425384521484
35,1,1a,27.678136825561523
35,2,1a,26.39129638671875
35,3,1a,26.206754684448242
35,4,1a,25.755104064941406
35,5,1a,28.5294132232666
35,6,1b,31.739547729492188
35,7,1b,31.279953002929688
35,8,1b,34.40289306640625
35,9,1b,32.7620964050293
35,10,1b,30.805891036987305
36,0,0,31.06279945373535
36,1,1a,29.041894912719727
36,2,1a,27.56368637084961
36,3,1a,26.650043487548828
36,4,1b,26.918533325195312
36,5,1b,27.899442672729492
36,6,1b,27.353967666625977
36,7,1b,27.245288848876953
36,8,1b,26.032930374145508
37,0,0,33.19415283203125
37,1,1a,31.53660774230957
37,2,1a,33.57386779785156
37,3,1a,30.186437606811523
37,4,1a,32.48173141479492
37,5,1a,32.11416244506836
37,6,1b,25.162338256835938
37,7,1b,26.40596580505371
37,8,1b,26.57113265991211
37,9,1b,27.02126121520996
38,0,0,31.034101486206055
38,1,1a,29.03133773803711
38,2,1a,31.697471618652344
38,3,1a,31.404945373535156
38,4,1a,32.03390121459961
38,5,1a,30.47132110595703
38,6,1b,30.855562210083008
38,7,1b,32.09229278564453
38,8,1b,33.440425872802734
38,9,1b,30.785306930541992
39,0,0,32.812416076660156
39,1,1a,34.48414611816406
39,2,1a,33.189109802246094
39,3,1a,30.020519256591797
39,4,1a,32.6383171081543
39,5,1a,33.181663513183594
39,6,1b,30.21366310119629
39,7,1b,32.36112976074219
39,8,1b,29.46898651123047
39,9,1b,31.032398223876953
39,10,1b,30.255712509155273
39,11,1c,24.171794891357422
39,12,1c,21.376123428344727
39,13,1c,22.23128318786621
39,14,1c,24.470211029052734
39,15,1c,22.096540451049805
39,16,2a,28.712406158447266
39,17,2a,24.390111923217773
39,18,2a,27.64031410217285
39,19,2a,26.261730194091797
39,20,2b,20.18840980529785
39,21,2b,18.231643676757812
39,22,2b,20.671751022338867
39,23,2b,19.235734939575195
39,24,2c,21.476224899291992
39,25,2c,19.34646224975586
39,26,2c,17.817012786865234
39,27,2c,21.874950408935547
39,28,2c,19.816669464111328
40,0,0,27.8513240814209
40,1,1a,29.2601318359375
40,2,1a,28.38082504272461
40,3,1a,28.46217918395996
40,4,1a,28.211505889892578
40,5,1a,28.9741153717041
40,6,1b,27.629653930664062
40,7,1b,27.788726806640625
40,8,1b,27.693923950195312
40,9,1b,27.811002731323242
40,10,1b,28.198509216308594
41,0,0a,28.28061294555664
41,1,1a,29.258060455322266
41,2,1a,30.21080780029297
41,3,1a,29.363121032714844
41,4,1a,29.73040008544922
41,5,1a,28.388648986816406
41,6,1b,29.388343811035156
41,7,1b,32.17302322387695
41,8,1b,29.04682159423828
41,9,1b,27.11553192138672
41,10,0b,29.695751190185547
41,11,0b,31.394224166870117
41,12,0b,31.703535079956055
41,13,2a,27.324434280395508
41,14,2a,27.516521453857422
41,15,2a,28.033401489257812
41,16,2a,27.910776138305664
41,17,2a,28.923988342285156
41,18,2b,26.19884490966797
41,19,2b,26.057010650634766
41,20,2b,28.86733055114746
41,21,2b,25.0683536529541
41,22,2c,25.494308471679688
41,23,2c,25.165977478027344
41,24,2c,26.056631088256836
41,25,2c,24.317487716674805
42,0,0a,30.912532806396484
42,1,1a,31.705936431884766
42,2,1b,31.386863708496094
42,3,1b,31.383481979370117
42,4,1b,29.288299560546875
42,5,2a,21.45144271850586
42,6,2a,20.759689331054688
42,7,2a,18.948589324951172
42,8,2a,19.767662048339844
42,9,2a,19.581005096435547
42,10,0b,31.3789119720459
42,11,0b,32.26078796386719
42,12,0b,31.820919036865234
42,13,2a,25.039186477661133
42,14,2a,27.025981903076172
42,15,2a,29.51726531982422
42,16,2a,27.618776321411133
42,17,2a,26.874305725097656
43,0,0,29.04758071899414
43,1,1a,24.311704635620117
43,2,1a,28.70830535888672
43,3,1a,26.67704963684082
43,4,1a,26.790847778320312
43,5,1b,20.158615112304688
44,0,0,33.88323974609375
44,1,1a,30.158462524414062
44,2,1a,24.432710647583008
44,3,1a,30.358442306518555
44,4,1a,28.99551010131836
44,5,1a,30.364200592041016
44,6,1b,27.720983505249023
44,7,1b,28.139312744140625
44,8,1b,28.776155471801758
44,9,1b,25.20458984375
45,0,0a,34.01222229003906
45,1,0b,34.50308609008789
45,2,0b,32.1229248046875
45,3,0b,35.2445068359375
45,4,0b,32.29438400268555
45,5,0b,33.099246978759766
45,6,1,25.213274002075195
45,7,1,22.472564697265625
45,8,1,24.496313095092773
45,9,1,22.20147705078125
45,10,1,19.55284309387207
46,0,0a,31.387876510620117
46,1,1a,30.699777603149414
46,2,1a,30.959915161132812
46,3,1a,31.973621368408203
46,4,1a,31.675012588500977
46,5,1a,31.060375213623047
46,6,0b,32.18718719482422
46,7,0b,32.63121032714844
46,8,0b,32.5523681640625
46,9,0b,31.93813133239746
46,10,0b,31.06361198425293
46,11,1b,30.11908721923828
46,12,1b,30.598112106323242
46,13,1b,30.330469131469727
46,14,1b,27.459712982177734
46,15,0c,33.08639907836914
46,16,0c,29.64195442199707
46,17,0c,32.627376556396484
46,18,0c,31.285470962524414
46,19,0c,30.33296775817871
46,20,2a,28.93727684020996
46,21,2a,28.97690200805664
46,22,2a,27.753873825073242
46,23,2a,28.06043815612793
46,24,2a,28.68511390686035
46,25,2b,23.367145538330078
47,0,0,32.498470306396484
47,1,1a,32.69325256347656
47,2,1b,29.69447898864746
47,3,1b,27.343048095703125
47,4,1b,29.27041244506836
47,5,1b,27.634998321533203
47,6,1b,29.703929901123047
48,0,0,33.95547103881836
48,1,1a,23.73738670349121
48,2,1a,21.85577392578125
48,3,1a,24.451248168945312
48,4,1a,25.645395278930664
48,5,1b,30.159061431884766
48,6,1b,29.038467407226562
48,7,1b,28.71874237060547
48,8,2a,20.027334213256836
48,9,2b,24.674352645874023
48,10,2b,23.78318977355957
48,11,2b,26.36334228515625
48,12,2b,23.906639099121094
48,13,2b,23.257797241210938
48,14,2c,19.547332763671875
48,15,2c,17.548118591308594
48,16,2c,20.961063385009766
49,0,0,34.786529541015625
49,1,1a,24.897153854370117
49,2,1a,24.17622947692871
49,3,1a,25.13266372680664
49,4,1a,25.239194869995117
49,5,1b,23.585773468017578
49,6,1b,25.657365798950195
49,7,1b,24.71214485168457
49,8,1b,23.141035079956055
49,9,1b,25.241222381591797
50,0,0a,35.06161117553711
50,1,1a,33.50124740600586
50,2,1a,37.85247039794922
50,3,1a,35.145503997802734
50,4,1a,33.97225570678711
50,5,1a,32.93806076049805
50,6,1b,30.93572425842285
50,7,1b,31.90083122253418
50,8,1b,32.5020751953125
50,9,0b,34.592105865478516
50,10,0b,31.715972900390625
50,11,0b,29.70602798461914
50,12,1c,31.078731536865234
50,13,1c,33.48097610473633
50,14,1c,26.95850372314453
50,15,1c,30.57842254638672
50,16,1c,32.11156463623047
50,17,1d,30.342357635498047
50,18,1d,31.114336013793945
50,19,1d,31.758642196655273
50,20,1d,31.531749725341797
50,21,2a,25.83320426940918
50,22,2a,26.923566818237305
50,23,1e,29.778005599975586
50,24,1e,32.35541915893555
50,25,1e,27.862258911132812
50,26,1e,32.195213317871094
50,27,1e,26.30352020263672
50,28,2b,33.462772369384766
50,29,2b,32.21129608154297
50,30,2b,31.097576141357422
50,31,2b,30.87750244140625
50,32,2b,29.55145835876465
50,33,2c,26.71225357055664
50,34,2c,28.66211700439453
50,35,2c,26.82461929321289
50,36,2c,24.993379592895508
50,37,2c,28.3675537109375
50,38,1f,24.871875762939453
50,39,1f,29.372146606445312
50,40,1f,24.94049835205078
50,41,1f,27.471656799316406
50,42,1f,26.64447021484375
50,43,3a,25.82211685180664
50,44,3a,25.82391929626465
50,45,3a,25.931949615478516
50,46,3a,26.28512954711914
50,47,3a,24.414779663085938
50,48,2d,20.539840698242188
50,49,2d,20.858983993530273
50,50,2d,20.688661575317383
50,51,2d,20.19218635559082
50,52,2e,24.6162166595459
50,53,2e,23.398597717285156
50,54,2e,21.70037269592285
50,55,2e,24.102092742919922
50,56,2e,23.52025604248047
50,57,3b,24.36888313293457
50,58,3b,23.752885818481445
50,59,3b,18.759254455566406
50,60,3b,20.910261154174805
51,0,0a,29.937129974365234
51,1,1a,23.245508193969727
51,2,1a,25.52195167541504
51,3,1a,22.579177856445312
51,4,1a,24.157432556152344
51,5,1a,23.05297088623047
51,6,0b,28.841644287109375
51,7,0b,30.160459518432617
51,8,0b,30.452190399169922
51,9,0b,29.890554428100586
51,10,0b,26.98857307434082
51,11,2a,22.781049728393555
51,12,2a,21.37729835510254
51,13,2a,23.6181583404541
51,14,2a,24.0550479888916
51,15,2b,29.037158966064453
51,16,2c,22.58492660522461
51,17,2c,19.32257652282715
51,18,2c,23.507410049438477
51,19,2c,18.14713478088379
51,20,2c,25.052104949951172
52,0,0,34.75231170654297
52,1,1a,30.521488189697266
52,2,1a,29.28913688659668
52,3,1a,31.425386428833008
52,4,1a,30.39832878112793
52,5,1b,21.843595504760742
52,6,1b,23.230031967163086
52,7,1b,22.34311866760254
52,8,1b,21.819942474365234
52,9,1b,22.266447067260742
53,0,0,34.97319793701172
53,1,1a,36.000797271728516
53,2,1a,33.62908172607422
53,3,1a,33.17898941040039
53,4,1b,23.996185302734375
53,5,1b,26.4021053314209
53,6,2a,33.21927261352539
53,7,2a,31.509315490722656
53,8,2a,31.86776351928711
53,9,2a,33.16612243652344
53,10,2b,31.010343551635742
53,11,2b,28.575727462768555
53,12,2b,29.78959846496582
53,13,2b,26.9659423828125
53,14,2b,29.848167419433594
53,15,2c,25.236328125
53,16,2c,26.69703483581543
53,17,2c,26.276721954345703
53,18,2c,30.12826156616211
53,19,2c,25.90106964111328
53,20,2d,20.632354736328125
53,21,3a,25.375839233398438
53,22,3a,26.836191177368164
53,23,3a,26.33852195739746
53,24,3a,26.257749557495117
53,25,3a,25.63911247253418
53,26,3d,18.972644805908203
53,27,3d,20.82130241394043
53,28,3d,19.192405700683594
53,29,3d,25.984285354614258
53,30,3d,20.733083724975586
53,31,3e,16.49441909790039
53,32,3e,20.844736099243164
53,33,3f,13.572129249572754
53,34,3f,13.708793640136719
53,35,3f,15.045462608337402
53,36,3f,17.825159072875977
53,37,3f,14.755986213684082
54,0,0,29.816089630126953
54,1,1a,27.141876220703125
54,2,1a,26.65904426574707
54,3,1a,25.210376739501953
54,4,1a,27.89707374572754
54,5,1a,28.087791442871094
54,6,1b,27.52433967590332
54,7,1b,28.7634220123291
54,8,1b,26.680906295776367
54,9,1b,26.30923080444336
54,10,1b,28.98082733154297
54,11,1c,31.004980087280273
54,12,1c,28.409412384033203
54,13,1c,27.80879020690918
54,14,2a,22.08609962463379
54,15,2a,21.442405700683594
54,16,2a,20.444303512573242
54,17,2a,24.520898818969727
54,18,2a,21.490243911743164
54,19,2b,23.700159072875977
54,20,2b,27.275272369384766
54,21,2b,26.29036521911621
54,22,2b,26.708969116210938
54,23,2b,27.79119873046875
54,24,2c,26.652116775512695
54,25,2c,21.879596710205078
54,26,2c,25.212474822998047
55,0,0,33.609859466552734
55,1,1a,30.176006317138672
55,2,1a,30.321979522705078
55,3,1a,29.574033737182617
55,4,1a,30.94298553466797
55,5,1a,31.053539276123047
55,6,1b,28.565471649169922
55,7,1b,31.526851654052734
55,8,1b,33.81502914428711
55,9,1b,36.00685119628906
56,0,0a,36.88405990600586
56,1,0b,36.896793365478516
56,2,0b,38.0631217956543
56,3,0b,36.52294921875
56,4,0b,38.86759567260742
56,5,0b,37.531341552734375
56,6,1a,36.16966247558594
56,7,1a,35.8708610534668
56,8,1a,37.80893325805664
56,9,1a,36.70146560668945
56,10,1b,34.60434341430664
56,11,1b,38.62609100341797
56,12,1b,36.388946533203125
56,13,2a,24.623828887939453
56,14,2a,23.734342575073242
56,15,2a,25.33732795715332
56,16,2a,22.723251342773438
56,17,2a,23.36302947998047
56,18,2b,28.232898712158203
56,19,2b,29.88451385498047
56,20,2b,31.76734733581543
56,21,2b,28.339000701904297
57,0,0,28.19023323059082
57,1,1,26.374433517456055
57,2,1,24.38844108581543
57,3,1,25.469749450683594
57,4,2a,23.871931076049805
57,5,2a,23.637414932250977
57,6,2a,27.043546676635742
57,7,2a,25.112428665161133
57,8,2a,26.76905059814453
57,9,2b,25.699443817138672
57,10,2b,25.678857803344727
57,11,2b,21.564897537231445
57,12,2b,20.55841636657715
58,0,0,34.081329345703125
58,1,1a,29.099151611328125
58,2,1a,29.179065704345703
58,3,1a,28.971092224121094
58,4,1a,29.218107223510742
58,5,1b,23.820541381835938
58,6,1b,23.921916961669922
58,7,1b,26.40766143798828
58,8,1b,26.545818328857422
58,9,1b,27.528940200805664
59,0,0,32.96464920043945
59,1,1a,36.36762619018555
59,2,1a,29.235158920288086
59,3,1a,35.470542907714844
59,4,1a,31.63567352294922
59,5,1b,30.225833892822266
59,6,1b,33.25705337524414
59,7,1b,32.94235610961914
59,8,1b,31.359773635864258
59,9,1b,28.00095558166504
59,10,1c,31.059791564941406
59,11,1c,31.730960845947266
59,12,1c,26.74541473388672
59,13,1c,28.34185028076172
59,14,2a,27.196298599243164
59,15,2a,28.48312759399414
59,16,2a,29.493751525878906
59,17,2a,26.65858268737793
59,18,2a,28.536876678466797
59,19,2b,23.308685302734375
59,20,2b,24.77444839477539
59,21,2c,16.09384536743164
59,22,2c,20.012399673461914
59,23,2c,20.868003845214844
59,24,2c,20.24064826965332
59,25,2c,23.36259651184082
60,0,0,31.171430587768555
60,1,1a,30.577285766601562
60,2,1a,26.923675537109375
60,3,1a,29.035717010498047
60,4,1a,29.46346092224121
60,5,1a,28.241519927978516
60,6,1b,28.10252571105957
60,7,1b,27.00435447692871
60,8,1b,27.962310791015625
60,9,1b,27.3927001953125
60,10,1b,27.271738052368164
60,11,2a,25.829347610473633
60,12,2a,24.78769874572754
60,13,2b,18.389402389526367
60,14,2b,18.653953552246094
60,15,2b,19.80497169494629
60,16,2b,18.771207809448242
60,17,2b,21.005544662475586
60,18,2c,24.679584503173828
60,19,2c,26.28180503845215
60,20,2c,25.60845184326172
60,21,2c,24.94890022277832
60,22,2c,22.25172996520996
61,0,0a,32.34886169433594
61,1,0b,33.18021011352539
61,2,0b,35.62423324584961
61,3,0b,31.907808303833008
61,4,2a,32.4864387512207
61,5,2b,31.325265884399414
61,6,2c,23.022369384765625
61,7,2c,24.485858917236328
61,8,2c,24.391849517822266
61,9,2c,27.601064682006836
61,10,2c,24.95343017578125
61,11,2d,31.771686553955078
61,12,2d,30.945789337158203
61,13,2d,30.15275764465332
61,14,2d,30.505844116210938
61,15,3a,22.088376998901367
61,16,3a,19.183069229125977
61,17,3c,20.823286056518555
61,18,3c,20.691133499145508
61,19,3c,21.99140739440918
61,20,3c,21.430818557739258
62,0,0,31.156042098999023
62,1,1a,28.98181915283203
62,2,1a,30.140396118164062
62,3,1a,30.338560104370117
62,4,1a,31.182111740112305
62,5,1b,27.37795639038086
62,6,1b,32.394859313964844
62,7,1b,29.624547958374023
62,8,1c,31.258562088012695
62,9,1c,29.81517791748047
62,10,1c,31.091711044311523
62,11,1c,31.985088348388672
62,12,1c,31.622230529785156
62,13,2a,17.127077102661133
62,14,2a,19.976346969604492
62,15,2a,17.38304328918457
62,16,2a,16.996112823486328
62,17,2a,19.519065856933594
62,18,2b,29.624340057373047
62,19,2b,29.01748275756836
62,20,2b,27.558704376220703
62,21,2b,29.579099655151367
62,22,2b,28.591209411621094
62,23,2c,27.504127502441406
62,24,2c,29.527677536010742
62,25,2c,28.873743057250977
62,26,2c,29.72722053527832
62,27,2c,26.643861770629883
63,0,0,29.433425903320312
63,1,1a,29.942955017089844
63,2,2a,30.859901428222656
63,3,1b,33.52617645263672
63,4,2b,27.738012313842773
63,5,2b,29.152740478515625
63,6,2c,28.136165618896484
63,7,2c,27.120697021484375
63,8,2c,28.85841941833496
63,9,2d,27.997167587280273
63,10,2d,34.68851852416992
63,11,2d,33.81147766113281
63,12,2d,30.132041931152344
63,13,2d,32.694942474365234
63,14,2e,26.748144149780273
63,15,2e,29.434438705444336
63,16,2e,26.04436492919922
63,17,2e,28.253366470336914
63,18,3a,26.6646785736084
63,19,3a,29.5142765045166
63,20,3a,29.569612503051758
63,21,3a,26.77490997314453
63,22,3a,29.01922035217285
63,23,3b,21.08424949645996
63,24,3b,22.921430587768555
63,25,3b,22.58184051513672
63,26,3b,25.842971801757812
63,27,3b,21.863679885864258
63,28,3c,24.007352828979492
63,29,3c,24.482728958129883
63,30,3c,24.395057678222656
63,31,3c,23.761938095092773
63,32,3c,22.49184226989746
63,33,3d,21.730695724487305
63,34,3d,19.62649154663086
63,35,3d,22.00506591796875
63,36,3d,18.096797943115234
63,37,3d,20.225080490112305
64,0,0,33.22794723510742
64,1,1a,33.21791458129883
64,2,1a,31.3670597076416
64,3,1a,32.6495361328125
64,4,1b,32.95033645629883
64,5,1b,34.06310272216797
64,6,1b,33.560997009277344
64,7,2a,28.153488159179688
64,8,2a,30.772336959838867
64,9,2a,31.323768615722656
64,10,2a,28.6634464263916
64,11,2a,30.957664489746094
64,12,2b,22.334043502807617
64,13,2b,27.027101516723633
64,14,2b,24.567811965942383
64,15,2b,25.38445472717285
64,16,2b,27.092626571655273
65,0,0,34.67930221557617
65,1,1a,28.081026077270508
65,2,1a,28.561058044433594
65,3,1a,31.19068717956543
65,4,1a,30.82146644592285
65,5,1a,31.988420486450195
65,6,1b,20.968156814575195
65,7,1b,23.016862869262695
65,8,1b,22.62563705444336
65,9,1b,23.784332275390625
65,10,1b,20.06165885925293
66,0,0,31.276681900024414
66,1,1,22.54214859008789
66,2,1,22.142475128173828
66,3,1,23.4001522064209
66,4,1,23.3203067779541
66,5,1,21.764841079711914
66,6,2a,26.046552658081055
66,7,2a,24.426542282104492
66,8,2a,26.670564651489258
66,9,2a,24.966585159301758
66,10,2b,17.974924087524414
66,11,2b,17.773590087890625
66,12,2b,18.828672409057617
66,13,2b,17.499034881591797
66,14,2b,18.21127700805664
66,15,2c,21.800418853759766
66,16,2c,21.453155517578125
66,17,2c,23.17548179626465
66,18,2c,21.72998046875
66,19,2c,22.075807571411133
67,0,0,33.65378189086914
67,1,1a,30.881866455078125
67,2,1a,30.091514587402344
67,3,1a,31.462209701538086
67,4,1a,31.879323959350586
67,5,1a,30.950172424316406
67,6,2b,33.09111404418945
67,7,2b,29.97406005859375
67,8,2b,32.418365478515625
67,9,2b,37.47113800048828
67,10,2b,30.448278427124023
67,11,2c,21.645639419555664
67,12,2c,22.8907527923584
67,13,2c,22.342138290405273
67,14,2c,22.194683074951172
67,15,2c,22.1658992767334
67,16,3a,26.242050170898438
67,17,3a,19.530460357666016
67,18,3a,23.55205535888672
67,19,3a,18.546897888183594
67,20,3b,17.88520622253418
67,21,3b,24.272417068481445
67,22,3c,22.736520767211914
67,23,3c,22.93762969970703
67,24,3c,22.326963424682617
67,25,3c,26.18173599243164
67,26,3c,23.917980194091797
68,0,0,27.529712677001953
68,1,1a,28.094606399536133
68,2,1a,30.034788131713867
68,3,1b,30.05628204345703
68,4,1b,31.471120834350586
68,5,1b,31.549253463745117
68,6,1b,31.869300842285156
68,7,1b,30.235986709594727
68,8,2a,26.579944610595703
68,9,2a,27.656753540039062
68,10,2b,21.26490020751953
68,11,2b,23.4853572845459
68,12,2b,23.283754348754883
68,13,2b,21.47791290283203
69,0,0,36.51735305786133
69,1,1a,31.901981353759766
69,2,1a,34.14533996582031
69,3,1b,29.303319931030273
69,4,1b,30.19582176208496
69,5,1b,24.467594146728516
69,6,1b,25.378881454467773
69,7,1b,29.068954467773438
69,8,1c,28.820781707763672
69,9,1c,29.632808685302734
69,10,1c,30.647205352783203
69,11,2a,21.800443649291992
69,12,2a,19.650400161743164
69,13,2a,22.2095947265625
69,14,2a,21.823232650756836
69,15,2a,18.9019775390625
69,16,2b,19.760677337646484
69,17,2b,23.06496810913086
69,18,2b,24.1951904296875
69,19,2b,19.211034774780273
69,20,2b,23.893129348754883
69,21,2c,21.881914138793945
69,22,2c,22.070066452026367
69,23,2c,20.696971893310547
69,24,2c,23.606149673461914
69,25,2c,19.986175537109375
70,0,0,32.63705062866211
70,1,1a,32.337005615234375
70,2,1b,27.131717681884766
70,3,1b,31.109102249145508
70,4,1b,28.617218017578125
70,5,1b,28.589847564697266
70,6,1b,29.87323570251465
70,7,1c,33.27154541015625
70,8,1c,33.3326416015625
70,9,2a,25.557466506958008
70,10,2a,26.245214462280273
70,11,2a,26.21014404296875
70,12,2a,26.052732467651367
70,13,2a,22.896381378173828
70,14,2b,23.143712997436523
70,15,2b,28.491928100585938
70,16,2b,27.492191314697266
70,17,2b,27.909605026245117
71,0,0a,38.24726486206055
71,1,0b,36.49676513671875
71,2,0b,36.849632263183594
71,3,0b,39.079402923583984
71,4,0b,38.3629035949707
71,5,0b,35.58944320678711
71,6,1a,36.15584182739258
71,7,1a,32.84889602661133
71,8,1a,32.73385238647461
71,9,1b,24.143342971801758
71,10,1b,23.928457260131836
71,11,1b,24.323680877685547
71,12,1b,22.965967178344727
71,13,1b,23.63100242614746
72,0,0a,32.03609085083008
72,1,0b,32.70576858520508
72,2,0b,32.76984786987305
72,3,0b,34.43986511230469
72,4,0b,36.31600570678711
72,5,0b,33.304752349853516
72,6,1a,32.80129623413086
72,7,1a,33.925052642822266
72,8,1a,32.64859390258789
72,9,1b,31.595983505249023
72,10,1b,31.36296844482422
72,11,1b,33.459503173828125
72,12,1b,26.716259002685547
72,13,2a,24.638303756713867
72,14,2a,22.666383743286133
72,15,2a,27.23380470275879
72,16,2a,23.339488983154297
72,17,2a,20.701324462890625
72,18,2b,29.035051345825195
72,19,2b,27.996034622192383
72,20,2b,31.698869705200195
72,21,2b,28.83837127685547
72,22,2b,25.405834197998047
73,0,0a,30.58555030822754
73,1,0b,35.49494552612305
73,2,0b,33.68815231323242
73,3,0b,32.870147705078125
73,4,0b,34.076480865478516
73,5,0b,33.93709182739258
73,6,1a,30.0902099609375
73,7,1a,28.55917739868164
73,8,1a,31.52437400817871
73,9,1a,31.712749481201172
73,10,1a,27.244388580322266
73,11,1b,28.826080322265625
73,12,1b,27.757671356201172
73,13,1b,27.898038864135742
73,14,1b,31.04963493347168
73,15,1b,31.945117950439453
73,16,1c,26.873432159423828
73,17,1c,25.68968391418457
73,18,1c,28.22115135192871
73,19,1c,29.63393211364746
73,20,1c,27.326473236083984
73,21,2a,19.698070526123047
73,22,2a,16.862377166748047
73,23,2a,21.392454147338867
73,24,2a,23.9969425201416
73,25,2a,23.52052116394043
73,26,2b,26.359941482543945
73,27,2b,25.73482894897461
73,28,2b,24.945066452026367
73,29,2b,29.75663185119629
73,30,2b,26.540740966796875
73,31,2c,24.055112838745117
74,0,0a,30.00479507446289
74,1,0b,30.447525024414062
74,2,0b,29.41599464416504
74,3,1a,28.03952980041504
74,4,1a,27.349538803100586
74,5,1b,22.982839584350586
74,6,1b,22.718429565429688
74,7,1b,22.343374252319336
74,8,1b,23.111276626586914
74,9,1b,23.83761215209961
74,10,2a,22.756874084472656
74,11,2a,23.4083309173584
74,12,2a,23.75071907043457
74,13,2a,22.855539321899414
74,14,2a,22.995067596435547
74,15,2b,20.625328063964844
74,16,2b,20.93444061279297
74,17,2b,22.432207107543945
74,18,2b,20.08111572265625
74,19,2b,21.63993263244629
75,0,0a,31.093358993530273
75,1,0b,32.18445587158203
75,2,0b,31.559215545654297
75,3,0b,31.929227828979492
75,4,0b,31.956663131713867
75,5,0b,31.646516799926758
75,6,1a,28.67093276977539
75,7,1a,28.610679626464844
75,8,1b,21.357126235961914
75,9,1b,22.604476928710938
75,10,1b,22.8760929107666
75,11,1b,21.087608337402344
75,12,1b,19.50335693359375
75,13,1c,27.087135314941406
75,14,1c,28.457393646240234
76,0,0a,33.04449462890625
76,1,0b,33.08732986450195
76,2,0b,35.25249099731445
76,3,0b,33.5316162109375
76,4,0b,34.46646499633789
76,5,0b,33.32156753540039
76,6,1a,29.392980575561523
76,7,1a,31.551267623901367
76,8,1a,29.63371467590332
76,9,1a,27.59303092956543
76,10,1b,24.98043441772461
76,11,1b,25.058185577392578
76,12,1b,25.484987258911133
76,13,1b,26.17457389831543
76,14,1b,25.523807525634766
77,0,0,34.763816833496094
77,1,0,38.50081253051758
77,2,0,37.34463882446289
77,3,0,36.84333801269531
77,4,1a,17.09073257446289
77,5,1a,18.290447235107422
77,6,1a,19.101045608520508
77,7,1a,17.826845169067383
77,8,1a,19.583126068115234
77,9,1b,30.511751174926758
77,10,1b,27.798931121826172
77,11,1b,26.84905433654785
77,12,1b,26.23206329345703
77,13,1b,25.995662689208984
78,0,0,37.007877349853516
78,1,0,37.35526657104492
78,2,0,34.832786560058594
78,3,0,31.883378982543945
78,4,0,35.89279556274414
78,5,1,35.657474517822266
78,6,1,36.8220329284668
78,7,2a,29.745908737182617
78,8,2a,26.531200408935547
78,9,2a,25.968372344970703
78,10,2a,25.93701934814453
78,11,2a,23.719581604003906
78,12,2b,22.77283477783203
78,13,2b,24.643613815307617
78,14,2b,24.300884246826172
78,15,2b,26.713050842285156
78,16,2b,21.67286491394043
78,17,2c,26.569690704345703
78,18,2c,26.484819412231445
78,19,2c,24.494958877563477
78,20,2c,24.48725128173828
78,21,3a,23.121740341186523
78,22,3a,22.50069808959961
78,23,3a,27.002580642700195
78,24,3a,23.43707275390625
78,25,3a,23.994213104248047
78,26,3b,23.409252166748047
78,27,3b,24.781091690063477
78,28,3b,20.953588485717773
78,29,3b,22.45606803894043
78,30,3b,29.209842681884766
78,31,3c,18.168739318847656
78,32,3c,20.280075073242188
78,33,3c,18.995561599731445
78,34,3c,21.29479217529297
78,35,3c,21.806365966796875
79,0,0,35.212013244628906
79,1,0,35.07343673706055
79,2,0,35.25005340576172
79,3,0,34.04591751098633
79,4,1a,32.94886016845703
79,5,1b,25.95271110534668
79,6,1c,31.39915657043457
79,7,1c,32.754547119140625
79,8,1c,31.93509864807129
79,9,1c,31.947805404663086
79,10,1c,29.886734008789062
79,11,2a,17.599075317382812
79,12,2a,23.441804885864258
79,13,2a,17.277292251586914
79,14,2a,19.579631805419922
79,15,2a,18.205217361450195
79,16,2b,24.81708335876465
79,17,2b,27.32474708557129
79,18,2b,26.604829788208008
79,19,2b,26.438953399658203
79,20,2b,27.04620361328125
79,21,2c,22.02707862854004
79,22,2c,21.40239715576172
79,23,2c,17.44642448425293
79,24,2c,21.51630401611328
79,25,2c,21.22118377685547
80,0,0,34.1849365234375
80,1,0,35.26027297973633
80,2,0,34.72135543823242
80,3,0,36.00761413574219
80,4,0,33.28244400024414
80,5,0,35.69378662109375
80,6,2,17.72563934326172
80,7,2,18.41556739807129
80,8,2,20.038644790649414
80,9,2,17.72219467163086
80,10,2,16.236103057861328
81,0,0,30.770238876342773
81,1,0,26.25222396850586
81,2,1a,27.029361724853516
81,3,1b,28.765710830688477
82,0,0,38.59438705444336
82,1,0,39.62932205200195
82,2,0,34.118717193603516
82,3,0,36.94032669067383
82,4,0,38.91328430175781
82,5,0,38.760189056396484
82,6,1a,28.463050842285156
82,7,1a,34.257991790771484
82,8,1a,33.12751388549805
82,9,1a,32.97993850708008
82,10,1a,35.73930358886719
82,11,1b,23.296775817871094
82,12,1b,28.599506378173828
82,13,1b,32.03775405883789
82,14,1b,29.715606689453125
82,15,1b,28.602581024169922
82,16,2a,13.784915924072266
82,17,2a,22.299055099487305
82,18,2a,23.4567928314209
82,19,2a,20.49601173400879
82,20,2a,20.63679313659668
82,21,2b,22.826305389404297
82,22,2c,22.91240882873535
82,23,2c,24.245861053466797
82,24,2c,24.630857467651367
82,25,2c,24.678829193115234
82,26,2c,23.397262573242188
83,0,0,35.112823486328125
83,1,0,32.4018669128418
83,2,0,33.91082763671875
83,3,0,35.4237060546875
83,4,0,35.13557434082031
83,5,0,34.56922912597656
83,6,1a,26.466920852661133
83,7,1a,28.962709426879883
83,8,1a,26.085811614990234
83,9,1a,28.963069915771484
83,10,1a,28.335134506225586
83,11,1b,22.742450714111328
83,12,1b,21.61941909790039
83,13,1b,24.111886978149414
83,14,1b,21.113496780395508
83,15,1b,20.4932804107666
84,0,0,31.474205017089844
84,1,0,31.880680084228516
84,2,0,30.43325424194336
84,3,0,29.334562301635742
84,4,0,31.512191772460938
84,5,0,30.93177604675293
84,6,1a,24.125825881958008
84,7,1a,29.62044906616211
84,8,1a,28.727611541748047
84,9,1a,28.72148895263672
84,10,1a,29.44367790222168
84,11,1a,29.374786376953125
84,12,1b,28.380905151367188
84,13,1b,28.4676513671875
84,14,1b,27.6807918548584
84,15,1b,29.721948623657227
84,16,2,28.268386840820312
84,17,2,26.400800704956055
84,18,2,28.0007266998291
84,19,2,24.904932022094727
84,20,2,24.93631362915039
84,21,3a,21.843454360961914
84,22,3a,23.231477737426758
84,23,3a,23.20004653930664
84,24,3a,23.000959396362305
84,25,3b,23.074481964111328
84,26,3b,24.399154663085938
84,27,3b,24.535654067993164
84,28,3b,23.84676170349121
84,29,3b,23.434324264526367
84,30,4,18.242013931274414
84,31,4,16.609024047851562
84,32,4,19.562211990356445
84,33,4,17.672534942626953
84,34,4,20.293642044067383
85,0,0,37.278099060058594
85,1,1,34.5869255065918
85,2,1,34.737667083740234
85,3,2,30.860265731811523
85,4,2,30.35470199584961
85,5,2,33.88506317138672
85,6,2,28.241361618041992
85,7,3a,23.88787841796875
85,8,3b,21.70172882080078
85,9,3b,21.603076934814453
85,10,3b,22.043838500976562
85,11,3b,21.19371223449707
85,12,3c,25.31230354309082
85,13,3c,20.200971603393555
85,14,3c,21.90750503540039
85,15,3c,24.691390991210938
85,16,3c,25.19522476196289
85,17,4a,26.981830596923828
85,18,4a,27.06047248840332
85,19,4b,16.80291748046875
85,20,4b,18.86682891845703
85,21,4b,15.088574409484863
85,22,4c,31.435089111328125
85,23,4c,28.313045501708984
85,24,4c,28.10735321044922
86,0,0,33.07485580444336
86,1,0,33.462310791015625
86,2,0,33.998313903808594
86,3,1a,32.57330322265625
86,4,1a,38.01211166381836
86,5,1a,34.38935089111328
86,6,1a,29.488771438598633
86,7,1b,31.478515625
86,8,1c,25.87499237060547
86,9,1c,24.44305992126465
86,10,2a,28.053943634033203
86,11,2a,28.74894905090332
86,12,2a,25.842632293701172
86,13,2a,26.825302124023438
86,14,2b,27.41843032836914
86,15,2b,27.592309951782227
86,16,2b,25.48637580871582
86,17,2b,27.69865608215332
86,18,2b,28.569562911987305
86,19,2c,24.789779663085938
86,20,2c,24.00059700012207
86,21,3a,18.519298553466797
86,22,3a,18.88211441040039
86,23,3a,17.991758346557617
86,24,3a,17.813228607177734
86,25,3b,25.101749420166016
86,26,3c,13.50119400024414
86,27,3c,19.128141403198242
86,28,3c,15.775321006774902
86,29,3c,19.293256759643555
86,30,3d,23.54923439025879
86,31,3d,18.731719970703125
86,32,3d,22.322818756103516
86,33,3d,23.995616912841797
86,34,3d,28.066089630126953
87,0,0,32.48412322998047
87,1,0,31.120433807373047
87,2,0,33.86690902709961
87,3,0,30.84576988220215
87,4,0,30.387561798095703
87,5,1,29.612241744995117
88,0,0,26.130582809448242
88,1,0,29.156108856201172
88,2,0,28.786481857299805
88,3,0,26.89619255065918
88,4,0,29.140445709228516
88,5,1a,24.163469314575195
88,6,1a,24.927778244018555
88,7,1a,26.186874389648438
88,8,1b,29.13200569152832
88,9,1b,26.958595275878906
89,0,0,32.10968780517578
89,1,0,29.80908966064453
89,2,0,29.320369720458984
89,3,0,29.18072509765625
89,4,0,29.619112014770508
89,5,0,32.08367919921875
89,6,1a,27.287973403930664
89,7,1a,28.182390213012695
89,8,1a,26.582693099975586
89,9,1b,31.454072952270508
89,10,1c,25.574655532836914
89,11,1c,21.273698806762695
89,12,1c,23.76774787902832
89,13,1c,22.73169708251953
89,14,1c,24.505447387695312
89,15,2a,27.227588653564453
89,16,2a,26.724966049194336
89,17,2a,25.690021514892578
89,18,2a,25.184696197509766
89,19,2a,26.383148193359375
89,20,2b,23.766435623168945
89,21,2b,22.62506103515625
89,22,2b,23.305992126464844
89,23,2b,21.39409828186035
89,24,2b,21.823307037353516
89,25,2b,21.297393798828125
90,0,0,36.8258056640625
90,1,1a,35.99396514892578
90,2,1a,33.95778274536133
90,3,1a,34.70738983154297
90,4,1a,33.99679183959961
90,5,1a,34.11115646362305
90,6,1b,31.761207580566406
90,7,1b,32.36647033691406
90,8,1b,29.454477310180664
90,9,1b,36.065242767333984
90,10,1b,29.144634246826172
90,11,1c,29.36954116821289
90,12,1c,31.216039657592773
90,13,1c,31.221904754638672
90,14,1c,34.77064514160156
90,15,1c,31.71271324157715
90,16,2a,27.61000633239746
90,17,2a,27.49468231201172
90,18,2b,19.744794845581055
90,19,2b,20.041704177856445
90,20,2b,20.735193252563477
90,21,2b,20.977415084838867
90,22,2b,20.709571838378906
90,23,2c,25.326683044433594
90,24,2c,26.33384132385254
90,25,2c,25.90471076965332
90,26,2c,25.99445152282715
90,27,2c,23.681018829345703
90,28,2d,27.251737594604492
90,29,2d,28.121585845947266
90,30,2d,24.308563232421875
90,31,2d,28.29110336303711
90,32,2d,23.739582061767578
91,0,0,32.81106185913086
91,1,0,33.01679229736328
91,2,0,26.543418884277344
91,3,0,33.72541809082031
91,4,0,31.995716094970703
91,5,1,25.306486129760742
91,6,1,23.290082931518555
91,7,1,26.68103790283203
91,8,1,21.451234817504883
92,0,0,31.866344451904297
92,1,0,31.39271354675293
92,2,0,30.626644134521484
92,3,1a,23.98713493347168
92,4,1a,23.005517959594727
92,5,1a,25.939058303833008
92,6,1a,25.039329528808594
92,7,1a,21.962966918945312
92,8,1b,24.027889251708984
92,9,1b,24.567556381225586
92,10,1b,23.81114959716797
92,11,1b,21.816890716552734
92,12,1b,23.760549545288086
93,0,0,29.814149856567383
93,1,0,28.373628616333008
93,2,1a,25.96928596496582
93,3,1b,27.595144271850586
93,4,1b,26.954683303833008
93,5,1b,28.4431095123291
93,6,1b,28.718313217163086
93,7,1b,30.589778900146484
93,8,2a,21.98725700378418
93,9,2a,22.297607421875
93,10,2a,23.188684463500977
93,11,2a,22.8253173828125
93,12,2b,21.867496490478516
93,13,2b,21.89889907836914
93,14,2b,20.157106399536133
93,15,2b,24.076807022094727
93,16,2b,24.411956787109375
93,17,2c,27.662324905395508
93,18,2c,26.851972579956055
93,19,2c,28.677871704101562
93,20,2c,24.005889892578125
93,21,2c,26.73650360107422
94,0,0,32.01486587524414
94,1,0,32.716190338134766
94,2,0,36.373477935791016
94,3,0,33.25054168701172
94,4,0,32.16927719116211
94,5,0,32.055198669433594
94,6,1a,28.549882888793945
94,7,1a,30.526708602905273
94,8,1a,30.6771297454834
94,9,1b,26.117929458618164
94,10,1b,26.740249633789062
94,11,1b,29.522462844848633
94,12,1b,27.120014190673828
94,13,1b,27.940465927124023
94,14,1c,32.1225471496582
94,15,1c,29.939685821533203
94,16,1c,29.1909122467041
94,17,2a,21.5902156829834
94,18,2a,18.902563095092773
94,19,2a,21.96158790588379
94,20,2a,21.99616241455078
94,21,2a,21.065921783447266
94,22,2b,24.4426326751709
94,23,2b,26.60079574584961
94,24,2b,27.958463668823242
94,25,2b,26.855375289916992
94,26,2c,27.915843963623047
94,27,2c,25.75887680053711
94,28,2c,27.516992568969727
94,29,2c,21.689668655395508
95,0,0,38.06135940551758
95,1,0,35.71449279785156
95,2,0,37.273590087890625
95,3,0,34.46697998046875
95,4,0,37.33064651489258
95,5,0,37.12751388549805
95,6,1a,24.198110580444336
95,7,1a,27.71616554260254
95,8,1a,26.10832405090332
95,9,1a,25.510032653808594
95,10,1a,24.144067764282227
95,11,1b,25.036230087280273
95,12,1b,24.22319793701172
95,13,1b,29.335491180419922
95,14,1b,26.989826202392578
95,15,1b,26.859952926635742
95,16,1c,25.925479888916016
95,17,1c,25.01361656188965
95,18,1c,26.026954650878906
95,19,1c,25.31764793395996
95,20,1c,24.151947021484375
95,21,2a,17.982725143432617
95,22,2a,14.88200855255127
95,23,2a,15.002900123596191
95,24,2a,14.999432563781738
95,25,2a,14.671536445617676
95,26,2b,23.15549659729004
95,27,2b,17.442726135253906
95,28,2b,19.273639678955078
95,29,2b,16.42827796936035
95,30,2b,17.42902946472168
95,31,2c,22.379045486450195
95,32,2c,21.15917205810547
95,33,2c,19.150466918945312
95,34,2c,20.771432876586914
96,0,0,31.801393508911133
96,1,0,34.21720504760742
96,2,0,34.37899398803711
96,3,0,32.79006576538086
96,4,0,31.337867736816406
96,5,0,32.1073112487793
96,6,1a,28.97834014892578
96,7,1a,29.234203338623047
96,8,1a,30.762502670288086
96,9,1b,31.29522132873535
96,10,1b,31.891733169555664
96,11,1b,34.367313385009766
96,12,1b,30.64488983154297
96,13,2a,15.553853988647461
96,14,2a,17.26302719116211
96,15,2a,17.231637954711914
96,16,2a,16.388479232788086
96,17,2a,19.32750701904297
96,18,2b,26.75481605529785
96,19,2b,23.000362396240234
96,20,2b,25.544082641601562
96,21,2b,27.612821578979492
96,22,2c,28.10972785949707
96,23,2c,28.205018997192383
96,24,2c,28.234954833984375
96,25,2c,28.726388931274414
96,26,2c,29.932525634765625
97,0,0,33.579803466796875
97,1,0,33.10268783569336
97,2,0,31.888200759887695
97,3,0,33.89546585083008
97,4,0,32.91701126098633
97,5,0,33.037899017333984
97,6,1a,21.446247100830078
97,7,1a,17.785863876342773
97,8,1a,18.417640686035156
97,9,1a,21.314746856689453
97,10,1a,21.59548568725586
97,11,1b,26.97003936767578
97,12,1b,25.313203811645508
97,13,1b,29.004817962646484
97,14,1b,28.645353317260742
97,15,1b,28.26403045654297
98,0,0,32.36518859863281
98,1,2a,28.45819854736328
98,2,2a,29.88884925842285
98,3,2a,30.48713493347168
98,4,2a,29.906585693359375
98,5,2a,30.057144165039062
98,6,3a,24.095252990722656
98,7,3a,22.651670455932617
98,8,3a,24.349098205566406
98,9,3a,23.974002838134766
98,10,3a,23.966354370117188
98,11,3b,24.615108489990234
98,12,3b,26.440109252929688
98,13,3b,32.71608352661133
98,14,3b,27.5676326751709
98,15,3b,31.554216384887695
98,16,3d,17.21282196044922
98,17,3d,23.410873413085938
98,18,3d,20.580875396728516
98,19,3d,19.91962432861328
98,20,3d,16.051868438720703
98,21,3e,27.407135009765625
98,22,3e,29.401124954223633
98,23,3e,26.53223419189453
98,24,3e,27.510013580322266
98,25,3e,29.878982543945312
98,26,3f,20.532989501953125
98,27,3f,23.24896812438965
98,28,3f,21.98807144165039
98,29,3f,24.160505294799805
98,30,3f,23.449357986450195
98,31,3g,26.281766891479492
98,32,3g,23.379894256591797
98,33,3g,27.193267822265625
98,34,3g,26.387710571289062
98,35,3g,24.412187576293945
99,0,0,31.349441528320312
99,1,0,32.83186340332031
99,2,0,35.55364227294922
99,3,0,32.339115142822266
99,4,0,34.091712951660156
99,5,0,33.667388916015625
99,6,1,24.58047103881836
99,7,1,27.91765022277832
99,8,1,26.443662643432617
99,9,1,23.839649200439453
99,10,2a,26.457847595214844
99,11,2a,23.62290382385254
99,12,2a,26.021942138671875
99,13,2a,25.05927848815918
99,14,2a,26.868322372436523
99,15,2b,30.210220336914062
99,16,2b,18.29535484313965
99,17,2b,20.730375289916992
99,18,2b,21.81721305847168
99,19,2b,31.275527954101562
99,20,2c,31.933561325073242
99,21,2c,30.621849060058594
99,22,2c,31.122173309326172
99,23,2c,30.394750595092773
99,24,2c,32.09531784057617
99,25,3a,13.533618927001953
99,26,3a,16.892850875854492
99,27,3a,13.994897842407227
99,28,3a,13.223367691040039
99,29,3a,13.63433837890625
99,30,3b,31.38306999206543
99,31,3b,26.63304328918457
99,32,3b,25.562150955200195
99,33,3b,32.107757568359375
99,34,3b,30.876209259033203
99,35,3c,26.889650344848633
99,36,3c,25.94658851623535
99,37,3c,26.836217880249023
99,38,3c,24.125808715820312
99,39,3c,24.476648330688477
99,40,3d,27.71293067932129
99,41,3d,23.67242431640625
99,42,3d,22.244647979736328
99,43,3d,26.595335006713867
99,44,3d,26.570680618286133
100,0,0,35.159019470214844
100,1,0,32.20042419433594
100,2,0,35.905941009521484
100,3,0,37.401058197021484
100,4,0,28.839780807495117
100,5,1,28.199275970458984
100,6,1,28.84242820739746
100,7,1,27.42793846130371
100,8,1,28.04694938659668
100,9,1,27.517675399780273
101,0,0,31.619983673095703
101,1,0,31.709671020507812
101,2,0,31.392248153686523
101,3,0,29.452573776245117
101,4,0,29.48546600341797
101,5,0,31.84638214111328
101,6,1a,27.006473541259766
101,7,1a,24.923078536987305
101,8,1a,25.46235466003418
101,9,1a,29.1270694732666
101,10,1a,23.682464599609375
101,11,1b,28.360088348388672
101,12,1b,27.044418334960938
101,13,1b,28.434043884277344
101,14,1b,26.749828338623047
101,15,1b,26.951860427856445
101,16,1c,30.569738388061523
101,17,1c,30.183364868164062
101,18,1c,30.829919815063477
101,19,1c,30.6614990234375
101,20,1c,29.321517944335938
101,21,2a,15.598199844360352
101,22,2a,14.13767147064209
101,23,2a,21.19582176208496
101,24,2a,18.548320770263672
101,25,2a,13.102547645568848
101,26,2b,24.135404586791992
101,27,2b,20.00472068786621
101,28,2b,25.26506996154785
101,29,2b,24.579288482666016
101,30,2b,23.01829719543457
101,31,2c,21.387544631958008
101,32,2c,24.16064453125
101,33,2c,22.119417190551758
101,34,2c,23.696762084960938
101,35,2c,23.308778762817383
102,0,0,37.289878845214844
102,1,0,36.44873809814453
102,2,0,31.622465133666992
102,3,1a,26.111154556274414
102,4,1a,24.84004020690918
102,5,1a,28.676584243774414
102,6,1a,26.618810653686523
102,7,1a,26.78826141357422
102,8,1b,26.881933212280273
102,9,1b,30.154457092285156
102,10,1b,29.618671417236328
102,11,1b,27.23512840270996
102,12,1b,25.92622184753418
103,0,0,32.590965270996094
103,1,0,29.820920944213867
103,2,0,28.383649826049805
103,3,0,30.20240592956543
103,4,0,31.49039649963379
104,0,0,33.10212326049805
104,1,0,36.04841995239258
104,2,0,34.92549514770508
104,3,1a,32.230167388916016
104,4,1a,27.60465431213379
104,5,1a,27.383520126342773
104,6,1a,32.70292663574219
104,7,1a,30.66802215576172
104,8,1b,22.48472785949707
104,9,1b,23.257246017456055
104,10,1b,21.59444236755371
104,11,1b,23.818546295166016
104,12,1b,23.202478408813477
105,0,0,36.21381378173828
105,1,0,33.57956314086914
105,2,0,34.472801208496094
105,3,0,34.14152526855469
105,4,0,34.30775833129883
105,5,0,32.45980453491211
105,6,1a,27.45005989074707
105,7,1a,28.4523868560791
105,8,1a,24.29720687866211
105,9,1b,27.040367126464844
105,10,1b,26.555736541748047
105,11,1b,27.14545249938965
105,12,1b,25.562896728515625
105,13,1b,27.50576400756836
106,0,0,36.107818603515625
106,1,0,36.213199615478516
106,2,0,35.792137145996094
106,3,0,36.72723388671875
106,4,0,34.20812225341797
106,5,0,34.23833084106445
106,6,1,25.434364318847656
106,7,1,23.379962921142578
106,8,1,21.08121681213379
106,9,1,25.62026023864746
106,10,1,25.11808204650879
107,0,0,31.789011001586914
107,1,0,32.456077575683594
107,2,0,31.86858558654785
107,3,0,31.915203094482422
107,4,0,32.00049591064453
107,5,0,29.554393768310547
107,6,1,30.416893005371094
107,7,1,27.933435440063477
107,8,1,25.9809513092041
107,9,1,26.338794708251953
107,10,1,27.358295440673828
107,11,1,27.615676879882812
108,0,0,34.213993072509766
108,1,2a,38.9820556640625
108,2,2a,38.14591598510742
108,3,2a,36.50981521606445
108,4,2a,39.73118209838867
108,5,2b,32.743499755859375
108,6,2b,33.08056640625
108,7,3a,35.94227600097656
108,8,3a,37.0958251953125
108,9,3a,38.140316009521484
108,10,3a,38.67889404296875
108,11,3b,27.847841262817383
108,12,3b,28.519329071044922
108,13,3b,28.73664665222168
108,14,3b,30.035490036010742
108,15,3b,28.168737411499023
108,16,3c,25.072063446044922
108,17,3c,27.34101104736328
108,18,3c,28.172876358032227
108,19,3c,28.392131805419922
108,20,3c,26.550718307495117
108,21,3d,26.186199188232422
108,22,3d,23.83595848083496
108,23,3e,33.900821685791016
108,24,3e,33.377769470214844
108,25,3e,33.68204879760742
108,26,3e,34.972347259521484
108,27,3e,35.241703033447266
108,28,4a,30.080842971801758
108,29,4a,30.67470359802246
108,30,4a,28.515531539916992
108,31,4a,29.13552474975586
108,32,4a,30.7353515625
108,33,4b,26.358219146728516
108,34,4b,26.759748458862305
108,35,4b,26.852811813354492
108,36,4b,25.325937271118164
108,37,4b,22.86858558654785
108,38,4c,30.56795310974121
108,39,4c,33.347450256347656
108,40,4c,31.274309158325195
108,41,4c,30.876049041748047
108,42,4c,31.799026489257812
108,43,4d,28.011205673217773
108,44,4d,24.221996307373047
108,45,4d,26.585527420043945
108,46,4d,27.724040985107422
108,47,4e,24.98604965209961
108,48,4e,25.59461784362793
108,49,4e,27.367277145385742
108,50,4e,26.564990997314453
109,0,0,37.26301574707031
109,1,0,34.46897506713867
109,2,0,35.741878509521484
109,3,0,38.09029006958008
109,4,0,39.03599548339844
109,5,0,38.322017669677734
109,6,1a,32.02458953857422
109,7,1a,33.764095306396484
109,8,1a,31.903141021728516
109,9,1a,37.46760940551758
109,10,1a,31.531265258789062
109,11,1b,27.215652465820312
109,12,1b,29.25064468383789
109,13,1b,29.580839157104492
109,14,1b,27.59187126159668
109,15,1b,26.119182586669922
110,0,0,34.721435546875
110,1,0,30.895484924316406
110,2,0,34.588165283203125
110,3,0,33.63393783569336
110,4,0,34.9261360168457
110,5,1a,30.473054885864258
110,6,1a,33.09160232543945
110,7,1a,26.691051483154297
110,8,1a,27.24944496154785
110,9,1a,25.893285751342773
110,10,1b,35.54555130004883
110,11,1b,35.36123275756836
110,12,1c,31.963037490844727
110,13,1c,32.325889587402344
110,14,1c,32.03274154663086
110,15,1c,29.314645767211914
110,16,1c,30.42888832092285
110,17,2a,21.334300994873047
110,18,2a,23.344202041625977
110,19,2a,21.5250301361084
110,20,2a,23.71514892578125
110,21,2a,21.975719451904297
110,22,2b,19.99845314025879
110,23,2b,19.17970848083496
110,24,2b,19.92711067199707
110,25,2b,20.205963134765625
110,26,2b,17.550212860107422
110,27,2c,28.32515525817871
110,28,2c,28.28369903564453
110,29,2c,28.762378692626953
111,0,0,32.956939697265625
111,1,1,31.673070907592773
111,2,2,26.553133010864258
111,3,3a,26.88267707824707
111,4,3a,27.645620346069336
111,5,3a,24.2866268157959
112,0,0,33.1877555847168
112,1,1a,25.400875091552734
112,2,1b,31.451522827148438
112,3,1a,24.869279861450195
112,4,2a,24.433706283569336
112,5,2b,17.774002075195312
113,0,0,30.509397506713867
113,1,0,31.560449600219727
113,2,1,29.984703063964844
113,3,1,31.452228546142578
113,4,2,28.851213455200195
113,5,3,30.46759033203125
114,0,0,34.36774444580078
114,1,0,32.68608093261719
114,2,1a,30.311092376708984
114,3,1b,32.76457977294922
114,4,2a,25.97987174987793
114,5,2b,26.482847213745117
115,0,0,35.108055114746094
115,1,1,24.816423416137695
115,2,1,28.404085159301758
115,3,2a,29.807527542114258
115,4,2b,29.075326919555664
115,5,2c,29.96221923828125
116,0,0,35.26395797729492
116,1,0,31.059303283691406
116,2,0,30.58857536315918
116,3,0,29.228593826293945
116,4,1a,31.779273986816406
116,5,1b,32.905513763427734
117,0,0,28.985963821411133
117,1,1,22.527944564819336
117,2,1,33.66261291503906
117,3,1,28.886625289916992
117,4,1,35.46329879760742
117,5,1,35.39696502685547
118,0,0,33.331398010253906
118,1,0,31.893625259399414
118,2,1,27.224149703979492
118,3,1,29.046146392822266
118,4,1,30.993330001831055
118,5,2,23.964160919189453
119,0,0,31.615856170654297
119,1,0,31.191402435302734
119,2,1a,31.768890380859375
119,3,1b,29.921157836914062
119,4,1b,29.04233169555664
119,5,2,23.58776092529297
120,0,0,31.394990921020508
120,1,1a,28.44747543334961
120,2,1a,29.913320541381836
120,3,1b,23.722373962402344
120,4,1c,27.6346435546875
120,5,1c,27.4016170501709
121,0,0,31.986125946044922
121,1,0,31.035253524780273
121,2,1,30.376134872436523
121,3,2,22.792078018188477
121,4,2,28.42010498046875
121,5,2,30.804048538208008
122,0,0,36.28141403198242
122,1,1,32.44233322143555
122,2,2a,34.50932693481445
122,3,2b,33.557064056396484
122,4,3a,29.562881469726562
122,5,3b,24.12592315673828
123,0,0,32.25034713745117
123,1,1a,30.828948974609375
123,2,1b,35.24592208862305
123,3,2,28.1868953704834
123,4,1b,30.614532470703125
123,5,1b,32.88984298706055
124,0,0,30.81534767150879
124,1,0,30.722978591918945
124,2,1a,29.149391174316406
124,3,1b,32.4761962890625
124,4,1c,33.991615295410156
124,5,2,28.235780715942383
125,0,0,27.74567222595215
125,1,1a,30.69391441345215
125,2,1b,28.44124984741211
125,3,1c,32.005859375
125,4,1d,29.976661682128906
125,5,1d,28.38796615600586
126,0,0,30.458505630493164
126,1,1,25.49812126159668
126,2,1,28.77139663696289
126,3,1,20.43330955505371
126,4,2a,25.79677391052246
126,5,2b,20.382036209106445
127,0,0,35.345951080322266
127,1,0,28.35630989074707
127,2,1a,24.91065216064453
127,3,1b,26.75469207763672
127,4,2a,24.894166946411133
127,5,2b,25.594289779663086
128,0,0,31.223037719726562
128,1,0,28.428956985473633
128,2,1a,27.021568298339844
128,3,1a,26.4233455657959
128,4,2,32.30399703979492
128,5,3,23.452529907226562
129,0,0,29.371341705322266
129,1,1,18.460405349731445
129,2,2,27.908565521240234
129,3,2,29.991701126098633
129,4,3,26.171192169189453
129,5,4,23.53215789794922
130,0,0,32.44923782348633
130,1,1a,31.853397369384766
130,2,1a,27.820960998535156
130,3,1b,27.553380966186523
130,4,1b,27.303565979003906
130,5,2,25.7979736328125
131,0,0,30.270837783813477
131,1,0,29.383569717407227
131,2,1a,28.27885627746582
131,3,1b,27.162830352783203
131,4,1b,28.067245483398438
131,5,1b,25.756256103515625
132,0,0,34.56086349487305
132,1,0,30.0902099609375
132,2,1,26.829519271850586
132,3,1,27.60459327697754
132,4,2,24.210573196411133
132,5,2,26.927776336669922
133,0,0,29.85045623779297
133,1,1,28.864501953125
133,2,1,31.059585571289062
133,3,2,27.917959213256836
133,4,2,21.37851333618164
133,5,3,27.009769439697266
134,0,0,29.462425231933594
134,1,1a,31.787334442138672
134,2,1a,29.493682861328125
134,3,1b,27.99273109436035
134,4,1b,27.044790267944336
134,5,1b,31.330707550048828
135,0,0,31.19493865966797
135,1,0,29.716157913208008
135,2,1a,29.390451431274414
135,3,1b,27.143749237060547
135,4,2a,23.1031436920166
135,5,2b,22.470590591430664
136,0,1a,28.452884674072266
136,1,0,36.65934371948242
136,2,0,38.27864074707031
136,3,1b,37.34760665893555
136,4,1c,30.37023162841797
137,0,1a,32.34253692626953
137,1,1b,29.362855911254883
137,2,1a,26.798810958862305
137,3,0,33.82802963256836
138,0,1a,29.06549835205078
138,1,1b,31.933748245239258
138,2,2,30.7539119720459
138,3,0,31.77876091003418
138,4,0,31.183263778686523
139,0,1a,27.783634185791016
139,1,1a,26.70553207397461
139,2,0,37.726600646972656
139,3,1b,35.50872039794922
139,4,2,27.36034393310547
140,0,0,34.244659423828125
140,1,1a,30.65644073486328
140,2,1b,34.65663528442383
140,3,1b,29.65918731689453
140,4,1b,32.06328582763672
141,0,1,24.23930549621582
141,1,1,25.198789596557617
141,2,0,32.321434020996094
141,3,0,31.292295455932617
141,4,1,25.99781036376953
142,0,1a,33.074501037597656
142,1,0,37.015560150146484
142,2,1a,34.14227294921875
142,3,0,34.404296875
142,4,0,36.484519958496094
143,0,2a,29.621150970458984
143,1,1a,29.32969856262207
143,2,0,28.098827362060547
143,3,1b,27.8676700592041
143,4,1c,24.26998519897461
144,0,1a,29.391204833984375
144,1,2,27.898910522460938
144,2,1a,29.401552200317383
144,3,0,35.97093963623047
145,0,0,32.563785552978516
145,1,2,30.020984649658203
145,2,1a,31.662904739379883
145,3,1a,31.768444061279297
145,4,0,32.61442947387695
146,0,1b,28.655120849609375
146,1,1b,25.67346954345703
146,2,1b,26.359107971191406
146,3,1b,26.06778335571289
146,4,1b,24.53744888305664
146,5,2,28.26786231994629
146,6,2,27.49275779724121
146,7,2,27.303232192993164
146,8,2,26.484439849853516
146,9,2,25.828279495239258
146,10,1a,15.616534233093262
146,11,1a,14.951666831970215
146,12,0,36.38914489746094
147,0,1,28.93966293334961
147,1,1,34.056915283203125
147,2,0,33.16462326049805
147,3,2,27.599336624145508
148,0,2a,30.34987449645996
148,1,1a,32.88163757324219
148,2,1a,32.735267639160156
148,3,1a,32.673126220703125
148,4,1a,34.60077667236328
148,5,1a,33.55940246582031
148,6,1a,33.651283264160156
148,7,1b,37.033363342285156
148,8,1b,36.00093460083008
148,9,1b,36.60915756225586
148,10,2b,31.239686965942383
148,11,1b,38.56650924682617
148,12,1b,36.71643829345703
148,13,2c,31.16286849975586
148,14,3,24.330232620239258
148,15,3,21.613788604736328
148,16,3,31.16230583190918
148,17,2b,27.217384338378906
148,18,2b,26.546018600463867
148,19,3,26.429039001464844
148,20,3,29.026033401489258
148,21,1c,33.61670684814453
148,22,1b,36.80982208251953
148,23,1b,35.461143493652344
148,24,2a,34.7405891418457
148,25,1a,34.473594665527344
148,26,2b,30.047365188598633
148,27,1b,38.036720275878906
148,28,1b,38.38001251220703
148,29,1b,36.455810546875
148,30,1a,38.539649963378906
148,31,0,39.562660217285156
148,32,0,39.971343994140625
148,33,1b,36.71278762817383
148,34,1b,37.73371887207031
148,35,1b,36.89036178588867
148,36,2b,32.79901885986328
148,37,1b,37.575958251953125
148,38,1a,36.42339324951172
148,39,3a,24.671049118041992
148,40,3a,27.9605712890625
148,41,2c,33.03236770629883
148,42,2b,28.71082878112793
148,43,2b,22.168838500976562
148,44,2b,27.804513931274414
148,45,2b,30.231788635253906
148,46,2b,25.966333389282227
148,47,2c,32.060150146484375
148,48,1b,35.368629455566406
148,49,2a,34.96884536743164
148,50,0,34.85612487792969
149,0,1b,30.64124298095703
149,1,1a,29.432432174682617
149,2,1b,28.25531578063965
149,3,1a,31.12149429321289
149,4,0,35.69900894165039
149,5,0,37.21965789794922
149,6,1a,32.82524108886719
149,7,0,34.611690521240234
149,8,0,35.724273681640625
149,9,1c,30.948680877685547
149,10,1c,34.35143280029297
149,11,1c,30.47202491760254
149,12,1c,32.253719329833984
149,13,1a,30.20404815673828
149,14,1a,30.660547256469727
149,15,1a,30.817779541015625
149,16,1a,30.407060623168945
149,17,1a,30.849458694458008
150,0,0,33.20074462890625
150,1,0,33.00965118408203
150,2,0,30.734867095947266
150,3,1a,31.2600040435791
150,4,0,31.704315185546875
150,5,1b,27.40445899963379
150,6,1b,28.098373413085938
150,7,1b,28.52467155456543
150,8,1b,27.17267417907715
150,9,1b,29.364137649536133
150,10,1c,32.53648376464844
150,11,1c,31.427078247070312
150,12,1c,33.50859451293945
150,13,1c,32.20781326293945
150,14,1c,32.47779083251953
151,0,1a,31.118276596069336
151,1,1a,29.227964401245117
151,2,1a,29.529800415039062
151,3,1a,30.220951080322266
151,4,1a,30.452247619628906
151,5,1a,31.5809326171875
151,6,1a,29.464061737060547
151,7,1a,30.07863998413086
151,8,1a,31.578170776367188
151,9,1a,31.326242446899414
151,10,0,36.80282211303711
151,11,1a,36.428462982177734
151,12,0,35.58531188964844
151,13,0,36.814876556396484
151,14,0,37.546504974365234
151,15,1b,31.136560440063477
151,16,1a,27.96413803100586
151,17,1b,32.435855865478516
151,18,1a,30.017589569091797
152,0,0,33.13051223754883
152,1,1a,31.432804107666016
152,2,0,31.76463508605957
152,3,1a,31.99718475341797
152,4,1b,31.416669845581055
152,5,2a,30.49741554260254
152,6,2a,30.401443481445312
152,7,2a,30.54477882385254
152,8,0,33.73109817504883
152,9,1a,32.24053192138672
152,10,1c,31.439298629760742
152,11,2b,31.73276138305664
152,12,2c,30.316509246826172
152,13,1c,31.0892276763916
152,14,0,30.799108505249023
152,15,1c,30.868885040283203
152,16,2c,30.786535263061523
153,0,2a,27.611894607543945
153,1,1a,27.5211238861084
153,2,2a,28.11551284790039
153,3,2a,29.607227325439453
153,4,0,29.876388549804688
153,5,1b,30.151643753051758
153,6,1b,30.764110565185547
153,7,0,29.31523323059082
153,8,1c,30.5767879486084
153,9,0,30.473981857299805
153,10,0,29.439899444580078
153,11,0,30.153535842895508
153,12,1d,29.71012306213379
154,0,0,31.803804397583008
154,1,1a,35.31264877319336
154,2,0,33.57473373413086
154,3,0,31.499713897705078
154,4,0,31.91019630432129
154,5,1b,26.659807205200195
154,6,2a,26.60563850402832
154,7,1b,27.45931625366211
154,8,1b,28.330894470214844
154,9,2b,28.58285903930664
154,10,1c,28.546016693115234
154,11,2b,26.951080322265625
154,12,2b,25.599889755249023
154,13,1c,30.448511123657227
154,14,1a,30.32478904724121
154,15,1a,33.712623596191406
154,16,1a,30.444385528564453
154,17,1a,32.18329620361328
155,0,1a,33.865325927734375
155,1,2a,32.418758392333984
155,2,2a,30.331315994262695
155,3,2a,32.47550582885742
155,4,2a,32.809661865234375
155,5,3a,23.013870239257812
155,6,3a,23.966400146484375
155,7,3a,23.1420955657959
155,8,1b,32.331642150878906
155,9,1b,30.76789665222168
155,10,1b,31.665340423583984
155,11,1b,31.10940170288086
155,12,1b,32.18205642700195
155,13,1c,26.330699920654297
155,14,1c,26.2929630279541
155,15,1c,27.759340286254883
155,16,2b,25.76992416381836
155,17,2b,25.738319396972656
155,18,2b,24.620149612426758
155,19,1c,29.62367820739746
155,20,1c,30.35082244873047
155,21,1c,29.64134407043457
155,22,2c,30.282428741455078
155,23,2c,30.241214752197266
155,24,1c,30.09522247314453
155,25,1c,30.381750106811523
155,26,1c,29.538557052612305
155,27,1c,30.142070770263672
155,28,1c,30.547958374023438
155,29,1a,37.366024017333984
155,30,1a,34.94182205200195
155,31,1a,36.86967086791992
155,32,1a,36.56045913696289
155,33,1a,34.59955978393555
155,34,0,35.209598541259766
155,35,1c,33.87379837036133
155,36,0,36.88167190551758
155,37,0,35.341983795166016
155,38,0,34.45433807373047
155,39,1b,32.503536224365234
155,40,0,34.283573150634766
155,41,1b,32.30497741699219
155,42,0,32.37860870361328
155,43,1b,31.362667083740234
155,44,1c,30.58724021911621
155,45,1c,34.98606491088867
155,46,0,37.346954345703125
155,47,0,34.5041618347168
155,48,0,34.36711883544922
155,49,2a,32.043460845947266
155,50,2a,32.18632507324219
155,51,2a,30.87312889099121
155,52,2a,30.700054168701172
155,53,2a,31.804134368896484
156,0,2a,27.017107009887695
156,1,1d,29.555723190307617
156,2,2a,28.599609375
156,3,2a,26.243741989135742
156,4,1b,32.158042907714844
156,5,1b,32.92291259765625
156,6,1b,32.642791748046875
156,7,1b,32.52388000488281
156,8,1b,32.04219436645508
156,9,2b,27.04683494567871
156,10,1b,31.397857666015625
156,11,2b,26.744647979736328
156,12,1b,29.980220794677734
156,13,1b,30.633880615234375
156,14,2a,26.088886260986328
156,15,2a,28.96733856201172
156,16,2a,27.972997665405273
156,17,2a,30.91702651977539
156,18,2a,26.41635513305664
156,19,1b,30.731027603149414
156,20,1b,33.66602325439453
156,21,1a,35.6118049621582
156,22,1c,34.595645904541016
156,23,0,35.48360061645508
156,24,2b,29.419790267944336
156,25,2b,31.895109176635742
156,26,2b,30.30274200439453
156,27,2b,30.748262405395508
156,28,2b,29.534204483032227
156,29,2c,21.124643325805664
156,30,2c,21.88854217529297
156,31,2c,19.494890213012695
156,32,2c,22.03518295288086
156,33,2c,19.183053970336914
156,34,1b,32.167015075683594
156,35,1b,28.451885223388672
156,36,1b,29.305206298828125
156,37,1b,32.73429489135742
156,38,1b,32.13203430175781
156,39,2b,25.391338348388672
156,40,2b,27.715648651123047
156,41,2b,26.090543746948242
156,42,2b,26.742305755615234
156,43,2b,28.994342803955078
156,44,0,36.81959915161133
156,45,0,38.33930969238281
156,46,0,33.77885055541992
156,47,0,36.26419448852539
156,48,0,38.282127380371094
156,49,0,34.8145866394043
156,50,1b,33.34029006958008
156,51,0,33.20318603515625
156,52,0,35.630645751953125
156,53,2c,23.988656997680664
156,54,2c,23.564350128173828
156,55,2c,24.274879455566406
156,56,2c,25.45610237121582
156,57,1d,29.044376373291016
156,58,1d,33.76066970825195
156,59,1d,28.861181259155273
156,60,1d,31.08146095275879
156,61,1d,30.464466094970703
156,62,1b,28.625961303710938
156,63,1b,30.158998489379883
156,64,1b,31.32717514038086
156,65,1b,31.657901763916016
156,66,1b,32.15304946899414
156,67,1b,33.58462905883789
156,68,1b,32.049251556396484
156,69,1b,32.44675064086914
156,70,1b,31.798603057861328
157,0,2,22.8741455078125
157,1,2,19.945114135742188
157,2,2,18.807640075683594
157,3,2,21.466720581054688
157,4,2,19.002534866333008
157,5,1b,27.60291862487793
157,6,1b,22.646968841552734
157,7,1b,24.782787322998047
157,8,1b,26.359203338623047
157,9,1b,25.223909378051758
157,10,0,34.04582214355469
157,11,0,33.01891326904297
157,12,0,32.66988754272461
157,13,0,31.82370376586914
157,14,0,33.748146057128906
157,15,1a,28.672679901123047
157,16,1a,29.016284942626953
157,17,1a,26.100542068481445
157,18,1a,26.194196701049805
157,19,1a,29.744535446166992
158,0,0,36.80824279785156
158,1,0,33.444583892822266
158,2,1a,31.49140739440918
158,3,1a,36.22605514526367
158,4,0,35.53164291381836
158,5,1a,32.3165397644043
158,6,0,38.24899673461914
158,7,1b,32.768680572509766
158,8,1a,32.00375747680664
158,9,0,33.05844497680664
158,10,1a,36.08537673950195
158,11,1a,33.38567352294922
158,12,0,34.602752685546875
158,13,1a,31.056352615356445
158,14,0,33.31911087036133
158,15,1c,32.98743438720703
158,16,1c,27.72500991821289
158,17,3,29.91105842590332
158,18,3,29.796586990356445
158,19,2a,25.409032821655273
158,20,2b,31.46585464477539
158,21,2b,20.639158248901367
158,22,2b,26.731340408325195
158,23,3,27.99976348876953
158,24,2b,22.956411361694336
159,0,1a,22.134817123413086
159,1,1a,20.65622901916504
159,2,1a,21.348392486572266
159,3,1a,20.95096206665039
159,4,1a,21.56720733642578
159,5,0,29.102840423583984
159,6,0,28.983463287353516
159,7,0,29.890527725219727
159,8,1b,29.872953414916992
159,9,0,29.686443328857422
160,0,0,35.37575149536133
160,1,0,34.179351806640625
160,2,3,27.76073455810547
160,3,1a,35.36615753173828
160,4,1a,31.563480377197266
160,5,1a,23.757829666137695
160,6,2,25.598209381103516
160,7,1a,24.411802291870117
160,8,1b,22.48717498779297
160,9,1b,22.957984924316406
160,10,1b,25.710241317749023
160,11,1b,22.903730392456055
160,12,1b,22.42021369934082
161,0,2,31.348800659179688
161,1,0,32.0467414855957
161,2,0,38.40437698364258
161,3,0,32.12501525878906
161,4,1a,32.73890686035156
161,5,1b,24.463869094848633
161,6,1b,22.526281356811523
161,7,1b,24.79605484008789
161,8,1b,21.950902938842773
161,9,1b,25.206621170043945
162,0,2c,23.966997146606445
162,1,2c,24.85614013671875
162,2,3,24.37781524658203
162,3,4,27.389909744262695
162,4,2c,23.45465850830078
162,5,1c,28.27224349975586
162,6,2b,34.643096923828125
162,7,1c,32.12028503417969
162,8,2b,31.92258644104004
162,9,1a,34.19640350341797
162,10,0,31.120975494384766
162,11,2a,30.120243072509766
162,12,2a,17.75545883178711
163,0,1,25.88566780090332
163,1,0,28.020282745361328
163,2,2a,26.500957489013672
163,3,2b,24.099435806274414
163,4,1,23.63425636291504
164,0,2a,23.75971794128418
164,1,0,31.97130584716797
164,2,1,29.212709426879883
164,3,2a,27.264110565185547
164,4,1,29.715682983398438
