,alignscore,clipscore,fuyu_dsg,fuyu_tifa,instruct_blip_dsg,instruct_blip_tifa,llava-alt_dsg,llava-alt_tifa,llava_dsg,llava_tifa,mplug_dsg,mplug_tifa,blip1_dsg,blip1_tifa,gpt4v_tifa,gpt4v_dsg,viescore,llmscore_over,llmscore_ec
0,-0.7981109280001659,-0.800639423777259,-0.6237982277305103,0.1299106204376205,-0.8246455275571994,-0.7790001648276591,-0.7919105977742631,-0.6878568703430675,-0.8468250507292717,-0.7957413625347615,-0.7165832108531506,-0.8419520127068802,-0.8532145762182091,-0.8600356032639299,-1.0,-0.8982457871189821,0.3235217741581524,0.7897575163426394,-0.25689029440239
1,-0.5102744313559362,-0.7071067811865474,0.5125819392972658,0.18712832114325734,-0.9999999999999999,-0.8178618348853056,-0.773861278752583,-0.8834824944236852,-0.9999999999999999,-0.9999999999999999,0.0,-0.7604330791911582,-0.773861278752583,-0.663299316185545,-0.9999999999999999,-0.9999999999999999,-0.45569807724467104,0.5952847075210475,-0.002160899634744053
2,-0.7747459368831516,-0.7796652498327252,-0.8108278505117373,-0.762565950675364,-1.0,-0.9594345367175445,-0.9397120136446712,-0.8650343917710583,-0.9357744661279777,-0.774483522414413,-0.8998665127865942,-0.922720714290988,-1.0,-0.9283334553615747,-0.9039357066181596,-0.9132059314024263,-0.7294483407394706,0.9739836221560653,0.6447220130585275
3,-0.3535533905932737,-0.5656854249492379,0.0,-0.07386127875258307,-0.41548457452714826,-0.29999999999999993,-0.49999999999999994,-0.4225771273642583,-0.7,-0.3952847075210474,-0.49999999999999994,-0.5834824944236853,-0.49999999999999994,-0.37090055512641934,-0.49999999999999994,-0.7,-0.3067859955389482,0.5516765722378388,0.38138503569823695
4,-0.04077319651714556,-0.29576120424151886,-0.09112407022962511,0.2658617991501853,-0.33065003563305406,-0.5929599095539639,-0.39661843588845336,-0.5940982503704532,-0.5507814397046981,-0.688932689142864,-0.36432801827009903,0.14580296087995107,-0.6822260211449919,-0.4918752052464355,-0.4576140541928004,-0.33688418921898067,-0.27071643909214305,0.5346377296670093,0.34987997909290885
5,-0.6772134104998021,-0.669713226517358,-0.3179574773774886,-0.514695007237806,-0.7881744070553366,-0.6298149385015479,-0.8857665228688397,-0.6471902303731696,-0.8386711288303359,-0.7266435046600871,-0.795906841126646,-0.5525099056706395,-0.899703304414722,-0.6378987389015783,-0.7242224964195505,-0.9279565636572523,-0.4673195804798092,0.6410614693830894,0.5769649275417065
6,-0.830892217520972,-0.6541062297402293,-0.6423020003321225,-0.8236192442601469,-0.4425666774301992,-0.791354210608611,-0.5808342530388648,-0.7278606404150036,-0.5312416236308048,-0.9249598536690438,-0.46904327676367785,-0.8368095560905597,-0.5217158625865896,-0.8147089397316714,-0.887455378682127,-0.551039706387256,-0.3925124310631924,0.21781318736184194,0.21122564383448536
7,-0.6074874140538967,-0.5883673295364144,0.1827075434772162,-0.513756566841427,-0.627612189334011,-0.6895352828978885,-0.69636858350164,-0.680186472730029,-0.7926594718646603,-0.6378464536459834,-0.669771600455818,-0.56352437730637,-0.5989267044242206,-0.6171454871935613,-0.6761812495316621,-0.711336149604553,-0.45938588173684314,0.7234860656931942,0.601543881582439
8,-0.4904278865557424,-0.6427248975412404,-0.43437318639133715,-0.26857757750693223,-0.6479690283506603,-0.7190306351749365,-0.8662163753486389,-0.8564165055098483,-0.8611469889511555,-0.8824061767884823,-0.5234962694163543,-0.4875940943890541,-0.7944084661928448,-0.6812663811851074,-0.689892441934039,-0.6862503213774496,-0.38094703328044655,0.7125924643516764,0.5820369416802329
9,-0.7269909610297769,-0.7650587100881119,-0.5641957864900236,-0.5864676053651278,-0.6183040598640883,-0.6070097255749147,-0.7206321115592366,-0.7172264894762451,-0.6402539183675243,-0.7125746665539742,-0.5934758750478422,-0.6628828114396821,-0.7100589969336406,-0.6666350777929649,-0.5481796274782321,-0.7065887044027739,-0.46188663593540624,0.5957092620822653,0.33794856574860194
10,-0.5498029778257109,-0.5135825346653407,-0.25231918203731796,-0.6416510216499902,-0.7533056869620034,-0.7616724257909743,-0.7976083777929199,-0.6460441857781137,-0.6652542360619194,-0.6376743619892147,-0.7306916469335629,-0.5709895081475732,-0.7977412654907837,-0.7358832529640864,-0.7757101817723898,-0.5928608823108116,-0.3151624590834536,0.4834939674295969,0.3495067863968045
11,-0.6304963338881218,-0.6251191591467705,-0.22134352751544478,-0.6865442079344343,-0.8276025632973892,-0.7753925365295731,-0.9662561642393571,-0.7753925365295731,-0.8276025632973892,-0.700886525086074,-0.8276025632973892,-0.7031037167671887,-0.837767724731202,-0.8272140566543036,-0.7885592344547024,-0.8743177238889155,-0.8343057043782016,0.8276025632973892,0.7274753307972908
12,-0.7071067811865474,-0.7071067811865474,0.16070659959698208,-0.8651483716701106,-0.8834824944236852,-0.9225771273642582,-0.6290994448735805,-0.6488309839396024,-0.7787672019447326,-0.6964384061168413,-0.6132696452133768,-0.47693436561382,-0.663299316185545,-0.6370287708422403,-0.663299316185545,-0.8265986323710904,-0.29814239699997197,0.6465392750025479,0.1716779097710684
13,-0.6878592806335215,-0.6764669150500338,-0.5777251841435493,-0.7945642288836723,-0.6988049721674247,-0.8269457838857154,-0.9109117899293215,-0.9174330280655876,-0.9223012386812792,-0.7302204592564219,-0.798601674084484,-0.7290022674468485,-0.7828770735676173,-0.7348385021310322,-0.9458497242297823,-0.8707342727455858,-0.45458625625951593,0.4619389191543381,0.3515445909289874
14,-0.7708319073976133,-0.5185135879299893,-0.9383789118606796,-0.7540514447429192,-0.8145359849078428,-0.949616288718982,-0.8329718167215189,-0.9701822265409135,-0.9219846335840828,-0.9568782666314626,-0.7854955752793353,-0.9524596183029356,-0.6926176655506853,-0.9082843823060954,-0.9586729799073143,-0.9219846335840828,-0.3595858683752677,0.7561962421196136,0.6132131012844821
15,-0.7429785990831245,-0.6458515882400454,-0.2596626858933289,-0.3791310723834276,-0.7166873635777081,-0.7160221978073253,-0.5238095238095238,-0.535493220502857,-0.6857681443114603,-0.5534379720015543,-0.3734020404249409,-0.5751265513507104,0.0,0.34760366990277364,-0.9614744967911389,-1.0,-0.35495866546953814,0.4300220351351943,0.3393227470697492
16,-0.7162915156482794,-0.7162915156482794,0.5265986323710904,-0.5801449087896454,-0.9225771273642582,-0.8451542547285166,-0.6761234037828132,-0.7669649888473705,-0.9999999999999999,-0.8952847075210474,-0.7535462764185549,-0.6917470040412013,-0.4254644007500069,-0.6488309839396024,-0.9999999999999999,-0.9999999999999999,-0.5801449087896454,0.5900890447694209,0.6992766286210553
17,-0.7317252905608214,-0.6945856233866213,-0.5062396938810315,-0.20382475464226596,-0.6447850666548267,-0.8357875656712549,-0.9080323407993147,-0.7680776912447951,-0.6724276609163262,-0.6473322150890727,-0.9032244195891316,-0.7568880972206071,-0.9092207125955851,-0.8318663684151222,-0.8520984041053129,-0.8730237649448886,-0.41901749465385607,0.5086576067174918,0.2547356252889285
18,-0.7162915156482794,-0.7071067811865474,0.8060596217879434,-0.6225771273642583,-0.9999999999999999,-0.527407555171138,-0.9999999999999999,-0.45569807724467104,-0.8952847075210474,-0.23171234054398626,-0.9999999999999999,-0.7905694150420948,-0.9999999999999999,-0.8178618348853056,-0.7388048933810962,-0.8651483716701106,-0.6675261016425761,0.748630866093796,0.5017774411235455
19,-0.7503205649566305,-0.652844935294625,0.20726757114814318,-0.693056324772334,-0.8777666281694535,-0.7319782241485735,-0.6190235991468204,-0.322581064227227,-0.19697980773955856,-0.36451879861140035,-0.8354469597140931,-0.5645659291441979,-0.8763290277553233,-0.7996364776063236,-0.8037816373073171,-0.893543905649274,-0.17856605031714815,0.44598233097794954,0.25469476449879563
20,-0.7634013879507259,-0.7634013879507259,-0.7418756560097884,-0.65,-1.0,-0.36084391824351614,-0.9441772515768494,-1.0,0.5833333333333333,-0.4166666666666667,0.9441772515768494,-0.42839379679695516,-0.9441772515768494,-0.5941772515768494,-0.9441772515768494,-0.9441772515768494,0.27777777777777785,0.3810317377662722,0.10074474485861969
21,-0.7254762501100115,-0.7254762501100115,-0.524384152394628,-0.7293631229032064,-0.9225771273642582,-0.9225771273642582,-0.9999999999999999,-0.9225771273642582,-0.9999999999999999,-0.8726779962499648,-0.9225771273642582,-0.8060596217879434,-0.9999999999999999,-0.9999999999999999,-0.8060596217879434,-0.9999999999999999,-0.7561604906736502,-0.44966379714296245,-0.49927362624899535
22,-0.7296400880320429,-0.7296400880320429,0.057770489849015144,-0.7285661799047402,-0.46153846153846145,-0.9999999999999999,-0.46153846153846145,-0.4256912234842049,-0.46153846153846145,-0.6089859378872807,-0.2461538461538461,-0.38033923657383994,-0.6769230769230768,-0.3936013225026654,-0.9999999999999999,-0.46153846153846145,0.09101661204768642,0.7618714306186399,0.8171436174166178
23,-0.746220619478691,-0.6603393861322219,-0.7020707030599956,-0.24208320689823878,-0.9999999999999999,-0.6365994038075888,-0.9999999999999999,-0.785315252419264,0.49999999999999994,-0.8178618348853056,0.9225771273642582,-0.8178618348853056,0.6290994448735805,0.0,-0.9999999999999999,-0.9999999999999999,-0.38264572129213553,-0.6488309839396024,-0.5603322719575032
24,-0.746220619478691,-0.7071067811865474,0.06159307297553789,0.12909944487358058,-0.9999999999999999,-0.8952847075210474,-0.9999999999999999,-0.8178618348853056,-0.9999999999999999,-0.8952847075210474,-0.773861278752583,-0.6761234037828132,-0.7,-0.7,-0.9225771273642582,-0.9999999999999999,-0.36514837167011077,0.7020707030599956,0.7905694150420948
25,-0.8358818755199725,-0.8429627554594393,0.3864196986229215,-0.06090962968007867,-0.30430153873304744,-0.5201817915474738,-0.4726432941671902,-0.4129538548111708,-0.21482618619538937,-0.16598549370657614,-0.20120832452723833,-0.6065767343022569,-0.47055618871219596,-0.3207027226829021,-0.5586857032947351,-0.5630970554050654,0.006606663489980486,0.5969408098364363,0.6006247897017214
26,-0.7254762501100115,-0.7071067811865474,-0.7905694150420948,0.5477225575051661,-0.9999999999999999,-0.9999999999999999,-0.9999999999999999,-0.9999999999999999,-0.9999999999999999,-0.9999999999999999,-0.9999999999999999,-0.9999999999999999,-0.9999999999999999,-0.9999999999999999,-0.9999999999999999,-0.7302967433402215,-0.7905694150420948,0.8451542547285166,0.8451542547285166
27,-0.7162915156482794,-0.7071067811865474,-0.8952847075210474,-0.8451542547285166,-0.8952847075210474,-0.8952847075210474,-0.9225771273642582,-0.8178618348853056,-0.8952847075210474,-0.8451542547285166,-0.9999999999999999,-0.8451542547285166,-0.8952847075210474,-0.8726779962499648,-0.8952847075210474,-0.8952847075210474,-0.1533929977694741,0.8451542547285166,0.6135719910778964
28,-0.7162915156482794,-0.5771601883432528,-0.11548457452714832,0.5125819392972658,-0.9999999999999999,-0.9999999999999999,-0.9999999999999999,-0.8952847075210474,-0.9999999999999999,-0.21361487034643226,-0.9999999999999999,-0.7787672019447326,-0.9999999999999999,-0.4942478165436914,-0.7877254990343692,-0.8651483716701106,0.40296072362616364,-0.43716059493812826,-0.4971127266142513
29,-0.7071067811865474,-0.7162915156482794,-0.8952847075210474,0.253546276418555,-0.9999999999999999,-0.9225771273642582,-0.12909944487358058,-0.746220619478691,-0.27386127875258304,-0.19999999999999998,0.0,-0.223606797749979,-0.9999999999999999,-0.7604330791911582,-0.8952847075210474,-0.9225771273642582,-0.6902684899626335,0.8451542547285166,0.7679627037710123
30,-0.6815148420886478,-0.8484071513146828,-0.30842133410192424,-0.569509268622734,-0.4580608433885826,-0.6824346221288194,-0.38563339093568266,-0.7877241132122521,-0.3931650488356199,-0.7346425135075153,-0.6268324522221157,-0.8082558201812772,-0.6777333483061944,-0.7038123182508157,-0.7146455902246197,-0.429498076875853,-0.533083276124638,0.3159745280066467,0.3500268638498846
31,-0.7071067811865474,-0.7254762501100115,0.0,-0.9999999999999999,-0.9999999999999999,-0.9999999999999999,-0.9999999999999999,-0.9999999999999999,-0.9999999999999999,-0.9999999999999999,-0.7302967433402215,-0.7669649888473705,-0.9999999999999999,-0.9999999999999999,-0.5477225575051661,0.25819888974716115,0.0,0.9999999999999999,0.9999999999999999
32,-0.7844645405527361,-0.6977655475426428,-0.7462025072446364,-0.8186337029875889,-0.9999999999999999,-0.9264014327112208,-0.9999999999999999,-0.892232270276368,-0.9999999999999999,-0.9999999999999999,-0.7499999999999999,-0.8164965809277259,-0.9999999999999999,-0.9264014327112208,-0.7462025072446364,-0.8535533905932736,-0.49999999999999994,0.9999999999999999,0.6396021490668312
33,-0.77435112775696,-0.7428103624324807,-0.8025357992970015,-0.9320628609642038,-0.9999999999999999,-0.9999999999999999,-0.915306114274335,-0.8192925459868703,-0.9999999999999999,-0.8025357992970015,-0.9320628609642038,-0.7877517806623907,-0.9320628609642038,-0.9999999999999999,-0.9005220956397243,-0.9320628609642038,-0.6357539706643629,0.9320628609642038,0.17934938865004016
34,-0.5656854249492379,-0.7071067811865474,-0.7491757597353487,-0.8060596217879434,-0.9225771273642582,-0.9225771273642582,-0.9225771273642582,-0.8451542547285166,-0.8726779962499648,-0.7115124735378853,-0.9999999999999999,-0.8651483716701106,-0.9999999999999999,-0.9999999999999999,-0.9225771273642582,-0.7787672019447326,-0.45569807724467104,0.9999999999999999,0.41548457452714826
35,-0.7162915156482794,-0.7370358850169589,-0.6004599111236735,-0.1533929977694741,-0.9225771273642582,-0.8834824944236852,-0.9999999999999999,-0.9999999999999999,-0.9225771273642582,-0.8060596217879434,0.0,0.40296072362616364,-0.8952847075210474,-0.8952847075210474,-0.9225771273642582,-0.8651483716701106,-0.38264572129213553,0.7952551236142232,0.8178618348853056
36,-0.7634013879507259,-0.7526858644120384,-0.15061601901917734,-0.6981239035153255,-0.9441772515768494,-0.9441772515768494,-0.9441772515768494,-1.0,-1.0,-1.0,-0.9441772515768494,-0.7183377420447085,-1.0,-0.9096733152583013,-0.9441772515768494,-1.0,-0.2910620377479457,0.8514576622916258,0.7183377420447085
37,-0.08901072103512665,-0.6699667103161796,0.18103027858909293,0.14595127662315593,-0.46153846153846145,-0.46153846153846145,-0.600568632940779,-0.46153846153846145,-0.7564659925027818,-0.5326314939049829,-0.8547751694908884,-0.32635697593225266,-0.295200991876999,-0.14595127662315593,-0.3768445758127966,-0.9999999999999999,-0.21757131728816845,0.3768445758127966,-0.35743125987244545
38,-0.7395313405292929,0.16519245913635672,0.015384615384615365,0.23076923076923073,-0.7700812837652236,-0.5994068120753119,-0.8486843827410974,-0.31378494601028173,-0.7564659925027818,-0.4916370385780934,-0.666899634606743,0.41737358797993906,-0.8065824703435572,-0.745322926594609,-0.7502840521154309,-0.915306114274335,-0.5525550735861479,0.6246332645173317,0.6413900112072005
39,-0.6757509710105868,-0.682888413280973,0.04287572425083651,-0.4452794295881628,-0.8718734275971821,-0.8935368982850121,-0.842167129627575,-0.8257970588766298,-0.8086453192362384,-0.8423545481564083,-0.7545911084692261,-0.8311652558819466,-0.8212114105940306,-0.8210909835430102,-0.895426987367851,-0.8690163595061461,-0.6288676662374602,0.6663719168030592,0.6157772008464403
40,-0.7761305179575321,0.3067859955389482,-0.7491757597353487,-0.45354627641855494,-0.9999999999999999,-0.8952847075210474,-0.9225771273642582,-0.8651483716701106,-0.9999999999999999,-0.9225771273642582,-0.7535462764185549,-0.773861278752583,-0.9999999999999999,-0.9999999999999999,-0.7302967433402215,-0.4942478165436914,0.12909944487358058,0.253546276418555,0.44423879426767343
41,-0.8358821395712492,-0.5663922279666462,-0.4031211461114842,-0.837973320536922,-0.764717520003029,-0.5116453769165138,-0.4753747501418248,-0.7322375249459893,-0.5744530961449034,-0.6573062638831008,-0.6452417605889511,-0.7015908579890767,-0.7309496636934076,-0.7286902784947886,-0.6583410749210962,-0.6492332783383166,0.21879883377935538,0.370983974725662,0.5725494419151527
42,-0.7240792472594951,-0.6889230999174429,-0.5881880647094141,-0.7008682518232688,-0.8230766871622264,-0.7562191309181694,-0.8535088928837906,-0.8888954490822721,-0.8436784047658126,-0.7437247930868296,-0.8346119696733949,-0.8020305771424254,-0.7866452245457211,-0.8001528062714248,-0.8031035123779237,-0.8499478503653981,-0.7756423431533295,0.7562265115668574,0.6179787453208172
43,-0.856309693701824,-0.8372859640123029,-0.9999999999999998,-0.9018685769482944,-0.9999999999999998,-0.9999999999999998,-0.9999999999999998,-0.9999999999999998,-0.9999999999999998,-0.9999999999999998,-0.9999999999999998,-0.8047378541243648,-0.9999999999999998,-0.8047378541243648,-0.9999999999999998,-0.9999999999999998,-0.6666666666666665,0.8047378541243648,0.7597347660445541
44,-0.7296400880320429,-0.78424238025421,-0.689443261565112,-0.07854114588585091,-0.8192925459868703,-0.8171436174166178,0.17883869218986007,-0.5901285228413192,-0.6498944119558558,-0.745322926594609,-0.8336625303385374,-0.49801804724421284,-0.8192925459868703,-0.7877517806623907,-0.6569880881425061,-0.6666511586457246,0.5391879845755829,0.5010907285805034,0.4906211534312277
45,-0.7228278635312719,-0.7228278635312719,-0.30925126927376834,-0.7222857764460037,-0.23888873710852507,-0.7723786306326826,-0.7843427980316395,-0.5850887306828739,-0.3486025077130738,-0.7445199540802114,-0.5617746249044885,-0.8299792027842844,-0.6706910676920871,-0.8835781139534511,-0.8835781139534511,0.0,-0.3371960157024665,0.9321645026965952,0.5102272762987806
46,-0.5031494205214088,-0.6207703934356764,0.3142580828703492,0.4607776330359256,-0.5877128155759537,-0.8368660771327023,-0.597978069546576,-0.7631795561045353,-0.8028501090676605,-0.7783048618383661,-0.7560077153119921,-0.9149128063893778,-0.828376354725387,-0.8506874581294493,-0.7497372235054124,-0.7897539580363345,-0.17242193919473883,0.6094844004996619,0.3270313818550675
47,-0.8078333750770079,-0.4949747468305832,-0.9999999999999998,-0.8916079783099615,-0.9999999999999998,-0.8533985905294663,-0.9999999999999998,-0.8533985905294663,-0.9999999999999998,-0.9999999999999998,-0.7,-0.5533985905294664,-0.9999999999999998,-0.5217491947499509,-0.9999999999999998,-0.9999999999999998,-0.5533985905294664,0.5112077203381551,-0.41067971810589327
48,-0.6780129406665857,-0.7601617317713171,-0.45370384230032434,-0.693564438145258,-0.8937014663212205,-0.8458565456534114,-0.9150287001629533,-0.9345493689305638,-0.9150287001629533,-0.8366565829144196,-0.9463674710264273,-0.7962954991493113,-0.9598592968349265,-0.8759606118093313,-0.9047319121240711,-0.9779279710679993,-0.18074563711093825,0.6654326346738528,0.3915498291135571
49,-0.7296400880320429,-0.7296400880320429,-0.6432625407723733,-0.06415830019508947,-0.9999999999999999,-0.8872296850226664,-0.9999999999999999,-0.9320628609642038,-0.9999999999999999,-0.9166215217768935,-0.9999999999999999,-0.9166215217768935,-0.9166215217768935,-0.9166215217768935,-0.9999999999999999,-0.9999999999999999,-0.8872296850226664,0.8872296850226664,0.3517216040919436
50,-0.6258373209496038,-0.6260109227181929,-0.2764368233830333,-0.17487231204711992,-0.7047415996334041,-0.7798133953972869,-0.6636664663670823,-0.7939839391777174,-0.6273227620472545,-0.8322688403976662,-0.6953860554206309,-0.8113434491077927,-0.7283672544860361,-0.7743020688229846,-0.8497685663739779,-0.6573094097815038,-0.4998368810619184,0.6216814122554055,0.26341671573835873
51,-0.744271977646526,-0.6143224528489482,0.1915622700092917,-0.5033358396930793,-0.9412902727501233,-0.7278127712089082,-0.945965813396782,-0.8087852495595927,-0.9910458790574906,-0.7233583362445837,-0.9335104918813159,-0.8067692688748833,-0.929270193344664,-0.7192169542227735,-0.8737689761223862,-0.9420614045680284,-0.5162448621588924,0.7161951897314083,0.682023974708861
52,-0.5650861991404187,-0.7395313405292929,-0.7877517806623907,-0.6858522910076628,-0.8648185143937911,-0.7814400361706847,-0.769230769230769,-0.6326726824147375,-0.8648185143937911,-0.8336625303385374,-0.6844128150846943,-0.7081821397178908,-0.769230769230769,-0.40134553442303916,-0.9999999999999999,-0.769230769230769,-0.33038491827271343,0.7520481994164575,0.6858522910076628
53,-0.6672205089645565,-0.6746750203438695,-0.5480821383312167,-0.35351685565280083,-0.8487038784396651,-0.6661878454765895,-0.8029311583858514,-0.6149065445102216,-0.8121645553205374,-0.6182045338855235,-0.7401292444544775,-0.6474122472713456,-0.8743490260102205,-0.7161895883535909,-0.5490726800209076,-0.6632671651607263,-0.37432783111077994,0.3377531501442793,0.37137479708859134
54,-0.8562824299363786,-0.7203009930079713,-0.6828912115745602,-0.4520781990499338,-0.9509109961845151,-0.9603772057113513,-0.9337141039178024,-0.9389951327220228,-0.929264312918034,-0.9132296345439483,-0.9030521099891136,-0.9042672316554531,-0.9834473740534566,-0.9834473740534566,-0.9621376342805052,-0.9514601080143118,-0.6654783831050496,0.711774621596108,0.5580928600248867
55,-0.7502358172007872,-0.5650861991404187,0.28193890594817367,-0.44006120783587205,-0.8872296850226664,-0.8192925459868703,-0.8872296850226664,-0.8192925459868703,-0.9166215217768935,-0.9320628609642038,-0.8872296850226664,-0.7949468569257044,-0.9999999999999999,-0.8025357992970015,-0.9999999999999999,-0.915306114274335,-0.7750417050190777,0.3936013225026654,0.6258517602471435
56,-0.7145513739715034,-0.6616175234956021,-0.5812231292600216,-0.2903583319051852,-0.7720478171533568,-0.7662363395423085,-0.8062536189200032,-0.8202627762256647,-0.9118084307769685,-0.8429734970974418,-0.720933273440469,-0.5850822207395122,-0.6976513441296202,-0.6132220041186399,-0.7414795549030087,-0.7754317789239398,-0.402760689907194,0.7616135104996145,0.42229996985248797
57,-0.45697722270356217,-0.5360812817083167,-0.017553614367501847,0.2891671008137703,-0.6064051680783314,-0.7110524088053722,-0.39522922587307263,-0.8481871536628848,-0.39522922587307263,-0.8481871536628848,-0.3333186278213251,-0.7689462999145582,-0.36910959042411745,-0.7047534545951257,-0.6523274298163502,-0.39479137994250885,-0.09328362096563259,0.5952851605266863,0.2708393091616732
58,-0.7395313405292929,-0.7296400880320429,0.525696761733551,-0.7877517806623907,-0.769230769230769,-0.763406091601225,-0.9999999999999999,-0.8065824703435572,-0.9999999999999999,-0.8628839959615006,-0.9999999999999999,-0.8872296850226664,-0.9999999999999999,-0.7877517806623907,-0.9166215217768935,-0.9999999999999999,-0.47633619489586937,0.63211476519227,0.4129811478408918
59,-0.8458145997364817,-0.7328221736457717,-0.6524046056941502,-0.1762342719553343,-0.6823879279791568,-0.587537730385005,-0.5852167887191916,-0.5250078258709953,-0.5887898551375853,-0.4835682237891758,-0.8139934704581533,-0.7498490734823264,-0.7862780907160527,-0.8149449682056538,-0.781914547344469,-0.7221352140544379,-0.2878605147908857,0.6938880157470969,0.7902701731634669
60,-0.793505437805253,-0.805548531542042,0.35477093300056034,-0.719636240656084,-0.9425121330361297,-0.7167806066283885,-0.9677858112489963,-0.7982445662385013,-0.9677858112489963,-0.8623264703084461,-0.9084593453430742,-0.6672039421644068,-0.8461444878036231,-0.8182843709545917,-0.9363600529664153,-0.9425121330361297,-0.4857042186331807,0.7076953782073233,0.6290155420969844
61,-0.7662683691795275,-0.7910526511171921,-0.14387950404380787,-0.06821901765449158,-0.8792949137915546,-0.7864418349322919,-0.9023142268976744,-0.8406411003045238,-0.8366987603190194,-0.8093027388472198,-0.8632178688989836,-0.8436179104459112,-0.7713723053999674,-0.7910385583219627,-0.8911379333813951,-0.9453924316588374,-0.495791604572813,0.7890313889499388,0.7626102841379334
62,-0.5893364262868661,-0.7329995686162902,0.29436883020867016,-0.19932380199203054,-0.7782115420089033,-0.8628175151881339,-0.6708625247520693,-0.703886265935576,-0.7369219618129672,-0.8533473733376353,-0.6249250563624231,-0.23171324950555094,-0.7099081697360494,-0.6150853986603595,-0.6930204607278825,-0.6521015028555752,-0.3248446186891041,-0.032508761326741,0.3533402992885877
63,-0.7449255737488789,-0.6260369189140896,0.2475211486461971,0.21226346871714472,-0.6550918137521802,-0.6829252084091274,-0.7231687095439695,-0.5767993458894628,-0.7607786265525788,-0.6762459144756103,-0.7569263266781968,-0.5149277399002504,-0.7915378585680146,-0.6690713945703475,-0.7931059751941825,-0.521892086250738,-0.48325606003665095,0.20200280795311942,0.41113380627950447
64,-0.7544836087048707,-0.7713288264725257,0.2668412007256803,-0.5729688968911264,-0.967741935483871,-0.7484371728870263,-0.9564205350283885,-0.9846116845975599,-0.9043172916748976,-0.852292821375659,-0.7303860805199085,-0.7315214796935227,-0.7982769674663073,-0.6540576767818285,-0.8317046449347638,-0.7804234417038742,-0.611068676641548,0.6608408410759918,0.48122448490657843
65,-0.7162915156482794,-0.7071067811865474,-0.5858764435498036,0.18712832114325734,-0.9999999999999999,-0.8952847075210474,-0.9999999999999999,-0.9999999999999999,-0.9999999999999999,-0.9225771273642582,-0.9999999999999999,-0.9225771273642582,-0.9999999999999999,-0.8952847075210474,-0.9999999999999999,-0.9999999999999999,-0.50709255283711,0.7679627037710123,0.7580228325760532
66,-0.43946505988785933,-0.49645456665424387,-0.2835437039350655,-0.49758356495807915,-0.6452063658399438,-0.007797707693997718,-0.7585815912613918,-0.7513736312646144,-0.8234322361011186,-0.7108688677391567,-0.6063045739897753,-0.4675270049917586,-0.7227949184861927,-0.7327346800146881,-0.36062220713917287,-0.5179257918110286,-0.11953556723796867,0.5704381163867168,0.5565711281881807
67,-0.7743442001005084,-0.6234955090642771,-0.08278388641356697,-0.7418497473490726,-0.8239970185798108,-0.8224535397747212,-0.812829629774255,-0.6878649142838313,-0.8652149300450284,-0.7947274986311632,-0.7228606146528582,-0.7682467494026806,-0.8591219128333444,-0.8065256060145646,-0.9422786697688048,-0.9039339523884565,-0.3491458766827843,0.740675307620713,0.7573241086473433
68,-0.7615237306513788,-0.37249332350192726,0.27890913662537115,0.36644096871666004,-0.8802429575293954,-0.8555927866750717,-0.8280441311693011,-0.8802429575293954,-0.8802429575293954,-0.8613804600379524,-0.5976201127203816,-0.4817840421104741,-0.8965658045917001,-0.8965658045917001,-0.8151173584373259,-0.9460931654903587,-0.5328882505448493,0.419012800066148,0.6844750052442617
69,-0.8423969440498836,-0.8362024583925364,-0.5660448439437386,-0.5985970759009611,-0.94409138011204,-0.8245278682233893,-0.924064709771482,-0.8261193267687975,-0.9557801712951892,-0.8650326943420426,-0.9445628026949314,-0.8199663452620575,-0.9054307060217384,-0.7583373230546149,-0.8147434678154893,-0.8382838175885434,-0.6409852811021375,0.6546512444529283,0.4993838209205283
70,-0.8449680496129311,-0.7953265743549934,-0.786545988204659,-0.6639221462574482,-0.6149624438897748,-0.8008033905754093,-0.8439637903088834,-0.7109540002604282,-0.33683674240327055,-0.6974820886425952,-0.8119769949909414,-0.7474608800101854,-0.7851904908953605,-0.7897075739954417,-0.8424557821337446,-0.8474762375279679,-0.7128134921361161,0.6779589332224172,0.8487148519839858
71,-0.7216974361275634,-0.7078621264168969,0.0,-0.2094440313173312,-0.8659371986548716,-0.8021268636408039,-0.9749202782375693,-0.7719838427939777,-0.9536471682465628,-0.9473851760624598,-0.7736605381168851,-0.5607974576707127,-0.7384712746493647,-0.7545758260750766,-0.8256003227865604,-0.8759836193867852,-0.43968754108038005,0.33251776299568486,0.6500720627284109
72,-0.7115405341277924,-0.5868028207486045,-0.5285790665350489,-0.5228170607517986,-0.912241213780306,-0.9265239375569635,-0.9576761158247822,-0.9304655545793364,-0.9850973899551284,-0.8868330825814882,-0.9553317041593238,-0.8593205535997765,-0.8585654495039607,-0.9226895687196945,-0.9696271024466465,-0.8878095221107924,-0.6161538958478424,0.7156187051852891,0.5952118583858333
73,-0.8006348794319359,-0.7385517686076053,-0.2629201013242142,-0.0010969184783487333,-0.8581631780640431,-0.8820033580850015,-0.8951081426715686,-0.8950528563570667,-0.981163959604051,-0.9017729663485613,-0.7245369506264552,-0.7754605767101732,-0.981163959604051,-0.9763917232690231,-0.8251000525795115,-0.8566475219025248,-0.16225867024602564,0.7141407508669937,0.3359997489868363
74,-0.8041062049217146,-0.7462505314121508,-0.3646519314633,-0.5586433854371758,-0.8423930332609977,-0.7910261284953527,-0.6023298098289697,-0.7316569648048757,-0.9634946018799674,-0.8089839716681901,-0.7565037050949088,-0.8736648971006614,-0.8554406256818387,-0.873450148159345,-0.4493367680784198,-0.6161999957100871,-0.3078978609460022,0.8534121063117419,0.532555962003928
75,-0.7120927646528126,-0.7288153894716216,-0.489127292578582,-0.6194157299624024,-1.0,-0.9610260563425628,-0.6913038185617633,-0.44467206661786407,-0.8058699441821242,-0.6221496969684088,-0.9752002297161192,-0.8403937045293093,-0.9876001148580597,-0.4804536603287579,-0.9610260563425628,-0.8629424798611999,-0.2235218799880537,0.7824504545915315,0.7638909638286725
76,-0.7340431977577029,-0.7512050386926445,0.26073040424216465,-0.6674397045592653,-1.0,-0.9498906438690091,-0.9259416172512603,-0.9046584197298286,-0.9644671204601213,-0.8661044770649389,-1.0,-0.9180441070239188,-0.9699499648208031,-0.9344170852809244,-0.9644671204601213,-0.9644671204601213,-0.5880894593264491,0.94618077156516,0.4366763610867558
77,-0.7377239161457065,-0.7402332101976052,-0.7768138887497342,-0.64802691183044,-0.8537564089222145,-0.8378045266329581,-0.8537564089222145,-0.75104094428999,-0.8611061370177728,-0.7707786533094484,-0.8241867918155077,-0.642575463121999,-0.8611061370177728,-0.816496580927726,-0.8308254178281212,-0.8611061370177728,-0.3036912960608285,0.976731294622796,0.5635290096535146
78,-0.8217075217879117,-0.6756474631747599,-0.5691430531026098,-0.6684110635302619,-0.7088683885873557,-0.7235879526657574,-0.8405857084474072,-0.8932485725706766,-0.8200054401811446,-0.795905924733866,-0.8745280662719472,-0.8933822125189853,-0.7735242270225114,-0.7167731851715617,-0.8264797171200394,-0.7879404248819301,-0.7175031589164352,0.8280187602938575,0.6869014187867187
79,-0.8039005314136315,-0.7953685177538165,-0.6349624421821615,-0.30725506782292117,-0.9758963363665704,-0.8567643348076454,-0.8830922308156083,-0.8216230552908236,-0.7868849163754952,-0.7804881106412043,-0.9029420588616531,-0.8267397577680574,-0.8990445670407802,-0.8637704961607308,-0.9095709323230025,-0.8990989605241912,-0.7807550990769709,0.6796482919861613,0.6436391864846606
80,-0.7130740328122925,-0.6928203230275508,-0.8075728530872482,-0.7784989441615229,-0.9999999999999998,-0.9999999999999998,-0.968245836551854,-0.9999999999999998,-0.9999999999999998,-0.9999999999999998,-0.9999999999999998,-0.968245836551854,-0.9999999999999998,-0.8660254037844385,-0.8660254037844385,-0.8660254037844385,-0.7006490497453707,0.9463204468147676,0.5009794328681195
81,0.0,0.0,0.5,-0.5,-0.5,0.408248290463863,-0.5,1.0,0.0,1.0,-0.5,0.408248290463863,-0.5,-0.5,-0.5,-0.7071067811865475,0.408248290463863,0.5,1.0
82,-0.7889079065155885,-0.7458807963877304,-0.7764113882635949,-0.8847446521339196,-1.0,-0.9952046618769433,-0.9915750552219778,-0.9624749508627706,-1.0,-0.9795051668014142,-0.9127476721020209,-0.9491590242146661,-0.9305402341933736,-0.9259034821717371,-0.9815650840539685,-1.0,-0.5285200600630089,0.8124084952250561,0.6965114835522693
83,-0.7541418699408665,-0.7027328317689033,-0.8187710767974491,-0.7754698066082271,-0.8660254037844385,-0.6995750172461397,-0.9999999999999998,-0.8082003426345093,-0.9999999999999998,-0.8555898292564776,-0.9841229182759269,-0.8555898292564776,-0.7905694150420949,-0.9767312946227958,-0.4051645043303963,-0.5860746175779838,-0.7903833063245704,0.25925885736861254,0.10024796859798138
84,-0.8775518448675984,-0.8770468350777195,-0.45607714292588647,-0.7112766723203615,-0.9947120443178676,-0.8598093539316216,-0.8920460797074938,-0.8649441185843779,-0.979113332781888,-0.9110262910897634,-0.9459188340058714,-0.7320208528887071,-0.8913571805439748,-0.8364739351626292,-0.9325142461900534,-0.9239684603419198,-0.6612347120904334,0.6427857525479225,0.5081875228634399
85,-0.7942684444812974,-0.7686246244368267,-0.7242471073668492,-0.05651499741729657,-0.9605240995039703,-0.8890791466093385,-0.9453346046316421,-0.8965318825060035,-0.9111605111392165,-0.8988575491274341,-0.8351546609939283,-0.8128134049278323,-0.8807874363356781,-0.8753526184664804,-0.8120425314664642,-0.8779538751722459,-0.5394033736675093,0.7971257924167366,0.5737386443545485
86,-0.8027905047777618,-0.7507642769537883,-0.013784369685032551,-0.7400303101863134,-0.8793424485738356,-0.8552436740692055,-0.9296175745379638,-0.785707362442902,-0.652524525584972,-0.8034546095441245,-0.8777590101875976,-0.8315513002300383,-0.9063334231868057,-0.8650996309694701,-0.9556283274664561,-0.916788761913292,-0.7014762812496677,0.5806547445640952,0.44942412996961567
87,-0.4879500364742666,-0.2683281572999747,0.9999999999999999,-0.6201736729460423,-0.9999999999999999,0.14907119849998599,0.0,-0.6201736729460423,-0.5423261445466404,-0.5423261445466404,0.0,-0.5163977794943223,0.0,0.0,-0.9999999999999999,-0.6201736729460423,0.14907119849998599,-0.22360679774997896,0.0
88,-0.506823916872165,-0.34342649240019585,-0.02666666666666666,-0.3258256781102904,-0.1821328200869668,-0.024785372571522225,-0.5873040614576535,-0.47835065331527693,-0.5873040614576535,-0.47835065331527693,-0.3668086693369754,-0.34166648095653973,-0.7180374443742928,-0.6638452233504908,0.0,-0.32842898775838897,-0.1957556078688452,-0.4792167116891639,0.009583771577074246
89,-0.7019857467232784,-0.6659181414123287,-0.3701468103101536,-0.0980008482435988,-0.8761268990868689,-0.835393245252005,-0.8522554615648706,-0.7201452037257883,-0.9170845778800814,-0.831971272547092,-0.6519337080339013,-0.5850586095839001,-0.813964697310479,-0.7365039472599922,-0.9299150054619174,-0.9525915178634531,-0.45569615695526955,0.6587869427076107,0.5859043892440068
90,-0.8460542094864917,-0.844365593615196,-0.7299573764074709,0.01272407095354461,-1.0,-0.9333278830910818,-0.8838715119324076,-0.8822838294428123,-0.8865926161872401,-0.9041013129277277,-0.8705916477099603,-0.9520543111916628,-0.9672111724356994,-0.9136994691375563,-0.9888839593333092,-0.9888839593333092,-0.40908345791792355,0.5531151533595151,0.5270489158694848
91,-0.6859943405700353,-0.6285872661926203,-0.17712297710801903,-0.5185449728701348,-0.6291982286679645,-0.6531972647421809,-0.6478210641431329,-0.6531972647421809,-0.6135719910778964,-0.6135719910778964,-0.6708203932499369,-0.6902684899626333,-0.7453559924999299,-0.5491251783869153,-0.6531972647421809,-0.6529286250990104,-0.2429328990536748,0.28342171556262064,0.07559289460184544
92,-0.7670755972771168,-0.7947524384895281,-0.7996709849747748,-0.7485685485295703,-0.8885233166386386,-0.8571230702417044,-0.9696682183138621,-0.9564354645876385,-0.8885233166386386,-0.8885233166386386,-0.8885233166386386,-0.8885233166386386,-1.0,-0.9564354645876385,-0.8885233166386386,-0.8885233166386386,-0.6611466174984869,0.6576618899427132,0.6881428655632935
93,-0.678745737687303,-0.7597704740220258,-0.643002205343288,-0.36083668102767613,-0.7914220113249248,-0.7995652043999741,-0.6448889786214312,-0.834114592590045,-0.8311498593259822,-0.7698136018726709,-0.8758802472667637,-0.8279909873292574,-0.4121492821976155,-0.7613041990246572,-0.8678602792305635,-0.8011286872904896,-0.6357943237028175,-0.3456889837303438,0.09205653806548214
94,-0.7248003358200402,-0.7868242390058651,-0.14649086141130677,-0.18468706981844452,-0.9515082786890086,-0.9533882752331679,-0.950354022465252,-0.8035355077711638,-0.815106641876381,-0.6605156086791163,-0.9237547188177061,-0.7436133268134631,-0.9765371320355968,-0.8312940025520535,-0.986961481308774,-0.9856973170224078,0.09185015428631761,0.38349454452279375,0.4631501598435165
95,-0.7587583006939371,-0.7999443370395695,-0.6737883878803954,-0.5131455465370772,-0.9658937985629343,-0.7441987663942676,-0.8716212190421876,-0.975553883031469,-0.8863389814244684,-0.9663714210637722,-0.8982018022125859,-0.7656296044935617,-0.8685330360036686,-0.9630711720745725,-0.8682744753586331,-0.9016529946040706,-0.5942702935365085,0.8924884980821335,0.8098375003718488
96,-0.587555132107955,-0.7097531738408912,-0.7648320524947844,-0.5533327302400343,-0.9293293128526222,-0.8401335843034069,-0.9258361521774254,-0.860203349419788,-0.8029777093062139,-0.8246965886267092,-0.8574062290912903,-0.6505030171483197,-0.8990967948226306,-0.921111090686099,-0.8288998859757889,-0.8754422480551673,-0.7910711912243147,0.3842692294500415,0.3178900008279228
97,-0.7254762501100116,-0.6900655593423541,-0.5633815398168316,-0.6576413960920767,-0.9999999999999998,-0.9999999999999998,-0.6744335095000425,-0.8262905109967941,-0.6851479978741353,-0.8187710767974491,-0.6744335095000425,-0.7888106377466154,-0.9999999999999998,-0.9767312946227958,-0.9999999999999998,-0.9841229182759269,-0.3834824944236852,0.7290028338822061,0.4565594820003545
98,-0.6440982111262493,-0.711608748924928,-0.8822204767588346,-0.6738743955585018,-0.7247019114774211,-0.00023388880358912425,-0.6955737853807109,-0.5440198896053061,-0.698542609379731,-0.6516437524429163,-0.5797148302103893,-0.670673074680662,-0.7909821395647113,-0.8201809259707243,-0.42205138789212043,-0.7565512895865542,-0.4959750383466466,0.7460586387806103,0.57513312551778
99,-0.7656856131251041,-0.6283402856577908,-0.7065802278226817,-0.46838730607716555,-0.9810356182461835,-0.9703955427325213,-0.9718615512418217,-0.8457470352041933,-0.6807034506772062,-0.9190482966767168,-0.9092769974769448,-0.9395382205308527,-0.9489188847899985,-0.9608805022207463,-0.9971750903060311,-0.9272801183455898,-0.4933734855244688,0.4814912216414622,0.511902810350663
100,-0.42857142857142855,-0.6857142857142857,-0.5773502691896257,-0.5489948531973767,-0.8006407690254355,-0.7808688094430302,-0.6825001477017446,-0.6974502000925911,-0.7559289460184544,-0.8006407690254355,-0.5692099788303082,-0.7319127014416716,-0.9999999999999999,-0.8219949365267863,-0.7775419143502352,-0.7543422685124546,0.0,0.3829708431025352,0.11925695879998878
101,-0.8161939614997323,-0.7310522847009944,-0.4461295593975212,-0.5184691766216932,-0.8828176294504734,-0.8279193129228588,-0.9165233982152635,-0.9527074369075434,-0.8538635905840452,-0.873685476566268,-0.8579280145908487,-0.8704560793976515,-0.8888497103932942,-0.8611292631536557,-0.8199782311140589,-0.8668082132985996,-0.8426994177398855,0.8107705232062321,0.7922383173584671
102,-0.7632597570800602,-0.75955452531275,-0.3151410333566844,-0.5783661130045105,-1.0,-0.8668387856835778,-0.8668387856835778,-0.9066606334783867,-0.8451542547285166,-0.8308254178281214,-0.9696682183138621,-0.793249993897189,-0.9696682183138621,-0.9696682183138621,-0.8571230702417044,-0.7106568704791894,-0.36896542185963316,0.7939374209055312,0.2663570446882239
103,0.0,0.0,0.0,0.0,0.0,0.0,0.0,0.0,0.0,0.0,0.0,0.0,0.0,0.0,0.0,0.0,0.0,0.0,0.0
104,-0.75955452531275,-0.75955452531275,-0.6669038323357328,-0.3156724349884723,-1.0,-0.9261036829015006,-1.0,-0.9696682183138621,-0.8451542547285166,-0.9696682183138621,-0.7670004874610906,-0.8525099487831824,-0.8668387856835778,-0.8668387856835778,-1.0,-0.8480480848629436,-0.1721607984970377,0.4528807155419775,0.18183842895120492
105,-0.6819676772565784,-0.668925092632165,-0.45118141439164317,-0.4658220854949093,-0.9874977469302695,-0.9706283475984421,-0.3005203820042827,-0.5546507073023357,-0.9706283475984421,-0.7351140989341938,-0.8242409855842336,-0.3610666586071673,-0.9127709791304082,-0.9127709791304082,-0.7915322994416771,-0.7344466890933636,-0.21127760939170703,0.32213895783841084,0.3102554887216669
106,-0.6793662204867574,-0.7254762501100116,-0.41763453479227836,-0.1272054628286961,-0.968245836551854,-0.9463204468147676,-0.9999999999999998,-0.968245836551854,-0.9999999999999998,-0.968245836551854,-0.9999999999999998,-0.9999999999999998,-0.3872983346207417,-0.9534625892455921,-0.7563787698880865,-0.9999999999999998,-0.5554920598635309,0.8593378488473196,0.9534625892455921
107,-0.7022468831767834,-0.6669729688499157,0.07495316889958616,-0.8770580193070293,-0.884651736929383,-0.7863570994927849,-0.8770580193070293,-0.2110792634190876,-0.7505040477123114,-0.609784538766253,-0.7559289460184545,-0.25269934785963444,-0.4811252243246882,-0.6009252125773317,-0.6396021490668314,-0.609784538766253,-0.2845885260923221,0.5499719409228703,0.6089427620704216
108,-0.5990593174027065,-0.5160327029041301,-0.5962231292485365,0.015566836535882063,-0.9095693093954652,-0.8649950978686947,-0.8486523762998508,-0.8480904359414128,-0.8704781185767383,-0.9332773930363405,-0.8621020653056091,-0.8389190092129679,-0.8392815688347053,-0.838349540915334,-0.8245613824790383,-0.8217786898684679,-0.4530598393129431,0.8249945172669971,0.6127534128510588
109,-0.46004370622823615,-0.6114295984380816,0.04787402129404833,0.3415650255319866,-0.8660254037844385,-0.7825830421417891,-0.9767312946227958,-0.5818793194528171,-0.7910847611643658,-0.7167511516584144,-0.9137918426995869,-0.7759819705312144,-0.5544509148105704,-0.784116750576305,-0.5548608244417018,-0.662438721983903,-0.20708570808003077,0.5696658939845625,0.3713844131862597
110,-0.6195415506590617,-0.6157588849021596,-0.8219124724155876,-0.4495513889125741,-0.8181516142621287,-0.7064243969594488,-0.6128610713017076,-0.9092375180544842,-0.5562595765912427,-0.8544991572322135,-0.8091417081446994,-0.724232666294463,-0.7664655223625212,-0.6388166310045401,-0.8483637862658387,-0.8216028107801137,-0.7366281971049948,0.027222436105572678,0.2317246322565688
111,-0.8134892168199606,-0.7789808377045201,-0.9146591207600471,-0.7789808377045201,-0.7431605356175384,-0.7050239879106327,-0.8401680504168059,-0.6470588235294118,-0.9146591207600471,-0.8902638145194514,-0.9146591207600471,-0.6288281455225324,-0.823529411764706,-0.8902638145194514,-0.8488746876271654,-0.9146591207600471,-0.07312724241271307,0.3529411764705882,0.9146591207600471
112,-0.9682272453233686,-0.9682272453233686,-0.5285580671061286,-0.2198345891086199,-0.8604579261073555,-0.949391400439462,-0.8604579261073555,-0.8604579261073555,-0.8604579261073555,-0.7903602966591556,-0.7699311314199482,-0.7255852169962631,-0.8604579261073555,-0.8604579261073555,-0.9682272453233686,-0.9255696687691325,0.0,0.7267517248783671,0.9682272453233686
113,-0.47075654176200427,-0.41871789467931186,0.13363062095621223,-0.2730094531159741,-0.6508140266182865,-0.6110100926607787,-0.4095141796739611,-0.5915204817512771,-0.5238095238095238,-0.5821817364274594,-0.6508140266182865,-0.6982972487551756,-0.4095141796739611,-0.22271770159368703,-0.39036002917941326,-0.5460189062319482,0.0,-0.16903085094570333,-0.1283881477532739
114,-0.7677883825096461,-0.6471502289294341,-0.33867516310764806,-0.2634800381732936,-0.9857022603955158,-0.8164878104832579,-0.9857022603955158,-1.0,-0.9857022603955158,-0.7677883825096461,-0.7522258986550603,-0.8320502943378437,-0.9301467048399603,-0.8320502943378437,-0.5356558517486323,-0.48467312489281705,-0.8440825170409966,0.6273750483599824,0.5049933192511156
115,-0.5499719409228702,-0.47140452079103157,-0.5934480489237277,-0.43926968052735443,-0.9999999999999998,-0.8749999999999998,-0.7886751345948128,-0.7071067811865475,-0.7886751345948128,-0.7071067811865475,-0.29742041397080804,-0.6797378541243649,-0.9553418012614794,-0.836872694388042,-0.6797378541243649,-0.6011704339925263,-0.17677669529663687,0.9202060277213754,0.7630711874576981
116,0.13363062095621217,0.24999999999999994,0.4999999999999999,0.5662277660168379,-0.9999999999999998,-0.9999999999999998,0.0,-0.15550888174769317,-0.9999999999999998,0.1889822365046136,-0.15550888174769317,-0.9999999999999998,-0.4999999999999999,0.0,0.3162277660168379,0.19364916731037082,0.4999999999999999,-0.2773500981126145,-0.31864916731037085
117,-0.5962847939999439,0.29814239699997197,-0.25819888974716115,-0.7669649888473705,0.5477225575051661,0.5477225575051661,-0.7302967433402215,-0.9999999999999999,-0.8451542547285166,-0.8451542547285166,-0.6324555320336759,-0.8451542547285166,-0.39999999999999997,-0.16329931618554522,-0.50709255283711,-0.5477225575051661,-0.5477225575051661,-0.7905694150420948,-0.1414213562373095
118,-0.7960979398444399,-0.8548504142651103,-0.16692446522239715,0.38949041885226,-0.9233805168766385,-0.6999132392733555,-0.8207826816681232,0.0,-0.9999999999999998,-0.7233393492970543,-0.7894736842105262,-0.1908854288927333,-0.8207826816681232,-0.6069769786668839,-0.1908854288927333,-0.9999999999999998,-0.26013299085723596,0.5262013605584338,0.5151221963699316
119,-0.41143740053561556,-0.5048819787059918,0.4388515882999186,-0.0823638355770977,-0.46431763461805775,-0.46431763461805775,-0.17625291134445542,0.17625291134445542,-0.26561350349716284,-0.27877219180097246,-0.17625291134445542,-0.26561350349716284,-0.6965162807658015,-1.0,0.02564102564102566,-0.5237744667281986,-0.6965162807658015,0.05128205128205128,-0.04638636070427133
120,-0.923219775272666,-0.923219775272666,-0.4826728251598639,1.0,-0.961609887636333,-0.961609887636333,-0.961609887636333,-0.923219775272666,-0.923219775272666,-0.923219775272666,-0.8463091887962275,-0.5979735239999694,-0.6363636363636364,-0.2727272727272727,-0.692618377592455,-0.8079190764325606,-0.2727272727272727,0.5979735239999694,0.5979735239999694
121,-0.8548504142651103,-0.7648661601319408,0.4305283859114458,-0.32780503405359285,-0.8111071056538127,-0.8885233166386385,-0.8111071056538127,-0.47368421052631565,-0.6362847629757777,-0.5380275868489702,-0.8111071056538127,-0.7008766440504623,-0.5380275868489702,-0.3003757045930553,-0.9511897312113418,-0.8717797887081347,0.08671099695241198,0.5380275868489702,0.3826918985879519
122,-0.7777777777777778,-0.7777777777777778,-0.5425356270978874,-0.408248290463863,-0.7742918851774316,-0.7777777777777778,-0.7594148386188004,-0.7333943662025797,-0.9571067811865476,-0.9428090415820632,-0.7742918851774316,-0.7594148386188004,-0.757936754487314,-0.8655619729980792,-0.9571067811865476,-0.9015512256309919,-0.23562118464936715,0.888888888888889,0.007438523279315645
123,-0.7384456448906598,-0.7384456448906598,-0.30759635579954087,-0.5144407667600944,-0.8617583943012732,-0.8617583943012732,-0.9098386676965934,-0.9519197266046799,-1.0,-0.8617583943012732,-0.9098386676965934,-0.9519197266046799,-0.9096906030046462,-0.9519197266046799,-0.9519197266046799,-0.9096906030046462,-0.7395890582181481,0.7614093531004225,0.4184456448906597
124,-0.3389834532487512,-0.31823347477597025,0.02813209462749617,-0.05894877219556446,-0.5111872890060963,-0.45760768269167607,-0.14907119849998599,-0.29814239699997197,-0.6137040208055885,-0.29814239699997197,-0.832788199045873,-0.7463677452335803,-0.45760768269167607,-0.5111872890060963,0.16067061679207384,-0.49214744535008126,0.48177598307055647,0.9428090415820632,0.2773500981126146
125,-0.9999999999999999,0.9675160587692047,0.8699539289814232,0.6923076923076922,-0.6391846982121925,-0.8699539289814232,-0.9675160587692047,-0.9675160587692047,-0.9675160587692047,-0.6391846982121925,-0.6391846982121925,-0.9675160587692047,-0.6391846982121925,-0.40841546744296175,-0.9675160587692047,-0.9675160587692047,0.46153846153846145,0.9999999999999999,0.9675160587692047
126,-0.8058229640253805,-0.7001590424124284,-0.4718559781657663,-0.3636363636363636,-0.8115030443924355,-0.7526178090063818,-0.8115030443924355,-0.8951272453931445,0.33387308545053246,-0.6092717958449424,-0.8115030443924355,-0.8613236352175045,-0.8115030443924355,-0.7526178090063818,-0.8115030443924355,-0.8115030443924355,0.0,0.0909090909090909,-0.2727272727272727
127,-0.7396002616336389,-0.7858252779857412,0.1889269398192679,-0.8009253266286723,-0.6471502289294341,-0.48467312489281705,-0.7677883825096461,-0.7522258986550603,-0.6471502289294341,-0.6471502289294341,-0.381880754049394,-0.9857022603955158,-0.6315877450748483,-0.7858252779857412,-0.7215633661575436,-0.7677883825096461,-0.7453559924999299,0.5874654957362401,0.4714045207910316
128,-0.5563486402641868,-0.3851644432598217,-0.6880329612324521,-0.046524210519923545,-0.8190283593479222,-0.48997894350611143,-0.8463272660560107,-0.3640126041546321,-0.8463272660560107,-0.668153104781061,-0.8463272660560107,-0.060522753266880246,-0.5673665146135802,-0.41871789467931186,-1.0,-1.0,-0.48418202613504197,0.3640126041546321,0.09523809523809525
129,-0.3590924232298039,-0.3590924232298039,-0.5298129428260175,-0.429197537639476,0.2782074420373286,0.0,-0.10526315789473682,-0.11128297681493142,-0.4451319072597257,-0.429197537639476,-0.3065696697424829,0.6744532734334623,-0.6308932681440448,-0.533113989983183,-0.7570332986102252,-0.612056372482123,-0.429197537639476,-0.6676978608895886,-0.3785166493051126
130,-0.9999999999999998,-0.9714045207910316,-0.8339045647608557,-0.35355339059327373,-0.786566092485493,-0.7071067811865475,-0.9714045207910316,-0.9999999999999998,0.2779681882536186,0.23272591494572487,-0.9330127018922191,-0.9008918628686364,-0.9374999999999998,-0.9714045207910316,-0.9008918628686364,-0.9374999999999998,0.14433756729740643,0.5345224838248488,0.13363062095621217
131,-0.7582141504671601,-0.7582141504671601,-0.26732567658216516,-0.42600643361512924,-1.0,-0.7709174977022349,-1.0,-0.9384158614166176,-0.7709174977022349,-0.9384158614166176,-1.0,-0.9384158614166176,-0.6141326507057417,-0.9567283915339884,-0.7998093110353174,-0.6141326507057417,-0.2749859704614352,0.5966872416224406,0.3763108303960287
132,-0.8770580193070293,-0.8770580193070293,-0.5965587590013044,-0.894427190999916,-0.21693045781865616,-0.23312620206007847,0.34641016151377546,-0.0512989176042577,0.0,-0.1538967528127731,-0.1690308509457033,-0.4341215710622296,-0.5163977794943223,-0.09128709291752769,0.0,-0.5367450401216932,-0.1690308509457033,0.4338609156373123,0.32637668288410987
133,0.0,-0.6324555320336759,-0.4264014327112209,-0.18257418583505539,-0.42600643361512924,-0.11111111111111113,-0.37796447300922725,-0.12598815766974242,-0.42600643361512924,-0.2858309752375147,-0.14907119849998599,-0.060858061945018464,-0.4472135954999579,-0.05716619504750294,0.0,-0.21320071635561044,-0.2886751345948129,0.17149858514250885,0.5555555555555556
134,-0.5487262665421341,-0.15120307054217152,-0.22680460581325723,-0.6712490502577018,-0.9255696687691327,-0.6243278018132199,-0.8148148148148149,-0.7404195292490557,-0.4444444444444444,-0.7678935663703331,-0.6712490502577018,-0.7873407776935376,-0.4444444444444444,-0.6243278018132199,-0.6712490502577018,-0.8786484203246508,-0.22680460581325723,0.7873407776935376,0.898053656070959
135,-0.8320502943378437,-0.8320502943378437,0.6778127614269508,0.6054971007770368,-0.6160252612202627,-0.47433078675359885,-0.8009253266286723,-1.0,-0.4622501635210243,-0.8009253266286723,-0.20631122784443737,-0.7035264706814485,-0.8164878104832579,-0.6273750483599825,-0.7366634148004746,-0.7366634148004746,-0.36567987500393984,0.5338446573954878,0.33968261210814976
136,-0.2357022603955158,-0.6074872842789859,0.0,0.036463266580392874,-0.6666666666666666,-1.0,-0.6666666666666666,-0.6666666666666666,-0.408248290463863,-0.6666666666666666,-0.13608276348795434,-0.6666666666666666,-0.6666666666666666,-0.6666666666666666,-1.0,-1.0,0.3333333333333333,-0.5078677873714245,0.33532175730307734
137,-0.9396726805713804,-0.9396726805713804,-0.32991443953692906,-1.0,-0.4285714285714285,-0.9396726805713804,0.0,-1.0,-0.7584858681083576,-1.0,-0.4285714285714285,-0.9396726805713804,0.0,-1.0,0.0,0.0,-0.4285714285714285,1.0,0.9396726805713804
138,-0.27735009811261463,-0.3698001308168195,-0.3068150093703586,0.8440825170409966,-0.872677996249965,-0.8440825170409966,-0.7453559924999299,-0.22360679774997896,-0.872677996249965,-0.7084752939244675,-0.30151134457776363,-0.7035264706814485,-0.872677996249965,-0.47433078675359885,-0.872677996249965,-0.872677996249965,-0.1854503696325552,0.761566885138854,0.761566885138854
139,-0.6061565867690102,-0.8372815451036375,-0.09820927516479826,-0.8786484203246506,-1.0,-0.9255696687691325,-1.0,-0.8786484203246506,-1.0,-0.8786484203246506,-0.7371022869887413,-0.9255696687691325,-1.0,-0.9255696687691325,-0.8786484203246506,-0.9530787515555181,-0.16037507477489604,0.16037507477489604,0.6595037673258597
140,-0.8853103630798287,-0.5451034543599429,0.0,-0.9162658773652741,-0.9162658773652741,-0.9162658773652741,-0.9162658773652741,-1.0,-1.0,-0.8853103630798287,-1.0,-0.9162658773652741,-0.7916666666666667,-0.9162658773652741,-0.9162658773652741,-1.0,-0.37499999999999994,1.0,0.9162658773652741
141,-0.7947194142390263,-0.7947194142390263,0.0,-0.7001400420140049,-0.8660254037844387,-0.8164965809277261,-1.0,-0.9258200997725515,-0.8660254037844387,-0.8164965809277261,-1.0,-0.9258200997725515,-0.7302967433402215,-0.6963106238227914,-0.9258200997725515,-1.0,-0.7302967433402215,1.0,1.0
142,-0.23094010767585033,-0.7071067811865477,0.5163977794943223,0.0,0.0,-0.6546536707079772,0.0,0.0,-0.6546536707079772,-0.13245323570650439,0.33333333333333337,0.0,0.0,0.33333333333333337,-0.6546536707079772,0.0,-0.25197631533948484,1.0,-0.12038585308576923
143,-0.8666666666666667,-0.8666666666666667,0.39153222308049446,0.3333333333333333,-0.08606629658238706,0.4314757303333053,0.6230079534137997,0.0,-0.08606629658238706,0.6629514606666106,0.0,-0.8314757303333052,0.0,0.0,-0.6981423969999719,-0.1721325931647741,-0.6,0.1721325931647741,0.6981423969999719
144,-0.7071067811865475,-0.9428090415820632,0.0,-0.8660254037844386,-0.8660254037844386,-0.4999999999999999,0.0,-0.9999999999999998,0.0,-0.8749999999999998,-0.7216878364870322,-0.8017837257372731,-0.7071067811865475,-0.6249999999999999,-0.8660254037844386,-0.8749999999999998,-0.17677669529663687,-0.5345224838248487,-0.5345224838248487
145,-0.858395075278952,-0.7778444682625973,-0.35714285714285715,0.41403933560541256,-0.7857142857142858,-0.7349684152591671,-0.7142857142857143,-1.0,-0.8017837257372732,-0.3273268353539886,-0.881917103688197,-0.7778444682625973,-0.7857142857142858,-0.6929348671835834,-0.6482037235521644,-0.5,-0.7142857142857143,0.8017837257372732,0.881917103688197
146,-0.09134482907614529,-0.14433201851505095,0.32327487524843124,-0.37893777881934104,-0.12936593460625412,-0.5121148222702746,-0.10489013492216762,-0.29518650669841173,-0.2129912160550665,-0.40118387909288056,-0.3185734403893409,-0.2601671724311109,-0.13040482752566812,-0.4765252005827698,-0.7484143246170651,-0.89875540678256,0.08469389712954577,0.5549109906200952,0.40992680844529417
147,0.4714045207910316,-0.4714045207910316,0.4714045207910316,-0.7216878364870322,0.0,0.0,0.7216878364870322,0.7216878364870322,-0.7071067811865475,-0.17677669529663687,0.4714045207910316,0.7216878364870322,0.2357022603955158,0.17677669529663687,0.37499999999999994,-0.4714045207910316,0.0,0.7216878364870322,0.7216878364870322
148,-0.6266033799166659,-0.7137452667052279,-0.2497155700156586,-0.5435590834776878,-0.8376326382813403,-0.7277488015377698,-0.3260279803116424,-0.6246708266930202,-0.24655290071588074,-0.7658024406466928,-0.3825666006717995,-0.7032299172053508,-0.8782153765930513,-0.8563949017926054,-0.4172950237238561,-0.6511359656490179,-0.23152557624016207,0.5733705726343536,0.43221331202257257
149,-0.7317405649322314,-0.7194825417303325,-0.1741130789178644,-0.6607079787325005,-0.8830687710317486,-0.8103617200604262,-0.3739016235458337,-0.789041748314754,-0.5863960373850096,-0.7319429085645573,-0.7614753633569853,-0.7383339234124021,-0.8117675548568688,-0.8185542867492557,-0.8322125489969208,-0.8322125489969208,-0.378822928857346,0.8277996336015994,0.7274734302404913
150,-0.4363160318696163,-0.3090853429515587,0.28204610616079323,-0.3008078469681914,-0.9654293520110112,-0.9654293520110112,-0.6854252738972193,-0.5737736446832968,-0.7454807074849255,-0.5683138466694534,-0.6033051077840537,-0.6967976961305201,-0.3524158630380053,-0.7589293017235105,-0.6141443420834433,-0.8969401629821573,0.32980606216862124,0.24423103543905283,0.3988718285284804
151,-0.6677366916544478,-0.6369217707202196,-0.056751931596767356,0.1146237625992383,-0.936201747536426,-0.936201747536426,-0.936201747536426,-0.7678399942267894,-0.936201747536426,-0.7511422371948535,-0.9071535524346714,-0.8558469530681274,-0.936201747536426,-0.964004748771225,-0.7777888506837615,-0.8474572192151867,-0.4626969477452475,0.8353682736542956,0.7918333503160432
152,-0.320473372743708,-0.5102648632039217,-0.16725137731757952,0.2560409817693016,-0.8421984846616846,-0.720833955277985,-0.8900731531362276,-0.6476986156306084,-0.9425621318968281,-0.9521063441456843,-0.871000469369829,-0.7590366990515891,-0.7252122462765642,-0.5486241654132692,-0.7508474251562284,-0.9581319080774149,-0.356995510771121,0.21510237570591925,0.6589972068465697
153,-0.25408351431767345,-0.22713494012618746,-0.5015458037135361,0.2090625441316125,-0.3604103632304876,-0.5655625281739167,-0.8168067949431903,-0.6227114727476238,-0.8104716223934134,-0.4924474950553054,-0.9599977559080549,-0.6326358471529394,-0.6947339925846628,-0.19057709442780982,-0.7424825995171795,-0.6004952308414686,-0.47894738192019626,0.5524751914930855,0.7335490885310846
154,-0.6603103435561695,-0.5862823992666109,-0.09341231907008747,0.19808538441196372,-0.8148334451173749,-0.7075464737168088,-0.7791433832933808,-0.6748887883569709,-0.7740415443208872,-0.7260506224098201,-0.8896639483935426,-0.8680197617224763,-0.8215133159567902,-0.6566995282450925,-0.8963049272169579,-0.7833574789681151,-0.11136371762271577,0.8984977725258583,0.7809481840726011
155,-0.5267577872976765,-0.6298666913307858,-0.5283690357146055,-0.30033733180016337,-0.6474963541545738,-0.7453353058954182,-0.3042277995751463,-0.5533708289972366,-0.5260664862854394,-0.5852630517850245,-0.0521365479030254,-0.5391120919639387,-0.646423375804322,-0.525356882848947,-0.2762087415458362,-0.2183202644584198,-0.49276524809087846,0.47621065015671393,0.3382467249542712
156,-0.591542208458266,-0.7408149074443858,0.06020979688334122,-0.2278091615399388,-0.7389384455123887,-0.6583297168642838,-0.756870921036119,-0.7506522090093426,-0.7206254749981196,-0.6039089223759411,-0.6048119881174655,-0.5969286062615101,-0.8298247705072984,-0.6045894186390774,-0.6628872685361789,-0.7078355841041901,-0.6179520730041488,0.3059840272572338,0.2714647986240666
157,-0.8288473929049168,-0.8333333333333333,-0.39811130046541926,-0.5336615486019777,-0.6400916413764177,-0.8908753323459024,-0.5196798941268016,-0.8285038891521467,-0.6175772906435586,-0.9086139131207146,-0.8434625866109686,-0.7864122782683175,-0.5164310983989475,-0.8836324434650413,-0.4556119673396606,-0.8535710516820363,-0.29452841620428954,0.8788191356817665,0.8919254114065117
158,-0.5932224102859346,-0.574281872687628,-0.07376296049437753,-0.2933354454136901,-0.7125751604806898,-0.6585422796363082,-0.7845315793442064,-0.6859004824622283,-0.7484425230686119,-0.6272399141916464,-0.7164765350366992,-0.7046044733209847,-0.6945016505106535,-0.6605380849360428,-0.8010708206653124,-0.6174125925266069,-0.5148143784944785,-0.003973430845256574,0.12275172469654248
159,-0.4374105332985849,-0.38459712403212015,-0.4982982979659264,0.01612001593490564,-0.5909090909090908,-0.5909090909090908,-0.5909090909090908,-0.5909090909090908,-0.6370466232385545,-0.9999999999999999,-0.3551902537593944,-0.5217129782537278,-0.3551902537593944,-0.3551902537593944,-0.3066386315523428,-0.6370466232385545,-0.47874951898500606,0.3551902537593944,0.40939382724355283
160,-0.6784011998743081,-0.4611838442152029,-0.6201827458937366,-0.1820723261959071,-0.33016474788330913,-0.5391662557503978,-0.7235483783701491,-0.7516945638786627,-0.8177856858983287,-0.5820911008962261,-0.7558431126521654,-0.43028864154534335,-0.7935397935397935,-0.6438113980553668,-0.902985902985903,-0.8238609722715677,0.024991830898017982,0.14941538365478954,0.11036679383863932
161,-0.6159937086516634,-0.6573581312845981,0.015859199393079983,-0.2785492278110534,-0.28097850453482803,-0.6049109036040203,-0.7081111578349673,-0.5426213359599308,-0.7306718829369135,-0.7058310121111916,-0.8062355011099523,-0.7126593588895392,-0.6049109036040203,-0.8288045160607291,-0.8635575373391642,-0.8288045160607291,-0.5464151861338009,0.6801276350441945,0.5307232530011877
162,-0.48862296159943414,-0.35220498064886474,-0.6492726369027618,-0.5962542818877316,0.3133063614209881,-0.5457932383065094,-0.6577857409445663,-0.7195778868586771,-0.5668264864316117,-0.6305641575492943,-0.6289295105029978,-0.5474576551728744,-0.8547967607887815,-0.7526131445892659,-0.8194623863637983,-0.7878597215051641,-0.652089637219275,0.46135368606828436,-0.2361975838212802
163,-0.7071067811865475,-0.7071067811865474,-0.7839045207910316,-0.7839045207910316,-0.5892556509887895,-0.6830127018922193,-0.5773502691896257,-0.5773502691896257,-0.7071067811865475,-0.5773502691896257,-0.5892556509887895,-0.6830127018922193,-0.3693328813517279,-0.4999999999999999,-0.4461306209562121,-0.5892556509887895,0.0,0.7839045207910316,0.4714045207910316
