id,image_id,score
0,000.00.jpg,-0.42
0,000.01.jpg,-0.33
0,000.02.jpg,-0.34
0,000.03.jpg,0.42
0,000.04.jpg,0.28
0,000.05.jpg,0.79
0,000.06.jpg,-0.74
0,000.07.jpg,-0.26
0,000.08.jpg,-0.6
0,000.09.jpg,-0.05
0,000.10.jpg,-0.28
0,000.11.jpg,0.91
1,001.00.jpg,0.8
1,001.01.jpg,0.5
1,001.02.jpg,0.83
1,001.03.jpg,0.05
1,001.04.jpg,0.76
1,001.05.jpg,0.08
1,001.06.jpg,-0.08
1,001.07.jpg,0.23
1,001.08.jpg,-0.25
1,001.09.jpg,0.1
1,001.10.jpg,0.49
2,002.00.jpg,-0.79
2,002.01.jpg,-0.98
2,002.02.jpg,-0.63
2,002.03.jpg,-0.66
2,002.04.jpg,-0.55
2,002.05.jpg,-0.83
2,002.06.jpg,-0.81
2,002.07.jpg,-0.59
2,002.08.jpg,-0.81
2,002.09.jpg,-0.61
2,002.10.jpg,-0.69
2,002.11.jpg,0.01
2,002.12.jpg,0.19
2,002.13.jpg,-0.38
2,002.14.jpg,-0.46
2,002.15.jpg,-0.56
2,002.16.jpg,0.24
2,002.17.jpg,-0.42
2,002.18.jpg,-0.26
2,002.19.jpg,-0.31
2,002.20.jpg,-0.41
2,002.21.jpg,0.11
3,003.00.jpg,-0.44
3,003.01.jpg,-0.46
3,003.02.jpg,-0.21
3,003.03.jpg,-0.65
3,003.04.jpg,-0.03
3,003.05.jpg,-0.38
3,003.06.jpg,-0.04
3,003.07.jpg,-0.31
3,003.08.jpg,-0.38
3,003.09.jpg,0.21
3,003.10.jpg,-0.54
4,004.00.jpg,-0.05
4,004.01.jpg,-0.07
4,004.02.jpg,-0.03
4,004.03.jpg,-0.29
4,004.04.jpg,0.26
4,004.05.jpg,0.15
4,004.06.jpg,0.03
4,004.07.jpg,0.23
4,004.08.jpg,-0.39
4,004.09.jpg,0.01
4,004.10.jpg,-0.08
4,004.11.jpg,0.32
4,004.12.jpg,0.26
4,004.13.jpg,-0.41
5,005.00.jpg,0.97
5,005.01.jpg,0.88
5,005.02.jpg,0.76
5,005.03.jpg,0.83
5,005.04.jpg,0.47
5,005.05.jpg,0.69
5,005.06.jpg,0.94
5,005.07.jpg,0.95
5,005.08.jpg,0.69
5,005.09.jpg,0.69
5,005.10.jpg,0.42
5,005.11.jpg,0.27
5,005.12.jpg,0.15
5,005.13.jpg,0.31
5,005.14.jpg,0.44
5,005.15.jpg,0.69
5,005.16.jpg,0.8
5,005.17.jpg,0.77
5,005.18.jpg,0.51
5,005.19.jpg,0.27
5,005.20.jpg,0.78
5,005.21.jpg,0.75
5,005.22.jpg,0.74
5,005.23.jpg,0.1
5,005.24.jpg,0.13
5,005.25.jpg,0.33
5,005.26.jpg,0.65
5,005.27.jpg,0.58
5,005.28.jpg,0.33
5,005.29.jpg,0.43
5,005.30.jpg,0.53
5,005.31.jpg,0.4
6,006.00.jpg,-0.14
6,006.01.jpg,0.36
6,006.02.jpg,0.38
6,006.03.jpg,0.05
6,006.04.jpg,-0.06
6,006.05.jpg,-0.05
6,006.06.jpg,0.09
6,006.07.jpg,-0.02
6,006.08.jpg,0.45
6,006.09.jpg,0.77
6,006.10.jpg,0.71
6,006.11.jpg,0.68
6,006.12.jpg,0.13
6,006.13.jpg,0.09
6,006.14.jpg,0.05
6,006.15.jpg,0.35
6,006.16.jpg,-0.63
6,006.17.jpg,0.23
6,006.18.jpg,-0.26
6,006.19.jpg,-0.12
7,007.00.jpg,-0.37
7,007.01.jpg,-0.07
7,007.02.jpg,0.26
7,007.03.jpg,-0.29
7,007.04.jpg,0.29
7,007.05.jpg,-0.19
7,007.06.jpg,0.74
7,007.07.jpg,0.27
7,007.08.jpg,0.21
7,007.09.jpg,0.49
7,007.10.jpg,0.6
7,007.11.jpg,0.01
7,007.12.jpg,0.16
7,007.13.jpg,-0.37
7,007.14.jpg,0.1
7,007.15.jpg,-0.15
7,007.16.jpg,0.14
7,007.17.jpg,0.03
7,007.18.jpg,-0.09
7,007.19.jpg,-0.03
7,007.20.jpg,-0.03
7,007.21.jpg,-0.02
7,007.22.jpg,0.07
7,007.23.jpg,0.06
7,007.24.jpg,0.48
7,007.25.jpg,-0.16
7,007.26.jpg,0.03
7,007.27.jpg,0.35
7,007.28.jpg,0.02
8,008.00.jpg,0.66
8,008.01.jpg,-0.06
8,008.02.jpg,0.05
8,008.03.jpg,0.27
8,008.04.jpg,0.29
8,008.05.jpg,0.14
8,008.06.jpg,0.08
8,008.07.jpg,-0.13
8,008.08.jpg,0.3
8,008.09.jpg,0.29
8,008.10.jpg,0.28
8,008.11.jpg,0.34
8,008.12.jpg,0.21
8,008.13.jpg,-0.16
8,008.14.jpg,0.24
8,008.15.jpg,0.28
8,008.16.jpg,0.05
8,008.17.jpg,0.31
8,008.18.jpg,0.19
8,008.19.jpg,-0.07
8,008.20.jpg,0
8,008.21.jpg,-0.21
8,008.22.jpg,-0.11
8,008.23.jpg,0.11
8,008.24.jpg,0.29
8,008.25.jpg,0.09
8,008.26.jpg,0.2
8,008.27.jpg,-0.07
8,008.28.jpg,-0.05
8,008.29.jpg,0.22
8,008.30.jpg,0.13
8,008.31.jpg,0.09
8,008.32.jpg,0.11
8,008.33.jpg,0.25
8,008.34.jpg,-0.2
8,008.35.jpg,-0.4
8,008.36.jpg,-0.14
8,008.37.jpg,-0.28
8,008.38.jpg,-0.09
8,008.39.jpg,-0.34
8,008.40.jpg,-0.54
8,008.41.jpg,0.11
8,008.42.jpg,0.01
8,008.43.jpg,-0.07
8,008.44.jpg,-0.36
8,008.45.jpg,0.17
8,008.46.jpg,0.09
8,008.47.jpg,-0.22
8,008.48.jpg,-0.45
8,008.49.jpg,0.16
8,008.50.jpg,-0.38
8,008.51.jpg,-0.59
8,008.52.jpg,0.05
8,008.53.jpg,-0.11
9,009.00.jpg,-0.65
9,009.01.jpg,-0.13
9,009.02.jpg,-0.4
9,009.03.jpg,-0.33
9,009.04.jpg,-0.26
9,009.05.jpg,-0.1
9,009.06.jpg,-0.53
9,009.07.jpg,-0.26
9,009.08.jpg,0.16
9,009.09.jpg,-0.73
9,009.10.jpg,-0.06
9,009.11.jpg,-0.98
9,009.12.jpg,-0.6
9,009.13.jpg,0.01
9,009.14.jpg,-0.22
9,009.15.jpg,0.34
9,009.16.jpg,-0.44
9,009.17.jpg,0.11
9,009.18.jpg,0.31
9,009.19.jpg,0.06
9,009.20.jpg,0.06
9,009.21.jpg,0.22
9,009.22.jpg,-0.63
9,009.23.jpg,-0.35
9,009.24.jpg,-0.17
9,009.25.jpg,-0.56
9,009.26.jpg,-0.3
9,009.27.jpg,0.01
9,009.28.jpg,-0.13
9,009.29.jpg,0.05
9,009.30.jpg,-0.87
9,009.31.jpg,0.13
9,009.32.jpg,0.31
9,009.33.jpg,0.19
9,009.34.jpg,0.26
9,009.35.jpg,0.25
9,009.36.jpg,0.04
9,009.37.jpg,0
9,009.38.jpg,0
9,009.39.jpg,0.14
9,009.40.jpg,-0.21
9,009.41.jpg,-0.58
9,009.42.jpg,0.09
9,009.43.jpg,-0.06
9,009.44.jpg,0.12
9,009.45.jpg,-0.48
9,009.46.jpg,-0.21
9,009.47.jpg,-0.11
9,009.48.jpg,-0.55
9,009.49.jpg,-0.53
9,009.50.jpg,-0.51
9,009.51.jpg,-0.24
9,009.52.jpg,-0.33
9,009.53.jpg,0.14
9,009.54.jpg,0.67
9,009.55.jpg,0.43
9,009.56.jpg,0.2
9,009.57.jpg,-0.22
9,009.58.jpg,0.74
9,009.59.jpg,0.14
9,009.60.jpg,0.55
9,009.61.jpg,0.58
9,009.62.jpg,0.62
9,009.63.jpg,0.19
9,009.64.jpg,0.28
9,009.65.jpg,0.71
9,009.66.jpg,0.36
9,009.67.jpg,-1.18
9,009.68.jpg,-0.87
9,009.69.jpg,-0.68
9,009.70.jpg,-0.31
9,009.71.jpg,0.62
9,009.72.jpg,-0.59
9,009.73.jpg,0.31
9,009.74.jpg,0.36
9,009.75.jpg,0.08
10,010.00.jpg,0.26
10,010.01.jpg,0.44
10,010.02.jpg,0.32
10,010.03.jpg,-0.08
10,010.04.jpg,0.24
10,010.05.jpg,0.24
10,010.06.jpg,0.3
10,010.07.jpg,0.51
10,010.08.jpg,0.15
10,010.09.jpg,0.48
10,010.10.jpg,0.23
10,010.11.jpg,0.54
10,010.12.jpg,0.55
10,010.13.jpg,0.47
10,010.14.jpg,0.32
10,010.15.jpg,0.17
10,010.16.jpg,0.37
10,010.17.jpg,-0.06
10,010.18.jpg,0.39
10,010.19.jpg,0.57
10,010.20.jpg,0.36
10,010.21.jpg,0.58
10,010.22.jpg,0.21
10,010.23.jpg,0.4
10,010.24.jpg,0.54
10,010.25.jpg,0.61
10,010.26.jpg,0.42
10,010.27.jpg,0.25
10,010.28.jpg,0.52
10,010.29.jpg,0.39
10,010.30.jpg,0.26
10,010.31.jpg,0.23
10,010.32.jpg,0.28
10,010.33.jpg,0.52
10,010.34.jpg,0.22
10,010.35.jpg,0.39
10,010.36.jpg,0
10,010.37.jpg,0.13
10,010.38.jpg,0.49
10,010.39.jpg,1.01
10,010.40.jpg,0.44
10,010.41.jpg,0.19
10,010.42.jpg,0.23
10,010.43.jpg,0.12
10,010.44.jpg,0.24
10,010.45.jpg,0.15
10,010.46.jpg,0.24
10,010.47.jpg,0.46
10,010.48.jpg,0.21
10,010.49.jpg,1.02
10,010.50.jpg,-0.33
10,010.51.jpg,-0.31
11,011.00.jpg,-1.01
11,011.01.jpg,-0.71
11,011.02.jpg,-0.82
11,011.03.jpg,-0.97
11,011.04.jpg,-0.58
11,011.05.jpg,-0.48
11,011.06.jpg,-0.07
11,011.07.jpg,0.98
11,011.08.jpg,-0.02
11,011.09.jpg,0.13
11,011.10.jpg,0.21
11,011.11.jpg,-0.69
11,011.12.jpg,-0.59
12,012.00.jpg,-0.02
12,012.01.jpg,-0.26
12,012.02.jpg,-0.01
12,012.03.jpg,-0.49
12,012.04.jpg,-0.2
12,012.05.jpg,-0.32
12,012.06.jpg,-0.01
12,012.07.jpg,-0.05
12,012.08.jpg,-0.06
12,012.09.jpg,0.39
12,012.10.jpg,0.59
13,013.00.jpg,-0.19
13,013.01.jpg,-0.48
13,013.02.jpg,-0.84
13,013.03.jpg,-0.78
13,013.04.jpg,-0.45
13,013.05.jpg,-0.36
13,013.06.jpg,0.65
13,013.07.jpg,0.53
13,013.08.jpg,0.24
13,013.09.jpg,0.34
13,013.10.jpg,0.31
13,013.11.jpg,-0.58
13,013.12.jpg,-0.35
13,013.13.jpg,1.86
13,013.14.jpg,0.83
13,013.15.jpg,0.92
13,013.16.jpg,-0.16
13,013.17.jpg,-0.04
13,013.18.jpg,-0.26
13,013.19.jpg,-0.25
13,013.20.jpg,-0.16
14,014.00.jpg,-0.06
14,014.01.jpg,0.39
14,014.02.jpg,-0.07
14,014.03.jpg,0.12
14,014.04.jpg,0.17
14,014.05.jpg,0.63
14,014.06.jpg,0.34
14,014.07.jpg,0.31
14,014.08.jpg,0.06
14,014.09.jpg,0.22
14,014.10.jpg,0.98
14,014.11.jpg,-0.47
14,014.12.jpg,-0.55
14,014.13.jpg,0.42
14,014.14.jpg,0.29
14,014.15.jpg,0.44
14,014.16.jpg,0.05
14,014.17.jpg,0.01
14,014.18.jpg,-0.08
14,014.19.jpg,-0.87
15,015.00.jpg,-0.59
15,015.01.jpg,-0.55
15,015.02.jpg,0.1
15,015.03.jpg,-0.36
15,015.04.jpg,-0.52
15,015.05.jpg,-0.43
15,015.06.jpg,0.31
15,015.07.jpg,0.39
15,015.08.jpg,-0.11
15,015.09.jpg,0.2
15,015.10.jpg,-0.06
15,015.11.jpg,-0.1
15,015.12.jpg,-0.35
15,015.13.jpg,0.27
15,015.14.jpg,-0.29
16,016.00.jpg,-0.08
16,016.01.jpg,-0.09
16,016.02.jpg,-0.11
16,016.03.jpg,0.05
16,016.04.jpg,0.24
16,016.05.jpg,-0.03
16,016.06.jpg,0.57
16,016.07.jpg,-0.05
16,016.08.jpg,0.21
16,016.09.jpg,0.4
16,016.10.jpg,-0.18
17,017.00.jpg,0.24
17,017.01.jpg,-0.16
17,017.02.jpg,-0.32
17,017.03.jpg,0.1
17,017.04.jpg,-0.17
17,017.05.jpg,0.38
17,017.06.jpg,-0.35
17,017.07.jpg,-0.26
17,017.08.jpg,-0.08
17,017.09.jpg,0.29
17,017.10.jpg,-0.33
17,017.11.jpg,0.22
17,017.12.jpg,0.27
17,017.13.jpg,-0.17
17,017.14.jpg,0.1
17,017.15.jpg,0.25
17,017.16.jpg,0.01
17,017.17.jpg,-0.48
17,017.18.jpg,-0.27
17,017.19.jpg,-0.25
17,017.20.jpg,-0.17
17,017.21.jpg,-0.15
17,017.22.jpg,-0.04
17,017.23.jpg,-0.52
17,017.24.jpg,-0.5
17,017.25.jpg,-0.25
17,017.26.jpg,-0.05
17,017.27.jpg,0.22
17,017.28.jpg,0.39
17,017.29.jpg,0.46
17,017.30.jpg,-0.04
17,017.31.jpg,-0.08
17,017.32.jpg,-0.05
17,017.33.jpg,0.15
17,017.34.jpg,-0.13
17,017.35.jpg,-0.63
18,018.00.jpg,0.1
18,018.01.jpg,0.34
18,018.02.jpg,0.13
18,018.03.jpg,-0.08
18,018.04.jpg,0.05
18,018.05.jpg,-0.01
18,018.06.jpg,-0.19
18,018.07.jpg,-0.43
18,018.08.jpg,-0.38
18,018.09.jpg,-0.43
18,018.10.jpg,-0.51
19,019.00.jpg,-0.44
19,019.01.jpg,0.47
19,019.02.jpg,-0.01
19,019.03.jpg,0.48
19,019.04.jpg,0.02
19,019.05.jpg,0.18
19,019.06.jpg,-0.05
19,019.07.jpg,0.27
19,019.08.jpg,-0.2
19,019.09.jpg,-0.24
19,019.10.jpg,0.26
19,019.11.jpg,0.54
19,019.12.jpg,0.17
19,019.13.jpg,0.13
19,019.14.jpg,0.6
19,019.15.jpg,0.35
19,019.16.jpg,0.48
19,019.17.jpg,0.11
19,019.18.jpg,0.18
19,019.19.jpg,0.68
19,019.20.jpg,-0.92
19,019.21.jpg,-0.42
19,019.22.jpg,-0.74
19,019.23.jpg,-0.56
19,019.24.jpg,-1.13
20,020.00.jpg,-0.11
20,020.01.jpg,0.11
20,020.02.jpg,-0.37
20,020.03.jpg,0.09
20,020.04.jpg,-0.05
20,020.05.jpg,0.2
20,020.06.jpg,0.42
20,020.07.jpg,0.34
20,020.08.jpg,0.18
21,021.00.jpg,-0.04
21,021.01.jpg,-0.2
21,021.02.jpg,-0.29
21,021.03.jpg,-0.46
21,021.04.jpg,-0.46
21,021.05.jpg,-0.61
21,021.06.jpg,0.23
21,021.07.jpg,0.01
21,021.08.jpg,0.08
21,021.09.jpg,0.44
21,021.10.jpg,0.25
22,022.00.jpg,0.04
22,022.01.jpg,-0.3
22,022.02.jpg,-0.45
22,022.03.jpg,-0.46
22,022.04.jpg,0.04
22,022.05.jpg,-0.3
22,022.06.jpg,0.14
22,022.07.jpg,-0.01
22,022.08.jpg,0.54
22,022.09.jpg,0.15
23,023.00.jpg,0.42
23,023.01.jpg,0.21
23,023.02.jpg,1.03
23,023.03.jpg,0.69
23,023.04.jpg,0.45
23,023.05.jpg,0.53
23,023.06.jpg,-0.3
23,023.07.jpg,0.07
23,023.08.jpg,-0.06
23,023.09.jpg,-0.03
23,023.10.jpg,0.04
24,024.00.jpg,-0.56
24,024.01.jpg,-0.19
24,024.02.jpg,-0.3
24,024.03.jpg,0.01
24,024.04.jpg,-0.5
24,024.05.jpg,-0.36
24,024.06.jpg,0.27
24,024.07.jpg,0.16
24,024.08.jpg,0.06
24,024.09.jpg,-0.1
24,024.10.jpg,-0.22
25,025.00.jpg,-0.88
25,025.01.jpg,-0.49
25,025.02.jpg,-0.81
25,025.03.jpg,0.11
25,025.04.jpg,-0.55
25,025.05.jpg,-0.2
25,025.06.jpg,-0.48
25,025.07.jpg,-0.67
25,025.08.jpg,-0.54
25,025.09.jpg,-0.47
25,025.10.jpg,-0.53
25,025.11.jpg,-0.45
25,025.12.jpg,-0.24
25,025.13.jpg,-0.49
25,025.14.jpg,-1.01
25,025.15.jpg,0.03
25,025.16.jpg,-0.5
25,025.17.jpg,0.15
25,025.18.jpg,0.33
25,025.19.jpg,-0.26
25,025.20.jpg,1.08
25,025.21.jpg,1.03
25,025.22.jpg,1.51
25,025.23.jpg,0.06
25,025.24.jpg,0.01
25,025.25.jpg,-0.77
25,025.26.jpg,-0.13
25,025.27.jpg,0.12
26,026.00.jpg,-0.1
26,026.01.jpg,-0.32
26,026.02.jpg,-0.02
26,026.03.jpg,-0.59
26,026.04.jpg,-0.08
26,026.05.jpg,-0.26
27,027.00.jpg,0.61
27,027.01.jpg,0.77
27,027.02.jpg,0.52
27,027.03.jpg,0.26
27,027.04.jpg,1
27,027.05.jpg,0.29
27,027.06.jpg,0.52
27,027.07.jpg,0.33
27,027.08.jpg,0.27
27,027.09.jpg,0.38
27,027.10.jpg,0.67
28,028.00.jpg,-0.9
28,028.01.jpg,-0.54
28,028.02.jpg,0.37
28,028.03.jpg,-0.02
28,028.04.jpg,0.06
28,028.05.jpg,0.02
28,028.06.jpg,0.36
28,028.07.jpg,0.46
28,028.08.jpg,0.28
28,028.09.jpg,0.27
28,028.10.jpg,0.53
29,029.00.jpg,0.33
29,029.01.jpg,0.55
29,029.02.jpg,0.44
29,029.03.jpg,0.69
29,029.04.jpg,0.28
29,029.05.jpg,0.69
29,029.06.jpg,0.57
29,029.07.jpg,-0.08
29,029.08.jpg,0.36
29,029.09.jpg,0.55
29,029.10.jpg,-0.35
30,030.00.jpg,-0.07
30,030.01.jpg,-0.38
30,030.02.jpg,-0.19
30,030.03.jpg,-0.61
30,030.04.jpg,-0.45
30,030.05.jpg,-0.51
30,030.06.jpg,0.24
30,030.07.jpg,-0.02
30,030.08.jpg,-0.61
30,030.09.jpg,-0.4
30,030.10.jpg,0.51
30,030.11.jpg,-0.34
30,030.12.jpg,-0.05
30,030.13.jpg,0.25
30,030.14.jpg,-0.28
30,030.15.jpg,-0.72
30,030.16.jpg,-0.78
30,030.17.jpg,-0.54
30,030.18.jpg,-0.42
30,030.19.jpg,-0.06
30,030.20.jpg,-0.51
30,030.21.jpg,0.08
30,030.22.jpg,0.04
30,030.23.jpg,0.25
30,030.24.jpg,-0.18
30,030.25.jpg,-0.17
30,030.26.jpg,0.43
30,030.27.jpg,-0.1
30,030.28.jpg,-0.05
30,030.29.jpg,-0.63
30,030.30.jpg,0.05
30,030.31.jpg,-0.07
30,030.32.jpg,-0.1
30,030.33.jpg,-0.03
30,030.34.jpg,0.53
30,030.35.jpg,0.39
30,030.36.jpg,0.33
30,030.37.jpg,0.69
31,031.00.jpg,-0.29
31,031.01.jpg,0.21
31,031.02.jpg,0.16
31,031.03.jpg,0.28
31,031.04.jpg,-0.69
31,031.05.jpg,0.36
32,032.00.jpg,0.2
32,032.01.jpg,0.16
32,032.02.jpg,0.04
32,032.03.jpg,0.12
32,032.04.jpg,0.25
32,032.05.jpg,-0.23
32,032.06.jpg,-0.34
32,032.07.jpg,0.34
32,032.08.jpg,0.03
33,033.00.jpg,-0.25
33,033.01.jpg,0.14
33,033.02.jpg,0.21
33,033.03.jpg,-0.2
33,033.04.jpg,-0.29
33,033.05.jpg,0.14
33,033.06.jpg,-0.08
33,033.07.jpg,-0.57
33,033.08.jpg,-0.1
33,033.09.jpg,-0.18
34,034.00.jpg,0.54
34,034.01.jpg,-0.37
34,034.02.jpg,-0.34
34,034.03.jpg,0.14
34,034.04.jpg,-0.05
34,034.05.jpg,0.12
34,034.06.jpg,0.08
34,034.07.jpg,-0.18
34,034.08.jpg,0
34,034.09.jpg,-0.66
34,034.10.jpg,-0.24
35,035.00.jpg,-0.24
35,035.01.jpg,-0.74
35,035.02.jpg,-0.79
35,035.03.jpg,0.27
35,035.04.jpg,0.01
35,035.05.jpg,-0.22
35,035.06.jpg,-0.73
35,035.07.jpg,-0.04
35,035.08.jpg,0.4
35,035.09.jpg,0.01
35,035.10.jpg,0.29
36,036.00.jpg,-0.29
36,036.01.jpg,-0.42
36,036.02.jpg,-0.22
36,036.03.jpg,-0.14
36,036.04.jpg,0.35
36,036.05.jpg,0.11
36,036.06.jpg,-0.15
36,036.07.jpg,0.11
36,036.08.jpg,0.14
37,037.00.jpg,0.48
37,037.01.jpg,0.42
37,037.02.jpg,0.42
37,037.03.jpg,0.38
37,037.04.jpg,0.47
37,037.05.jpg,0.46
37,037.06.jpg,0.07
37,037.07.jpg,0.06
37,037.08.jpg,-0.19
37,037.09.jpg,-0.26
38,038.00.jpg,0.12
38,038.01.jpg,-0.43
38,038.02.jpg,0.14
38,038.03.jpg,-0.59
38,038.04.jpg,-0.41
38,038.05.jpg,-0.25
38,038.06.jpg,0.13
38,038.07.jpg,0.11
38,038.08.jpg,-0.3
38,038.09.jpg,-0.53
39,039.00.jpg,0.1
39,039.01.jpg,0.1
39,039.02.jpg,0.21
39,039.03.jpg,-0.19
39,039.04.jpg,-0.28
39,039.05.jpg,0.12
39,039.06.jpg,0.17
39,039.07.jpg,-0.09
39,039.08.jpg,0.25
39,039.09.jpg,0.56
39,039.10.jpg,0.04
39,039.11.jpg,0.6
39,039.12.jpg,0.03
39,039.13.jpg,0.05
39,039.14.jpg,0.76
39,039.15.jpg,-0.23
39,039.16.jpg,0.03
39,039.17.jpg,-0.4
39,039.18.jpg,0.79
39,039.19.jpg,0.19
39,039.20.jpg,0.35
39,039.21.jpg,-0.06
39,039.22.jpg,-0.74
39,039.23.jpg,-0.41
39,039.24.jpg,0.61
39,039.25.jpg,0
39,039.26.jpg,0.17
39,039.27.jpg,0.53
39,039.28.jpg,0.47
40,040.00.jpg,0.38
40,040.01.jpg,0.44
40,040.02.jpg,0.36
40,040.03.jpg,0.44
40,040.04.jpg,0.18
40,040.05.jpg,0.28
40,040.06.jpg,0.32
40,040.07.jpg,0.64
40,040.08.jpg,0.51
40,040.09.jpg,0.39
40,040.10.jpg,-0.05
41,041.00.jpg,1.08
41,041.01.jpg,0.7
41,041.02.jpg,0.71
41,041.03.jpg,0.42
41,041.04.jpg,0.56
41,041.05.jpg,0.66
41,041.06.jpg,0.57
41,041.07.jpg,0.53
41,041.08.jpg,0.44
41,041.09.jpg,0.73
41,041.10.jpg,0.36
41,041.11.jpg,0.44
41,041.12.jpg,0.71
41,041.13.jpg,0.86
41,041.14.jpg,0.71
41,041.15.jpg,0.5
41,041.16.jpg,0.46
41,041.17.jpg,0.29
41,041.18.jpg,0.07
41,041.19.jpg,-0.56
41,041.20.jpg,0.14
41,041.21.jpg,-0.23
41,041.22.jpg,0.9
41,041.23.jpg,0.91
41,041.24.jpg,0.91
41,041.25.jpg,0.98
42,042.00.jpg,0.89
42,042.01.jpg,1.25
42,042.02.jpg,0.6
42,042.03.jpg,0.68
42,042.04.jpg,0.88
42,042.05.jpg,1.32
42,042.06.jpg,0.76
42,042.07.jpg,0.83
42,042.08.jpg,0.78
42,042.09.jpg,0.91
42,042.10.jpg,0.71
42,042.11.jpg,0.35
42,042.12.jpg,0.7
42,042.13.jpg,0.62
42,042.14.jpg,0.72
42,042.15.jpg,0.17
42,042.16.jpg,0.55
42,042.17.jpg,0.01
43,043.00.jpg,0.36
43,043.01.jpg,-0.1
43,043.02.jpg,0.25
43,043.03.jpg,0.25
43,043.04.jpg,0.44
43,043.05.jpg,-0.46
44,044.00.jpg,0.46
44,044.01.jpg,0.8
44,044.02.jpg,0.55
44,044.03.jpg,0.24
44,044.04.jpg,-0.07
44,044.05.jpg,0.97
44,044.06.jpg,-0.15
44,044.07.jpg,0
44,044.08.jpg,-0.05
44,044.09.jpg,0.05
45,045.00.jpg,0.23
45,045.01.jpg,0.29
45,045.02.jpg,-0.03
45,045.03.jpg,0.3
45,045.04.jpg,0.16
45,045.05.jpg,0.32
45,045.06.jpg,0.56
45,045.07.jpg,-0.34
45,045.08.jpg,-0.07
45,045.09.jpg,-0.03
45,045.10.jpg,0.18
46,046.00.jpg,-0.28
46,046.01.jpg,0.34
46,046.02.jpg,0.07
46,046.03.jpg,0.26
46,046.04.jpg,0.48
46,046.05.jpg,0.25
46,046.06.jpg,-0.19
46,046.07.jpg,-0.17
46,046.08.jpg,-0.16
46,046.09.jpg,-0.23
46,046.10.jpg,-0.43
46,046.11.jpg,-0.18
46,046.12.jpg,-0.18
46,046.13.jpg,-0.19
46,046.14.jpg,0.44
46,046.15.jpg,0.41
46,046.16.jpg,-0.08
46,046.17.jpg,-0.04
46,046.18.jpg,0.09
46,046.19.jpg,-0.01
46,046.20.jpg,0.49
46,046.21.jpg,0.69
46,046.22.jpg,0.12
46,046.23.jpg,0.19
46,046.24.jpg,-0.01
46,046.25.jpg,-0.36
47,047.00.jpg,-0.23
47,047.01.jpg,-0.04
47,047.02.jpg,-0.55
47,047.03.jpg,-0.6
47,047.04.jpg,-0.38
47,047.05.jpg,-0.5
47,047.06.jpg,-0.54
48,048.00.jpg,0.14
48,048.01.jpg,0.59
48,048.02.jpg,0.7
48,048.03.jpg,0.39
48,048.04.jpg,0.87
48,048.05.jpg,-0.46
48,048.06.jpg,0.17
48,048.07.jpg,0.41
48,048.08.jpg,1.1
48,048.09.jpg,0.05
48,048.10.jpg,0.09
48,048.11.jpg,0.37
48,048.12.jpg,0.49
48,048.13.jpg,-0.07
48,048.14.jpg,-0.33
48,048.15.jpg,0.1
48,048.16.jpg,-0.27
49,049.00.jpg,0.19
49,049.01.jpg,-0.05
49,049.02.jpg,0.83
49,049.03.jpg,0.58
49,049.04.jpg,0.03
49,049.05.jpg,0.22
49,049.06.jpg,0.35
49,049.07.jpg,0.45
49,049.08.jpg,0.2
49,049.09.jpg,0.32
50,050.00.jpg,-0.54
50,050.01.jpg,-0.48
50,050.02.jpg,-0.52
50,050.03.jpg,-0.59
50,050.04.jpg,-0.13
50,050.05.jpg,-0.23
50,050.06.jpg,-0.88
50,050.07.jpg,-0.81
50,050.08.jpg,-0.15
50,050.09.jpg,-0.36
50,050.10.jpg,-0.2
50,050.11.jpg,-0.11
50,050.12.jpg,-0.04
50,050.13.jpg,-0.07
50,050.14.jpg,0.25
50,050.15.jpg,0.11
50,050.16.jpg,0.05
50,050.17.jpg,-0.98
50,050.18.jpg,-0.76
50,050.19.jpg,-0.58
50,050.20.jpg,-0.27
50,050.21.jpg,-0.34
50,050.22.jpg,-0.6
50,050.23.jpg,-0.09
50,050.24.jpg,-0.48
50,050.25.jpg,-0.31
50,050.26.jpg,0.09
50,050.27.jpg,-0.03
50,050.28.jpg,-0.3
50,050.29.jpg,-0.06
50,050.30.jpg,-0.14
50,050.31.jpg,-0.05
50,050.32.jpg,0.07
50,050.33.jpg,0.06
50,050.34.jpg,0.16
50,050.35.jpg,0.15
50,050.36.jpg,-0.6
50,050.37.jpg,-0.3
50,050.38.jpg,0.14
50,050.39.jpg,0.71
50,050.40.jpg,0.3
50,050.41.jpg,-0.19
50,050.42.jpg,-0.02
50,050.43.jpg,-0.03
50,050.44.jpg,-0.06
50,050.45.jpg,0.05
50,050.46.jpg,-0.21
50,050.47.jpg,-0.07
50,050.48.jpg,0.37
50,050.49.jpg,0.37
50,050.50.jpg,-0.11
50,050.51.jpg,-0.05
50,050.52.jpg,0.19
50,050.53.jpg,0.86
50,050.54.jpg,0.2
50,050.55.jpg,0.52
50,050.56.jpg,0.53
50,050.57.jpg,0.08
50,050.58.jpg,-0.2
50,050.59.jpg,-0.12
50,050.60.jpg,0
51,051.00.jpg,-0.4
51,051.01.jpg,0.38
51,051.02.jpg,0.21
51,051.03.jpg,0.21
51,051.04.jpg,-0.12
51,051.05.jpg,0.42
51,051.06.jpg,-0.09
51,051.07.jpg,-0.01
51,051.08.jpg,-0.45
51,051.09.jpg,-0.23
51,051.10.jpg,-0.35
51,051.11.jpg,-0.12
51,051.12.jpg,-0.04
51,051.13.jpg,-0.05
51,051.14.jpg,0.1
51,051.15.jpg,-0.03
51,051.16.jpg,0.05
51,051.17.jpg,-0.48
51,051.18.jpg,-0.47
51,051.19.jpg,0.04
51,051.20.jpg,-0.19
52,052.00.jpg,-0.05
52,052.01.jpg,0.41
52,052.02.jpg,0.26
52,052.03.jpg,0.66
52,052.04.jpg,0.12
52,052.05.jpg,-0.62
52,052.06.jpg,-0.82
52,052.07.jpg,-1.02
52,052.08.jpg,-0.12
52,052.09.jpg,-0.62
53,053.00.jpg,0.14
53,053.01.jpg,-0.12
53,053.02.jpg,-0.17
53,053.03.jpg,-0.34
53,053.04.jpg,0.5
53,053.05.jpg,0.27
53,053.06.jpg,0.21
53,053.07.jpg,-0.28
53,053.08.jpg,-0.03
53,053.09.jpg,-0.04
53,053.10.jpg,0.09
53,053.11.jpg,-0.27
53,053.12.jpg,-0.2
53,053.13.jpg,0.26
53,053.14.jpg,-0.28
53,053.15.jpg,-0.1
53,053.16.jpg,-0.15
53,053.17.jpg,-0.02
53,053.18.jpg,-0.35
53,053.19.jpg,-0.03
53,053.20.jpg,0.3
53,053.21.jpg,0.41
53,053.22.jpg,0.24
53,053.23.jpg,0.48
53,053.24.jpg,0.45
53,053.25.jpg,0.53
53,053.26.jpg,-0.12
53,053.27.jpg,-0.12
53,053.28.jpg,-0.22
53,053.29.jpg,0.69
53,053.30.jpg,-0.36
53,053.31.jpg,-0.88
53,053.32.jpg,-0.09
53,053.33.jpg,-0.16
53,053.34.jpg,-0.5
53,053.35.jpg,-0.33
53,053.36.jpg,-0.16
53,053.37.jpg,0.04
54,054.00.jpg,-0.38
54,054.01.jpg,-0.23
54,054.02.jpg,-0.54
54,054.03.jpg,-0.06
54,054.04.jpg,-0.32
54,054.05.jpg,0.04
54,054.06.jpg,-0.38
54,054.07.jpg,-0.26
54,054.08.jpg,-0.16
54,054.09.jpg,-0.31
54,054.10.jpg,-0.28
54,054.11.jpg,-0.52
54,054.12.jpg,-0.59
54,054.13.jpg,-0.2
54,054.14.jpg,-0.08
54,054.15.jpg,-0.17
54,054.16.jpg,-0.57
54,054.17.jpg,-0.1
54,054.18.jpg,-0.25
54,054.19.jpg,0.26
54,054.20.jpg,-0.59
54,054.21.jpg,0.19
54,054.22.jpg,-0.32
54,054.23.jpg,-0.17
54,054.24.jpg,-0.05
54,054.25.jpg,-0.05
54,054.26.jpg,-0.05
55,055.00.jpg,0.31
55,055.01.jpg,0.03
55,055.02.jpg,0.23
55,055.03.jpg,0
55,055.04.jpg,0.08
55,055.05.jpg,0
55,055.06.jpg,-0.38
55,055.07.jpg,0.06
55,055.08.jpg,0.25
55,055.09.jpg,0.07
56,056.00.jpg,-0.79
56,056.01.jpg,-0.08
56,056.02.jpg,-0.14
56,056.03.jpg,-0.15
56,056.04.jpg,-0.42
56,056.05.jpg,0.03
56,056.06.jpg,-0.23
56,056.07.jpg,-0.8
56,056.08.jpg,-0.32
56,056.09.jpg,-0.75
56,056.10.jpg,-0.33
56,056.11.jpg,0.08
56,056.12.jpg,-0.45
56,056.13.jpg,0.29
56,056.14.jpg,0.66
56,056.15.jpg,0.34
56,056.16.jpg,0.44
56,056.17.jpg,-0.1
56,056.18.jpg,0.27
56,056.19.jpg,-0.48
56,056.20.jpg,-0.89
56,056.21.jpg,-0.42
57,057.00.jpg,0.74
57,057.01.jpg,0.12
57,057.02.jpg,0.22
57,057.03.jpg,-0.18
57,057.04.jpg,0.43
57,057.05.jpg,-0.15
57,057.06.jpg,0.27
57,057.07.jpg,-0.14
57,057.08.jpg,-0.03
57,057.09.jpg,0.1
57,057.10.jpg,0.53
57,057.11.jpg,0.45
57,057.12.jpg,0.58
58,058.00.jpg,0.74
58,058.01.jpg,0.18
58,058.02.jpg,0.39
58,058.03.jpg,0.2
58,058.04.jpg,0.43
58,058.05.jpg,1.54
58,058.06.jpg,1.51
58,058.07.jpg,1.41
58,058.08.jpg,1.4
58,058.09.jpg,0.97
59,059.00.jpg,-0.09
59,059.01.jpg,0.44
59,059.02.jpg,0.61
59,059.03.jpg,0.09
59,059.04.jpg,0.39
59,059.05.jpg,-0.4
59,059.06.jpg,-0.1
59,059.07.jpg,-0.16
59,059.08.jpg,-0.28
59,059.09.jpg,0.29
59,059.10.jpg,0.47
59,059.11.jpg,0.44
59,059.12.jpg,0.33
59,059.13.jpg,0.37
59,059.14.jpg,0.01
59,059.15.jpg,0.73
59,059.16.jpg,0.27
59,059.17.jpg,-0.19
59,059.18.jpg,0.4
59,059.19.jpg,-0.38
59,059.20.jpg,-0.32
59,059.21.jpg,-0.45
59,059.22.jpg,-0.42
59,059.23.jpg,-0.79
59,059.24.jpg,-0.11
59,059.25.jpg,-0.45
60,060.00.jpg,0.17
60,060.01.jpg,-0.42
60,060.02.jpg,-0.1
60,060.03.jpg,-0.61
60,060.04.jpg,-0.77
60,060.05.jpg,-0.39
60,060.06.jpg,0.17
60,060.07.jpg,0.03
60,060.08.jpg,0.07
60,060.09.jpg,0.15
60,060.10.jpg,0.15
60,060.11.jpg,0.38
60,060.12.jpg,-0.08
60,060.13.jpg,0.37
60,060.14.jpg,0.19
60,060.15.jpg,0.02
60,060.16.jpg,0.59
60,060.17.jpg,0.13
60,060.18.jpg,-0.26
60,060.19.jpg,-0.57
60,060.20.jpg,-0.32
60,060.21.jpg,-0.32
60,060.22.jpg,-0.53
61,061.00.jpg,-0.37
61,061.01.jpg,0.23
61,061.02.jpg,0.33
61,061.03.jpg,-0.37
61,061.04.jpg,-0.11
61,061.05.jpg,0.21
61,061.06.jpg,0.47
61,061.07.jpg,0.1
61,061.08.jpg,0.33
61,061.09.jpg,0.33
61,061.10.jpg,0.43
61,061.11.jpg,-0.03
61,061.12.jpg,0.21
61,061.13.jpg,-0.08
61,061.14.jpg,0.01
61,061.15.jpg,0.12
61,061.16.jpg,0.1
61,061.17.jpg,-0.02
61,061.18.jpg,-0.37
61,061.19.jpg,0.21
61,061.20.jpg,-0.53
62,062.00.jpg,0.17
62,062.01.jpg,0.26
62,062.02.jpg,0.26
62,062.03.jpg,0.65
62,062.04.jpg,0.17
62,062.05.jpg,0.06
62,062.06.jpg,0.86
62,062.07.jpg,0.73
62,062.08.jpg,0.61
62,062.09.jpg,0.19
62,062.10.jpg,0.37
62,062.11.jpg,0.64
62,062.12.jpg,0.6
62,062.13.jpg,0.25
62,062.14.jpg,0.47
62,062.15.jpg,0.56
62,062.16.jpg,0.89
62,062.17.jpg,0.6
62,062.18.jpg,0.87
62,062.19.jpg,0.58
62,062.20.jpg,0.61
62,062.21.jpg,0.45
62,062.22.jpg,0.83
62,062.23.jpg,0.41
62,062.24.jpg,0.6
62,062.25.jpg,0.59
62,062.26.jpg,0.7
62,062.27.jpg,0.47
63,063.00.jpg,-0.02
63,063.01.jpg,0.51
63,063.02.jpg,-0.24
63,063.03.jpg,-0.29
63,063.04.jpg,-0.29
63,063.05.jpg,-0.79
63,063.06.jpg,-0.02
63,063.07.jpg,-0.59
63,063.08.jpg,-0.24
63,063.09.jpg,0.07
63,063.10.jpg,-0.49
63,063.11.jpg,-0.23
63,063.12.jpg,-0.43
63,063.13.jpg,-0.71
63,063.14.jpg,0
63,063.15.jpg,0.19
63,063.16.jpg,-0.35
63,063.17.jpg,-0.23
63,063.18.jpg,0
63,063.19.jpg,0.11
63,063.20.jpg,-0.32
63,063.21.jpg,-0.12
63,063.22.jpg,0.01
63,063.23.jpg,0.44
63,063.24.jpg,0.27
63,063.25.jpg,0
63,063.26.jpg,0.21
63,063.27.jpg,0.12
63,063.28.jpg,-1.16
63,063.29.jpg,-0.41
63,063.30.jpg,-0.65
63,063.31.jpg,-0.09
63,063.32.jpg,-0.84
63,063.33.jpg,-0.4
63,063.34.jpg,-0.24
63,063.35.jpg,-1.06
63,063.36.jpg,-0.96
63,063.37.jpg,-0.89
64,064.00.jpg,-0.26
64,064.01.jpg,-0.35
64,064.02.jpg,-0.44
64,064.03.jpg,-0.49
64,064.04.jpg,-0.4
64,064.05.jpg,-0.33
64,064.06.jpg,-1.01
64,064.07.jpg,-0.24
64,064.08.jpg,-0.69
64,064.09.jpg,-0.08
64,064.10.jpg,0
64,064.11.jpg,-0.77
64,064.12.jpg,0.34
64,064.13.jpg,0.13
64,064.14.jpg,0.11
64,064.15.jpg,0.42
64,064.16.jpg,-0.09
65,065.00.jpg,0.19
65,065.01.jpg,-0.67
65,065.02.jpg,-0.11
65,065.03.jpg,0.31
65,065.04.jpg,0.22
65,065.05.jpg,0.1
65,065.06.jpg,0.22
65,065.07.jpg,0.11
65,065.08.jpg,0.41
65,065.09.jpg,0.14
65,065.10.jpg,0.71
66,066.00.jpg,-0.57
66,066.01.jpg,-0.01
66,066.02.jpg,-0.55
66,066.03.jpg,-0.24
66,066.04.jpg,0.2
66,066.05.jpg,0.04
66,066.06.jpg,0.05
66,066.07.jpg,0.02
66,066.08.jpg,0.22
66,066.09.jpg,0.18
66,066.10.jpg,0.17
66,066.11.jpg,-0.22
66,066.12.jpg,0.29
66,066.13.jpg,0.48
66,066.14.jpg,0.31
66,066.15.jpg,0.06
66,066.16.jpg,0.08
66,066.17.jpg,-0.32
66,066.18.jpg,0.09
66,066.19.jpg,0.23
67,067.00.jpg,0.13
67,067.01.jpg,0.38
67,067.02.jpg,0.18
67,067.03.jpg,0.08
67,067.04.jpg,0.4
67,067.05.jpg,0.01
67,067.06.jpg,0.23
67,067.07.jpg,0.28
67,067.08.jpg,-0.17
67,067.09.jpg,0.1
67,067.10.jpg,0.09
67,067.11.jpg,0.34
67,067.12.jpg,0.06
67,067.13.jpg,0.29
67,067.14.jpg,0.36
67,067.15.jpg,0.41
67,067.16.jpg,-0.1
67,067.17.jpg,-0.01
67,067.18.jpg,-0.08
67,067.19.jpg,0.06
67,067.20.jpg,-0.02
67,067.21.jpg,0.42
67,067.22.jpg,-0.03
67,067.23.jpg,-0.17
67,067.24.jpg,-0.05
67,067.25.jpg,-0.05
67,067.26.jpg,0.02
68,068.00.jpg,-0.79
68,068.01.jpg,-0.51
68,068.02.jpg,-0.36
68,068.03.jpg,-0.11
68,068.04.jpg,-0.19
68,068.05.jpg,-0.44
68,068.06.jpg,-0.6
68,068.07.jpg,-0.4
68,068.08.jpg,-0.63
68,068.09.jpg,-0.08
68,068.10.jpg,0.02
68,068.11.jpg,0.02
68,068.12.jpg,-0.15
68,068.13.jpg,-0.04
69,069.00.jpg,-0.19
69,069.01.jpg,0.59
69,069.02.jpg,0.41
69,069.03.jpg,0.08
69,069.04.jpg,-0.18
69,069.05.jpg,0.42
69,069.06.jpg,-0.13
69,069.07.jpg,-0.08
69,069.08.jpg,-0.73
69,069.09.jpg,0.05
69,069.10.jpg,-0.35
69,069.11.jpg,0.1
69,069.12.jpg,0.14
69,069.13.jpg,-0.19
69,069.14.jpg,0.03
69,069.15.jpg,0.29
69,069.16.jpg,0.19
69,069.17.jpg,-0.27
69,069.18.jpg,-0.35
69,069.19.jpg,0.55
69,069.20.jpg,0.15
69,069.21.jpg,-0.12
69,069.22.jpg,-0.14
69,069.23.jpg,-0.53
69,069.24.jpg,0.07
69,069.25.jpg,-0.3
70,070.00.jpg,-0.61
70,070.01.jpg,-0.5
70,070.02.jpg,0.05
70,070.03.jpg,-0.17
70,070.04.jpg,-0.22
70,070.05.jpg,0.11
70,070.06.jpg,-0.13
70,070.07.jpg,-0.37
70,070.08.jpg,-0.22
70,070.09.jpg,0.19
70,070.10.jpg,0.04
70,070.11.jpg,-0.11
70,070.12.jpg,0.1
70,070.13.jpg,-0.33
70,070.14.jpg,-0.25
70,070.15.jpg,-0.39
70,070.16.jpg,-0.3
70,070.17.jpg,-0.97
71,071.00.jpg,-0.49
71,071.01.jpg,-0.01
71,071.02.jpg,0.23
71,071.03.jpg,-0.08
71,071.04.jpg,0.15
71,071.05.jpg,-0.19
71,071.06.jpg,-0.26
71,071.07.jpg,-0.12
71,071.08.jpg,0
71,071.09.jpg,-0.06
71,071.10.jpg,-0.45
71,071.11.jpg,-0.23
71,071.12.jpg,-0.47
71,071.13.jpg,0.09
72,072.00.jpg,0.25
72,072.01.jpg,0.07
72,072.02.jpg,0.27
72,072.03.jpg,0.13
72,072.04.jpg,-0.05
72,072.05.jpg,0.22
72,072.06.jpg,0.19
72,072.07.jpg,0.13
72,072.08.jpg,-0.03
72,072.09.jpg,0.25
72,072.10.jpg,-0.31
72,072.11.jpg,0.79
72,072.12.jpg,0.01
72,072.13.jpg,0.44
72,072.14.jpg,0.81
72,072.15.jpg,0.22
72,072.16.jpg,0.74
72,072.17.jpg,0.38
72,072.18.jpg,-0.1
72,072.19.jpg,-0.12
72,072.20.jpg,-0.02
72,072.21.jpg,-0.16
72,072.22.jpg,-0.5
73,073.00.jpg,-0.33
73,073.01.jpg,0.4
73,073.02.jpg,0.19
73,073.03.jpg,-0.02
73,073.04.jpg,0.85
73,073.05.jpg,0.29
73,073.06.jpg,-0.27
73,073.07.jpg,-0.09
73,073.08.jpg,0.2
73,073.09.jpg,0.89
73,073.10.jpg,-0.36
73,073.11.jpg,-0.15
73,073.12.jpg,0.11
73,073.13.jpg,0.15
73,073.14.jpg,0.37
73,073.15.jpg,-0.18
73,073.16.jpg,-0.17
73,073.17.jpg,-0.64
73,073.18.jpg,-0.87
73,073.19.jpg,0
73,073.20.jpg,-0.53
73,073.21.jpg,-0.27
73,073.22.jpg,-0.4
73,073.23.jpg,-0.02
73,073.24.jpg,0.15
73,073.25.jpg,-0.06
73,073.26.jpg,-0.09
73,073.27.jpg,-0.46
73,073.28.jpg,-0.65
73,073.29.jpg,0.11
73,073.30.jpg,-0.33
73,073.31.jpg,-0.25
74,074.00.jpg,-0.64
74,074.01.jpg,-0.67
74,074.02.jpg,-0.81
74,074.03.jpg,-1.13
74,074.04.jpg,-0.99
74,074.05.jpg,-0.88
74,074.06.jpg,-0.8
74,074.07.jpg,-0.75
74,074.08.jpg,-0.43
74,074.09.jpg,-0.12
74,074.10.jpg,-0.36
74,074.11.jpg,-0.59
74,074.12.jpg,0.03
74,074.13.jpg,-0.36
74,074.14.jpg,0.09
74,074.15.jpg,-0.25
74,074.16.jpg,-0.59
74,074.17.jpg,-0.39
74,074.18.jpg,-0.06
74,074.19.jpg,-0.65
75,075.00.jpg,-0.43
75,075.01.jpg,-0.57
75,075.02.jpg,-0.31
75,075.03.jpg,-0.37
75,075.04.jpg,-0.45
75,075.05.jpg,-0.5
75,075.06.jpg,-0.24
75,075.07.jpg,-0.53
75,075.08.jpg,-0.29
75,075.09.jpg,-0.41
75,075.10.jpg,-0.7
75,075.11.jpg,-0.28
75,075.12.jpg,-0.26
75,075.13.jpg,-0.27
75,075.14.jpg,-0.28
76,076.00.jpg,-0.48
76,076.01.jpg,0.03
76,076.02.jpg,-0.38
76,076.03.jpg,0.13
76,076.04.jpg,-0.33
76,076.05.jpg,-0.16
76,076.06.jpg,-0.14
76,076.07.jpg,-0.8
76,076.08.jpg,-0.13
76,076.09.jpg,-0.21
76,076.10.jpg,-0.44
76,076.11.jpg,-0.47
76,076.12.jpg,-0.45
76,076.13.jpg,-0.61
76,076.14.jpg,0.03
77,077.00.jpg,0.02
77,077.01.jpg,0.06
77,077.02.jpg,0.34
77,077.03.jpg,-0.14
77,077.04.jpg,0.32
77,077.05.jpg,-0.23
77,077.06.jpg,0.88
77,077.07.jpg,-0.1
77,077.08.jpg,0.12
77,077.09.jpg,-1.04
77,077.10.jpg,0.16
77,077.11.jpg,-0.21
77,077.12.jpg,-0.07
77,077.13.jpg,-0.06
78,078.00.jpg,-0.22
78,078.01.jpg,-0.19
78,078.02.jpg,-0.12
78,078.03.jpg,0.12
78,078.04.jpg,-0.03
78,078.05.jpg,-0.44
78,078.06.jpg,-0.06
78,078.07.jpg,-0.03
78,078.08.jpg,0.45
78,078.09.jpg,0.03
78,078.10.jpg,0.21
78,078.11.jpg,-0.03
78,078.12.jpg,0.19
78,078.13.jpg,-0.04
78,078.14.jpg,0.15
78,078.15.jpg,-0.04
78,078.16.jpg,0.53
78,078.17.jpg,-0.19
78,078.18.jpg,-0.1
78,078.19.jpg,0.06
78,078.20.jpg,0.07
78,078.21.jpg,0.36
78,078.22.jpg,0.32
78,078.23.jpg,-0.27
78,078.24.jpg,0.44
78,078.25.jpg,0.2
78,078.26.jpg,-0.15
78,078.27.jpg,-0.4
78,078.28.jpg,-0.08
78,078.29.jpg,-0.24
78,078.30.jpg,-0.25
78,078.31.jpg,-0.36
78,078.32.jpg,0.06
78,078.33.jpg,0.29
78,078.34.jpg,-0.06
78,078.35.jpg,-0.3
79,079.00.jpg,-0.93
79,079.01.jpg,-0.46
79,079.02.jpg,-0.07
79,079.03.jpg,-0.6
79,079.04.jpg,0.02
79,079.05.jpg,0.3
79,079.06.jpg,-0.42
79,079.07.jpg,-0.25
79,079.08.jpg,-0.62
79,079.09.jpg,-0.37
79,079.10.jpg,-0.71
79,079.11.jpg,0.52
79,079.12.jpg,0.91
79,079.13.jpg,0.58
79,079.14.jpg,0.67
79,079.15.jpg,0.55
79,079.16.jpg,-0.21
79,079.17.jpg,-0.07
79,079.18.jpg,0.19
79,079.19.jpg,-0.43
79,079.20.jpg,-0.23
79,079.21.jpg,-0.37
79,079.22.jpg,-0.52
79,079.23.jpg,-0.09
79,079.24.jpg,0.06
79,079.25.jpg,-0.59
80,080.00.jpg,-0.53
80,080.01.jpg,0.41
80,080.02.jpg,0.02
80,080.03.jpg,0
80,080.04.jpg,0.24
80,080.05.jpg,0.39
80,080.06.jpg,-0.62
80,080.07.jpg,-0.25
80,080.08.jpg,-0.86
80,080.09.jpg,-0.36
80,080.10.jpg,-0.16
81,081.00.jpg,0.62
81,081.01.jpg,-0.31
81,081.02.jpg,-0.09
81,081.03.jpg,-0.14
82,082.00.jpg,1.21
82,082.01.jpg,0.59
82,082.02.jpg,0.38
82,082.03.jpg,0.58
82,082.04.jpg,0.86
82,082.05.jpg,0.53
82,082.06.jpg,-0.24
82,082.07.jpg,0.29
82,082.08.jpg,0.47
82,082.09.jpg,0.49
82,082.10.jpg,0.52
82,082.11.jpg,0.22
82,082.12.jpg,0.35
82,082.13.jpg,0.69
82,082.14.jpg,0.39
82,082.15.jpg,0.41
82,082.16.jpg,0.7
82,082.17.jpg,0.39
82,082.18.jpg,0.96
82,082.19.jpg,0.14
82,082.20.jpg,0.21
82,082.21.jpg,0.6
82,082.22.jpg,-0.01
82,082.23.jpg,0.44
82,082.24.jpg,0.09
82,082.25.jpg,-0.13
82,082.26.jpg,0.77
83,083.00.jpg,0.01
83,083.01.jpg,0.03
83,083.02.jpg,-0.04
83,083.03.jpg,0.35
83,083.04.jpg,0.45
83,083.05.jpg,0.45
83,083.06.jpg,-0.24
83,083.07.jpg,-0.21
83,083.08.jpg,0.25
83,083.09.jpg,-0.37
83,083.10.jpg,0.18
83,083.11.jpg,0.29
83,083.12.jpg,0.21
83,083.13.jpg,0.02
83,083.14.jpg,0.2
83,083.15.jpg,0.22
84,084.00.jpg,0.29
84,084.01.jpg,0.22
84,084.02.jpg,0.51
84,084.03.jpg,0.72
84,084.04.jpg,0.43
84,084.05.jpg,0.61
84,084.06.jpg,-0.18
84,084.07.jpg,0.12
84,084.08.jpg,-0.13
84,084.09.jpg,-0.11
84,084.10.jpg,0.25
84,084.11.jpg,-0.1
84,084.12.jpg,0.18
84,084.13.jpg,-0.24
84,084.14.jpg,0.03
84,084.15.jpg,-0.04
84,084.16.jpg,0.35
84,084.17.jpg,0.57
84,084.18.jpg,0.43
84,084.19.jpg,0
84,084.20.jpg,0.47
84,084.21.jpg,0.33
84,084.22.jpg,0.37
84,084.23.jpg,0.35
84,084.24.jpg,-0.04
84,084.25.jpg,-0.07
84,084.26.jpg,0.01
84,084.27.jpg,0.01
84,084.28.jpg,-0.07
84,084.29.jpg,0.13
84,084.30.jpg,0.7
84,084.31.jpg,0.76
84,084.32.jpg,0.84
84,084.33.jpg,0.37
84,084.34.jpg,0.48
85,085.00.jpg,-0.34
85,085.01.jpg,0.08
85,085.02.jpg,0.05
85,085.03.jpg,-0.38
85,085.04.jpg,-0.49
85,085.05.jpg,0
85,085.06.jpg,-0.3
85,085.07.jpg,0.23
85,085.08.jpg,-0.17
85,085.09.jpg,-0.18
85,085.10.jpg,0.39
85,085.11.jpg,0.03
85,085.12.jpg,-0.24
85,085.13.jpg,0.04
85,085.14.jpg,-0.71
85,085.15.jpg,-1.01
85,085.16.jpg,0.17
85,085.17.jpg,0.65
85,085.18.jpg,0.12
85,085.19.jpg,0.11
85,085.20.jpg,-0.47
85,085.21.jpg,0.44
85,085.22.jpg,0.31
85,085.23.jpg,0.22
85,085.24.jpg,0.12
86,086.00.jpg,0.28
86,086.01.jpg,0.93
86,086.02.jpg,0.06
86,086.03.jpg,0.62
86,086.04.jpg,0.62
86,086.05.jpg,0.61
86,086.06.jpg,0.38
86,086.07.jpg,-0.15
86,086.08.jpg,0.43
86,086.09.jpg,0.55
86,086.10.jpg,0.67
86,086.11.jpg,0.8
86,086.12.jpg,0.38
86,086.13.jpg,0.54
86,086.14.jpg,0.53
86,086.15.jpg,0.43
86,086.16.jpg,0.49
86,086.17.jpg,0.75
86,086.18.jpg,0.34
86,086.19.jpg,-0.24
86,086.20.jpg,0.13
86,086.21.jpg,0.58
86,086.22.jpg,0.22
86,086.23.jpg,0.98
86,086.24.jpg,0.53
86,086.25.jpg,0.48
86,086.26.jpg,-0.11
86,086.27.jpg,0.54
86,086.28.jpg,-0.01
86,086.29.jpg,0.17
86,086.30.jpg,-0.8
86,086.31.jpg,-0.35
86,086.32.jpg,-0.13
86,086.33.jpg,-0.42
86,086.34.jpg,-0.17
87,087.00.jpg,-0.83
87,087.01.jpg,-0.36
87,087.02.jpg,-0.49
87,087.03.jpg,-0.44
87,087.04.jpg,-0.58
87,087.05.jpg,-0.43
88,088.00.jpg,0.37
88,088.01.jpg,0.09
88,088.02.jpg,0.23
88,088.03.jpg,0.35
88,088.04.jpg,0.37
88,088.05.jpg,0.08
88,088.06.jpg,-0.13
88,088.07.jpg,-0.01
88,088.08.jpg,0.28
88,088.09.jpg,0.15
89,089.00.jpg,-0.51
89,089.01.jpg,-0.44
89,089.02.jpg,-0.55
89,089.03.jpg,-0.47
89,089.04.jpg,-0.52
89,089.05.jpg,-0.82
89,089.06.jpg,-0.49
89,089.07.jpg,0.02
89,089.08.jpg,-0.31
89,089.09.jpg,-0.59
89,089.10.jpg,-0.22
89,089.11.jpg,0.27
89,089.12.jpg,0.08
89,089.13.jpg,-0.36
89,089.14.jpg,-0.21
89,089.15.jpg,-0.1
89,089.16.jpg,-0.18
89,089.17.jpg,-0.19
89,089.18.jpg,-0.24
89,089.19.jpg,-0.36
89,089.20.jpg,-0.51
89,089.21.jpg,-0.06
89,089.22.jpg,-0.62
89,089.23.jpg,0.2
89,089.24.jpg,-0.29
89,089.25.jpg,0.08
90,090.00.jpg,-0.35
90,090.01.jpg,-0.05
90,090.02.jpg,-0.28
90,090.03.jpg,-0.17
90,090.04.jpg,-0.14
90,090.05.jpg,-0.02
90,090.06.jpg,0.07
90,090.07.jpg,-0.1
90,090.08.jpg,0.26
90,090.09.jpg,-0.08
90,090.10.jpg,0.31
90,090.11.jpg,0.39
90,090.12.jpg,0.62
90,090.13.jpg,0.38
90,090.14.jpg,0.46
90,090.15.jpg,0.43
90,090.16.jpg,-0.12
90,090.17.jpg,-0.08
90,090.18.jpg,-0.01
90,090.19.jpg,0.25
90,090.20.jpg,0.56
90,090.21.jpg,-0.03
90,090.22.jpg,-0.01
90,090.23.jpg,0.36
90,090.24.jpg,0.28
90,090.25.jpg,0.3
90,090.26.jpg,0.17
90,090.27.jpg,0.47
90,090.28.jpg,0.33
90,090.29.jpg,0.45
90,090.30.jpg,0.5
90,090.31.jpg,0.48
90,090.32.jpg,0.43
91,091.00.jpg,0.36
91,091.01.jpg,0.31
91,091.02.jpg,0.5
91,091.03.jpg,0.37
91,091.04.jpg,0.64
91,091.05.jpg,0.77
91,091.06.jpg,0.67
91,091.07.jpg,-0.06
91,091.08.jpg,0.51
92,092.00.jpg,-0.4
92,092.01.jpg,0.94
92,092.02.jpg,0.61
92,092.03.jpg,0.38
92,092.04.jpg,0.09
92,092.05.jpg,0.38
92,092.06.jpg,-0.11
92,092.07.jpg,0.09
92,092.08.jpg,-0.1
92,092.09.jpg,0.39
92,092.10.jpg,-0.38
92,092.11.jpg,0.22
92,092.12.jpg,0.28
93,093.00.jpg,-0.03
93,093.01.jpg,0.21
93,093.02.jpg,0.61
93,093.03.jpg,0.49
93,093.04.jpg,0.32
93,093.05.jpg,0.52
93,093.06.jpg,0.43
93,093.07.jpg,0.23
93,093.08.jpg,0.36
93,093.09.jpg,0.38
93,093.10.jpg,0.24
93,093.11.jpg,0.17
93,093.12.jpg,0.38
93,093.13.jpg,-0.14
93,093.14.jpg,-0.08
93,093.15.jpg,0.46
93,093.16.jpg,0.26
93,093.17.jpg,0.42
93,093.18.jpg,0.35
93,093.19.jpg,0.21
93,093.20.jpg,1.03
93,093.21.jpg,0.3
94,094.00.jpg,0.12
94,094.01.jpg,0.23
94,094.02.jpg,0.1
94,094.03.jpg,0.25
94,094.04.jpg,-0.08
94,094.05.jpg,0.62
94,094.06.jpg,-0.46
94,094.07.jpg,-0.06
94,094.08.jpg,-0.11
94,094.09.jpg,0.16
94,094.10.jpg,0.41
94,094.11.jpg,0.14
94,094.12.jpg,0.24
94,094.13.jpg,0.48
94,094.14.jpg,0.17
94,094.15.jpg,0.1
94,094.16.jpg,0.39
94,094.17.jpg,0.77
94,094.18.jpg,0.67
94,094.19.jpg,0.68
94,094.20.jpg,0.9
94,094.21.jpg,0.71
94,094.22.jpg,-0.2
94,094.23.jpg,0.3
94,094.24.jpg,0.82
94,094.25.jpg,0.53
94,094.26.jpg,0.56
94,094.27.jpg,0.48
94,094.28.jpg,0.55
94,094.29.jpg,0.8
95,095.00.jpg,-0.03
95,095.01.jpg,0.49
95,095.02.jpg,0.5
95,095.03.jpg,0.74
95,095.04.jpg,0.81
95,095.05.jpg,0.39
95,095.06.jpg,0.75
95,095.07.jpg,0.6
95,095.08.jpg,0.64
95,095.09.jpg,0.77
95,095.10.jpg,0.46
95,095.11.jpg,0.67
95,095.12.jpg,0.4
95,095.13.jpg,0.49
95,095.14.jpg,0.35
95,095.15.jpg,0.45
95,095.16.jpg,0.63
95,095.17.jpg,0.61
95,095.18.jpg,0.44
95,095.19.jpg,0.82
95,095.20.jpg,0.55
95,095.21.jpg,0.2
95,095.22.jpg,0.38
95,095.23.jpg,0.89
95,095.24.jpg,0.67
95,095.25.jpg,0.51
95,095.26.jpg,0.32
95,095.27.jpg,0.06
95,095.28.jpg,0.05
95,095.29.jpg,0.07
95,095.30.jpg,0.52
95,095.31.jpg,0.31
95,095.32.jpg,0.08
95,095.33.jpg,0.7
95,095.34.jpg,0.49
96,096.00.jpg,-0.49
96,096.01.jpg,0.1
96,096.02.jpg,-0.01
96,096.03.jpg,-0.2
96,096.04.jpg,-0.25
96,096.05.jpg,-0.5
96,096.06.jpg,-0.53
96,096.07.jpg,-0.29
96,096.08.jpg,-0.08
96,096.09.jpg,0.48
96,096.10.jpg,0.15
96,096.11.jpg,0.16
96,096.12.jpg,0.34
96,096.13.jpg,0.68
96,096.14.jpg,0.37
96,096.15.jpg,0.66
96,096.16.jpg,0.62
96,096.17.jpg,0.2
96,096.18.jpg,1.15
96,096.19.jpg,1.55
96,096.20.jpg,1.26
96,096.21.jpg,0.9
96,096.22.jpg,-0.52
96,096.23.jpg,-0.54
96,096.24.jpg,-0.56
96,096.25.jpg,-0.25
96,096.26.jpg,-0.16
97,097.00.jpg,0.68
97,097.01.jpg,0.99
97,097.02.jpg,0.37
97,097.03.jpg,0.95
97,097.04.jpg,0.59
97,097.05.jpg,0.8
97,097.06.jpg,0.87
97,097.07.jpg,0.41
97,097.08.jpg,0.84
97,097.09.jpg,0.87
97,097.10.jpg,0.86
97,097.11.jpg,0.69
97,097.12.jpg,0.01
97,097.13.jpg,0.22
97,097.14.jpg,0.51
97,097.15.jpg,0.35
98,098.00.jpg,-0.36
98,098.01.jpg,-0.62
98,098.02.jpg,-0.56
98,098.03.jpg,-0.64
98,098.04.jpg,-0.42
98,098.05.jpg,-0.15
98,098.06.jpg,-0.85
98,098.07.jpg,-1.1
98,098.08.jpg,-0.92
98,098.09.jpg,-0.89
98,098.10.jpg,-0.68
98,098.11.jpg,-0.13
98,098.12.jpg,-0.08
98,098.13.jpg,-0.31
98,098.14.jpg,0.26
98,098.15.jpg,-0.03
98,098.16.jpg,-0.09
98,098.17.jpg,-0.79
98,098.18.jpg,-0.37
98,098.19.jpg,-0.25
98,098.20.jpg,-0.36
98,098.21.jpg,-0.87
98,098.22.jpg,-0.86
98,098.23.jpg,-0.9
98,098.24.jpg,-0.74
98,098.25.jpg,-0.94
98,098.26.jpg,-0.29
98,098.27.jpg,-1.13
98,098.28.jpg,-1.13
98,098.29.jpg,-0.46
98,098.30.jpg,-0.84
98,098.31.jpg,0.39
98,098.32.jpg,0.21
98,098.33.jpg,0.36
98,098.34.jpg,0.41
98,098.35.jpg,0.17
99,099.00.jpg,-0.28
99,099.01.jpg,0.22
99,099.02.jpg,0.37
99,099.03.jpg,-0.06
99,099.04.jpg,-0.06
99,099.05.jpg,0.55
99,099.06.jpg,-0.01
99,099.07.jpg,0.95
99,099.08.jpg,0.44
99,099.09.jpg,0.6
99,099.10.jpg,-0.49
99,099.11.jpg,-0.22
99,099.12.jpg,0.16
99,099.13.jpg,0.12
99,099.14.jpg,0.22
99,099.15.jpg,0.82
99,099.16.jpg,0.56
99,099.17.jpg,0.53
99,099.18.jpg,0.77
99,099.19.jpg,0.76
99,099.20.jpg,-0.32
99,099.21.jpg,-0.13
99,099.22.jpg,0.07
99,099.23.jpg,0.16
99,099.24.jpg,0
99,099.25.jpg,0.55
99,099.26.jpg,0.15
99,099.27.jpg,0.66
99,099.28.jpg,0.64
99,099.29.jpg,0.39
99,099.30.jpg,0.89
99,099.31.jpg,0.72
99,099.32.jpg,1.05
99,099.33.jpg,1.15
99,099.34.jpg,0.66
99,099.35.jpg,0.42
99,099.36.jpg,0.15
99,099.37.jpg,0.24
99,099.38.jpg,0.21
99,099.39.jpg,-0.08
99,099.40.jpg,-0.18
99,099.41.jpg,-0.32
99,099.42.jpg,-0.21
99,099.43.jpg,-0.46
99,099.44.jpg,-0.56
100,100.00.jpg,-0.22
100,100.01.jpg,0.1
100,100.02.jpg,-0.22
100,100.03.jpg,-0.04
100,100.04.jpg,-0.21
100,100.05.jpg,-0.09
100,100.06.jpg,-0.34
100,100.07.jpg,0.02
100,100.08.jpg,0.21
100,100.09.jpg,-0.14
101,101.00.jpg,-0.04
101,101.01.jpg,0.01
101,101.02.jpg,-0.1
101,101.03.jpg,-0.09
101,101.04.jpg,0.47
101,101.05.jpg,-0.11
101,101.06.jpg,0.22
101,101.07.jpg,-0.09
101,101.08.jpg,0.66
101,101.09.jpg,0.69
101,101.10.jpg,0.57
101,101.11.jpg,0.31
101,101.12.jpg,0.26
101,101.13.jpg,0.04
101,101.14.jpg,-0.18
101,101.15.jpg,-0.15
101,101.16.jpg,-0.08
101,101.17.jpg,0.21
101,101.18.jpg,-0.58
101,101.19.jpg,0.2
101,101.20.jpg,-0.27
101,101.21.jpg,0.71
101,101.22.jpg,0.96
101,101.23.jpg,1.26
101,101.24.jpg,1.01
101,101.25.jpg,0.96
101,101.26.jpg,0.08
101,101.27.jpg,0.8
101,101.28.jpg,0.33
101,101.29.jpg,0.61
101,101.30.jpg,0.07
101,101.31.jpg,-0.12
101,101.32.jpg,-1
101,101.33.jpg,-0.28
101,101.34.jpg,-0.83
101,101.35.jpg,-0.55
102,102.00.jpg,-0.55
102,102.01.jpg,0.41
102,102.02.jpg,0.05
102,102.03.jpg,0.14
102,102.04.jpg,-0.05
102,102.05.jpg,-0.45
102,102.06.jpg,0.3
102,102.07.jpg,0.22
102,102.08.jpg,0.26
102,102.09.jpg,0.53
102,102.10.jpg,0.19
102,102.11.jpg,0.55
102,102.12.jpg,0.31
103,103.00.jpg,0.64
103,103.01.jpg,0.5
103,103.02.jpg,0.99
103,103.03.jpg,0.42
103,103.04.jpg,0.65
104,104.00.jpg,-0.09
104,104.01.jpg,0.07
104,104.02.jpg,-0.02
104,104.03.jpg,-0.17
104,104.04.jpg,0.15
104,104.05.jpg,-0.2
104,104.06.jpg,-0.14
104,104.07.jpg,-0.16
104,104.08.jpg,0.4
104,104.09.jpg,0.74
104,104.10.jpg,0.25
104,104.11.jpg,0.37
104,104.12.jpg,0.46
105,105.00.jpg,0.73
105,105.01.jpg,0.65
105,105.02.jpg,0.49
105,105.03.jpg,0.63
105,105.04.jpg,0.36
105,105.05.jpg,0.54
105,105.06.jpg,0.08
105,105.07.jpg,0.49
105,105.08.jpg,0.8
105,105.09.jpg,0
105,105.10.jpg,0.18
105,105.11.jpg,-0.01
105,105.12.jpg,0.03
105,105.13.jpg,-0.29
106,106.00.jpg,0.87
106,106.01.jpg,0.42
106,106.02.jpg,0.89
106,106.03.jpg,0.9
106,106.04.jpg,0.58
106,106.05.jpg,0.81
106,106.06.jpg,0.22
106,106.07.jpg,-0.06
106,106.08.jpg,0.06
106,106.09.jpg,0.23
106,106.10.jpg,-0.05
107,107.00.jpg,0.45
107,107.01.jpg,0.99
107,107.02.jpg,0.24
107,107.03.jpg,0.73
107,107.04.jpg,0.39
107,107.05.jpg,0.69
107,107.06.jpg,0.23
107,107.07.jpg,0.46
107,107.08.jpg,0.19
107,107.09.jpg,0.94
107,107.10.jpg,0.85
107,107.11.jpg,0.39
108,108.00.jpg,-0.1
108,108.01.jpg,-0.01
108,108.02.jpg,-0.14
108,108.03.jpg,0.18
108,108.04.jpg,-0.42
108,108.05.jpg,-0.01
108,108.06.jpg,0.08
108,108.07.jpg,0.44
108,108.08.jpg,-0.53
108,108.09.jpg,0.26
108,108.10.jpg,0.14
108,108.11.jpg,-0.02
108,108.12.jpg,0.08
108,108.13.jpg,0.01
108,108.14.jpg,-0.04
108,108.15.jpg,-0.06
108,108.16.jpg,0.08
108,108.17.jpg,0.29
108,108.18.jpg,-0.08
108,108.19.jpg,0.16
108,108.20.jpg,0.24
108,108.21.jpg,0.28
108,108.22.jpg,0
108,108.23.jpg,-0.33
108,108.24.jpg,-0.08
108,108.25.jpg,0.56
108,108.26.jpg,0.27
108,108.27.jpg,-0.02
108,108.28.jpg,-0.12
108,108.29.jpg,0.43
108,108.30.jpg,-0.07
108,108.31.jpg,0.15
108,108.32.jpg,-0.11
108,108.33.jpg,0.17
108,108.34.jpg,0.06
108,108.35.jpg,-0.07
108,108.36.jpg,0.12
108,108.37.jpg,0.06
108,108.38.jpg,-0.05
108,108.39.jpg,0.37
108,108.40.jpg,-0.2
108,108.41.jpg,0.08
108,108.42.jpg,-0.06
108,108.43.jpg,0.2
108,108.44.jpg,-0.06
108,108.45.jpg,-0.04
108,108.46.jpg,-0.03
108,108.47.jpg,0.52
108,108.48.jpg,-0.11
108,108.49.jpg,-0.26
108,108.50.jpg,0.22
109,109.00.jpg,0.11
109,109.01.jpg,-0.66
109,109.02.jpg,-0.12
109,109.03.jpg,-0.51
109,109.04.jpg,-0.28
109,109.05.jpg,-0.26
109,109.06.jpg,-0.64
109,109.07.jpg,-0.12
109,109.08.jpg,-0.27
109,109.09.jpg,-0.38
109,109.10.jpg,-0.66
109,109.11.jpg,-0.28
109,109.12.jpg,-0.43
109,109.13.jpg,-0.22
109,109.14.jpg,-0.5
109,109.15.jpg,-0.37
110,110.00.jpg,-0.35
110,110.01.jpg,0.1
110,110.02.jpg,0.08
110,110.03.jpg,0.1
110,110.04.jpg,-0.06
110,110.05.jpg,0.59
110,110.06.jpg,0.36
110,110.07.jpg,0.82
110,110.08.jpg,0.37
110,110.09.jpg,0.14
110,110.10.jpg,-0.03
110,110.11.jpg,-0.31
110,110.12.jpg,-0.31
110,110.13.jpg,0.39
110,110.14.jpg,0.27
110,110.15.jpg,-0.05
110,110.16.jpg,0.42
110,110.17.jpg,-0.67
110,110.18.jpg,-1.02
110,110.19.jpg,-0.52
110,110.20.jpg,0.24
110,110.21.jpg,-0.25
110,110.22.jpg,0.17
110,110.23.jpg,0.09
110,110.24.jpg,0.33
110,110.25.jpg,0.48
110,110.26.jpg,0.3
110,110.27.jpg,0.15
110,110.28.jpg,0.06
110,110.29.jpg,-0.09
111,111.00.jpg,0.35
111,111.01.jpg,0.35
111,111.02.jpg,-0.14
111,111.03.jpg,-0.38
111,111.04.jpg,0.13
111,111.05.jpg,0.33
112,112.00.jpg,-0.91
112,112.01.jpg,-0.79
112,112.02.jpg,-0.26
112,112.03.jpg,-0.99
112,112.04.jpg,0.08
112,112.05.jpg,-0.26
113,113.00.jpg,0.73
113,113.01.jpg,0.39
113,113.02.jpg,0.01
113,113.03.jpg,0.23
113,113.04.jpg,0.12
113,113.05.jpg,0.95
114,114.00.jpg,-0.13
114,114.01.jpg,-0.34
114,114.02.jpg,0.02
114,114.03.jpg,0.25
114,114.04.jpg,0.35
114,114.05.jpg,-0.45
115,115.00.jpg,-0.65
115,115.01.jpg,-1.13
115,115.02.jpg,-0.55
115,115.03.jpg,-0.81
115,115.04.jpg,-0.59
115,115.05.jpg,-0.31
116,116.00.jpg,-0.04
116,116.01.jpg,0.2
116,116.02.jpg,-0.02
116,116.03.jpg,0.13
116,116.04.jpg,-0.2
116,116.05.jpg,-0.21
117,117.00.jpg,-0.27
117,117.01.jpg,-0.52
117,117.02.jpg,-0.17
117,117.03.jpg,-0.08
117,117.04.jpg,-0.78
117,117.05.jpg,-0.42
118,118.00.jpg,-0.51
118,118.01.jpg,-0.23
118,118.02.jpg,0.1
118,118.03.jpg,0.13
118,118.04.jpg,0.17
118,118.05.jpg,0.22
119,119.00.jpg,-0.04
119,119.01.jpg,0.04
119,119.02.jpg,0.01
119,119.03.jpg,-0.05
119,119.04.jpg,-0.1
119,119.05.jpg,-0.14
120,120.00.jpg,0.79
120,120.01.jpg,1
120,120.02.jpg,0.79
120,120.03.jpg,0.5
120,120.04.jpg,1.21
120,120.05.jpg,0.54
121,121.00.jpg,0.24
121,121.01.jpg,-0.02
121,121.02.jpg,0.13
121,121.03.jpg,0.51
121,121.04.jpg,0.66
121,121.05.jpg,0.59
122,122.00.jpg,-0.19
122,122.01.jpg,-0.33
122,122.02.jpg,0.05
122,122.03.jpg,0.28
122,122.04.jpg,-0.09
122,122.05.jpg,0.26
123,123.00.jpg,0.82
123,123.01.jpg,0.61
123,123.02.jpg,0.68
123,123.03.jpg,0.84
123,123.04.jpg,0.62
123,123.05.jpg,1
124,124.00.jpg,-0.17
124,124.01.jpg,0.64
124,124.02.jpg,0.56
124,124.03.jpg,-0.41
124,124.04.jpg,0.03
124,124.05.jpg,0.49
125,125.00.jpg,-0.29
125,125.01.jpg,-0.44
125,125.02.jpg,-0.04
125,125.03.jpg,-0.43
125,125.04.jpg,-0.05
125,125.05.jpg,0.01
126,126.00.jpg,0.18
126,126.01.jpg,-0.23
126,126.02.jpg,-0.31
126,126.03.jpg,0.41
126,126.04.jpg,-0.63
126,126.05.jpg,0.02
127,127.00.jpg,0.23
127,127.01.jpg,0.32
127,127.02.jpg,-0.27
127,127.03.jpg,-0.32
127,127.04.jpg,-0.02
127,127.05.jpg,0.02
128,128.00.jpg,-0.42
128,128.01.jpg,0.02
128,128.02.jpg,-0.35
128,128.03.jpg,-0.64
128,128.04.jpg,0.08
128,128.05.jpg,0.49
129,129.00.jpg,-0.56
129,129.01.jpg,0.87
129,129.02.jpg,0.17
129,129.03.jpg,-0.16
129,129.04.jpg,0.29
129,129.05.jpg,0.67
130,130.00.jpg,0.21
130,130.01.jpg,1.05
130,130.02.jpg,0.69
130,130.03.jpg,0.68
130,130.04.jpg,0.12
130,130.05.jpg,-0.04
131,131.00.jpg,0.21
131,131.01.jpg,0.24
131,131.02.jpg,0.27
131,131.03.jpg,0.07
131,131.04.jpg,0.12
131,131.05.jpg,0.2
132,132.00.jpg,-0.04
132,132.01.jpg,-0.66
132,132.02.jpg,0.62
132,132.03.jpg,-0.41
132,132.04.jpg,-0.03
132,132.05.jpg,-0.01
133,133.00.jpg,-0.25
133,133.01.jpg,-0.45
133,133.02.jpg,-0.31
133,133.03.jpg,0.13
133,133.04.jpg,0.42
133,133.05.jpg,-0.78
134,134.00.jpg,0.45
134,134.01.jpg,-0.92
134,134.02.jpg,0.17
134,134.03.jpg,0.6
134,134.04.jpg,0.22
134,134.05.jpg,0.4
135,135.00.jpg,-0.03
135,135.01.jpg,-0.21
135,135.02.jpg,-0.07
135,135.03.jpg,0.13
135,135.04.jpg,-0.05
135,135.05.jpg,-0.26
136,136.00.jpg,0.23
136,136.01.jpg,0.12
136,136.02.jpg,0.35
136,136.03.jpg,0.53
136,136.04.jpg,0.45
137,137.00.jpg,0.54
137,137.01.jpg,0.82
137,137.02.jpg,0.4
137,137.03.jpg,0.39
138,138.00.jpg,0.28
138,138.01.jpg,0.44
138,138.02.jpg,0.11
138,138.03.jpg,-0.01
138,138.04.jpg,0.63
139,139.00.jpg,0.34
139,139.01.jpg,-0.32
139,139.02.jpg,-0.04
139,139.03.jpg,-0.06
139,139.04.jpg,0.48
140,140.00.jpg,0.71
140,140.01.jpg,0.26
140,140.02.jpg,0.28
140,140.03.jpg,0.32
140,140.04.jpg,0.13
141,141.00.jpg,-0.98
141,141.01.jpg,-0.07
141,141.02.jpg,0.22
141,141.03.jpg,0.54
141,141.04.jpg,0.03
142,142.00.jpg,-0.05
142,142.01.jpg,-0.28
142,142.02.jpg,0.25
142,142.03.jpg,0.08
142,142.04.jpg,-0.51
143,143.00.jpg,-0.02
143,143.01.jpg,0.06
143,143.02.jpg,-0.11
143,143.03.jpg,-0.45
143,143.04.jpg,0.14
144,144.00.jpg,0.3
144,144.01.jpg,0.44
144,144.02.jpg,0.77
144,144.03.jpg,0.43
145,145.00.jpg,0.37
145,145.01.jpg,0.13
145,145.02.jpg,0.06
145,145.03.jpg,0.13
145,145.04.jpg,0.35
146,146.00.jpg,0
146,146.01.jpg,0.15
146,146.02.jpg,-0.19
146,146.03.jpg,-0.27
146,146.04.jpg,0.14
146,146.05.jpg,-0.06
146,146.06.jpg,-0.14
146,146.07.jpg,-0.38
146,146.08.jpg,0.1
146,146.09.jpg,0.06
146,146.10.jpg,0.72
146,146.11.jpg,0.93
146,146.12.jpg,-0.64
147,147.00.jpg,0.72
147,147.01.jpg,0.47
147,147.02.jpg,0.63
147,147.03.jpg,0.76
148,148.00.jpg,0.86
148,148.01.jpg,0.43
148,148.02.jpg,1.04
148,148.03.jpg,0.85
148,148.04.jpg,0.97
148,148.05.jpg,0.86
148,148.06.jpg,0.31
148,148.07.jpg,-0.03
148,148.08.jpg,0.24
148,148.09.jpg,-0.1
148,148.10.jpg,-0.07
148,148.11.jpg,-0.19
148,148.12.jpg,0.21
148,148.13.jpg,0.92
148,148.14.jpg,0.48
148,148.15.jpg,0.81
148,148.16.jpg,0.45
148,148.17.jpg,0.1
148,148.18.jpg,0.18
148,148.19.jpg,0.05
148,148.20.jpg,0.35
148,148.21.jpg,0.46
148,148.22.jpg,0.61
148,148.23.jpg,-0.3
148,148.24.jpg,0.39
148,148.25.jpg,0.82
148,148.26.jpg,-0.17
148,148.27.jpg,0.33
148,148.28.jpg,0.35
148,148.29.jpg,-0.36
148,148.30.jpg,0.38
148,148.31.jpg,0.63
148,148.32.jpg,-0.28
148,148.33.jpg,-0.2
148,148.34.jpg,0.38
148,148.35.jpg,-0.21
148,148.36.jpg,0.07
148,148.37.jpg,-0.19
148,148.38.jpg,0.11
148,148.39.jpg,0.12
148,148.40.jpg,-0.2
148,148.41.jpg,0.11
148,148.42.jpg,0.16
148,148.43.jpg,0.02
148,148.44.jpg,0.75
148,148.45.jpg,0.52
148,148.46.jpg,0.21
148,148.47.jpg,0.42
148,148.48.jpg,-0.45
148,148.49.jpg,0.28
148,148.50.jpg,0.65
149,149.00.jpg,0.3
149,149.01.jpg,0.05
149,149.02.jpg,0.18
149,149.03.jpg,0.3
149,149.04.jpg,0.75
149,149.05.jpg,0.48
149,149.06.jpg,0.25
149,149.07.jpg,0.4
149,149.08.jpg,0.28
149,149.09.jpg,0.04
149,149.10.jpg,0.46
149,149.11.jpg,0.28
149,149.12.jpg,0.2
149,149.13.jpg,-0.01
149,149.14.jpg,0.12
149,149.15.jpg,0.25
149,149.16.jpg,0.17
149,149.17.jpg,-0.04
150,150.00.jpg,0.4
150,150.01.jpg,0.45
150,150.02.jpg,0.2
150,150.03.jpg,0.37
150,150.04.jpg,0.3
150,150.05.jpg,0.18
150,150.06.jpg,0.36
150,150.07.jpg,0.23
150,150.08.jpg,0.27
150,150.09.jpg,0.27
150,150.10.jpg,0.37
150,150.11.jpg,0.52
150,150.12.jpg,0.13
150,150.13.jpg,0.55
150,150.14.jpg,0.21
151,151.00.jpg,0.35
151,151.01.jpg,0.53
151,151.02.jpg,0.38
151,151.03.jpg,0.39
151,151.04.jpg,-0.14
151,151.05.jpg,0.57
151,151.06.jpg,0.98
151,151.07.jpg,0.34
151,151.08.jpg,0.22
151,151.09.jpg,-0.09
151,151.10.jpg,0.39
151,151.11.jpg,0.17
151,151.12.jpg,0.14
151,151.13.jpg,0.39
151,151.14.jpg,-0.64
151,151.15.jpg,0.17
151,151.16.jpg,0.59
151,151.17.jpg,0.11
151,151.18.jpg,0.11
152,152.00.jpg,0.35
152,152.01.jpg,0.38
152,152.02.jpg,0.7
152,152.03.jpg,-0.42
152,152.04.jpg,0.82
152,152.05.jpg,0.22
152,152.06.jpg,0.39
152,152.07.jpg,0.78
152,152.08.jpg,0.56
152,152.09.jpg,0.32
152,152.10.jpg,0.61
152,152.11.jpg,0.11
152,152.12.jpg,0.77
152,152.13.jpg,0.09
152,152.14.jpg,0.42
152,152.15.jpg,0.6
152,152.16.jpg,0.2
153,153.00.jpg,0.91
153,153.01.jpg,1.09
153,153.02.jpg,1.06
153,153.03.jpg,0.07
153,153.04.jpg,0.82
153,153.05.jpg,0.67
153,153.06.jpg,0.69
153,153.07.jpg,0.7
153,153.08.jpg,0.54
153,153.09.jpg,0.77
153,153.10.jpg,0.26
153,153.11.jpg,0.85
153,153.12.jpg,0.76
154,154.00.jpg,0.16
154,154.01.jpg,0.51
154,154.02.jpg,0.34
154,154.03.jpg,0.22
154,154.04.jpg,0.36
154,154.05.jpg,0.3
154,154.06.jpg,0.53
154,154.07.jpg,0.21
154,154.08.jpg,0.32
154,154.09.jpg,0.37
154,154.10.jpg,0.55
154,154.11.jpg,0.62
154,154.12.jpg,-0.02
154,154.13.jpg,0.15
154,154.14.jpg,1.24
154,154.15.jpg,0.54
154,154.16.jpg,0.63
154,154.17.jpg,0.58
155,155.00.jpg,0.27
155,155.01.jpg,0.15
155,155.02.jpg,0.18
155,155.03.jpg,0.14
155,155.04.jpg,0.34
155,155.05.jpg,0.7
155,155.06.jpg,0.6
155,155.07.jpg,0.52
155,155.08.jpg,0.58
155,155.09.jpg,0.29
155,155.10.jpg,0.37
155,155.11.jpg,0.11
155,155.12.jpg,0.12
155,155.13.jpg,0.39
155,155.14.jpg,0.84
155,155.15.jpg,0.45
155,155.16.jpg,0.74
155,155.17.jpg,0.9
155,155.18.jpg,0.66
155,155.19.jpg,0.5
155,155.20.jpg,0.44
155,155.21.jpg,0.04
155,155.22.jpg,0.49
155,155.23.jpg,0.12
155,155.24.jpg,0.84
155,155.25.jpg,0.4
155,155.26.jpg,0.84
155,155.27.jpg,0.44
155,155.28.jpg,0.87
155,155.29.jpg,0.19
155,155.30.jpg,0.24
155,155.31.jpg,-0.05
155,155.32.jpg,0.21
155,155.33.jpg,0.41
155,155.34.jpg,0.4
155,155.35.jpg,0.43
155,155.36.jpg,0.3
155,155.37.jpg,0.26
155,155.38.jpg,0.35
155,155.39.jpg,0.26
155,155.40.jpg,-0.07
155,155.41.jpg,0.43
155,155.42.jpg,0.46
155,155.43.jpg,0.02
155,155.44.jpg,0.88
155,155.45.jpg,-0.06
155,155.46.jpg,0.29
155,155.47.jpg,0.33
155,155.48.jpg,0.11
155,155.49.jpg,0.42
155,155.50.jpg,0.35
155,155.51.jpg,-0.04
155,155.52.jpg,-0.05
155,155.53.jpg,0.11
156,156.00.jpg,0.13
156,156.01.jpg,0.69
156,156.02.jpg,-0.2
156,156.03.jpg,-0.29
156,156.04.jpg,-0.29
156,156.05.jpg,0.09
156,156.06.jpg,0.31
156,156.07.jpg,-0.37
156,156.08.jpg,-0.52
156,156.09.jpg,-0.34
156,156.10.jpg,-0.18
156,156.11.jpg,-0.37
156,156.12.jpg,-0.52
156,156.13.jpg,-0.38
156,156.14.jpg,-0.3
156,156.15.jpg,0.61
156,156.16.jpg,0.29
156,156.17.jpg,-0.33
156,156.18.jpg,-0.01
156,156.19.jpg,-0.33
156,156.20.jpg,0.34
156,156.21.jpg,-0.27
156,156.22.jpg,-0.77
156,156.23.jpg,-0.07
156,156.24.jpg,-0.05
156,156.25.jpg,0.17
156,156.26.jpg,0.1
156,156.27.jpg,-0.46
156,156.28.jpg,-0.21
156,156.29.jpg,-0.44
156,156.30.jpg,-0.17
156,156.31.jpg,-0.11
156,156.32.jpg,-0.49
156,156.33.jpg,-0.39
156,156.34.jpg,0.11
156,156.35.jpg,-0.15
156,156.36.jpg,0.39
156,156.37.jpg,-0.08
156,156.38.jpg,-0.17
156,156.39.jpg,0.12
156,156.40.jpg,0.39
156,156.41.jpg,-0.12
156,156.42.jpg,-0.02
156,156.43.jpg,0.28
156,156.44.jpg,0.4
156,156.45.jpg,0.01
156,156.46.jpg,0.1
156,156.47.jpg,-0.77
156,156.48.jpg,-0.03
156,156.49.jpg,0.38
156,156.50.jpg,0.16
156,156.51.jpg,0.2
156,156.52.jpg,-0.73
156,156.53.jpg,0.11
156,156.54.jpg,0.13
156,156.55.jpg,-0.4
156,156.56.jpg,-0.36
156,156.57.jpg,0.12
156,156.58.jpg,0.37
156,156.59.jpg,0.2
156,156.60.jpg,-0.69
156,156.61.jpg,0.21
156,156.62.jpg,-0.27
156,156.63.jpg,-0.04
156,156.64.jpg,-0.22
156,156.65.jpg,-0.46
156,156.66.jpg,0.07
156,156.67.jpg,0.14
156,156.68.jpg,0.28
156,156.69.jpg,-0.21
156,156.70.jpg,-0.33
157,157.00.jpg,0.81
157,157.01.jpg,1.16
157,157.02.jpg,1.13
157,157.03.jpg,0.68
157,157.04.jpg,0.77
157,157.05.jpg,0.64
157,157.06.jpg,0.89
157,157.07.jpg,0.45
157,157.08.jpg,0.46
157,157.09.jpg,0.31
157,157.10.jpg,0.49
157,157.11.jpg,0.53
157,157.12.jpg,0.78
157,157.13.jpg,0.46
157,157.14.jpg,0.09
157,157.15.jpg,0.9
157,157.16.jpg,0.35
157,157.17.jpg,0.71
157,157.18.jpg,0.46
157,157.19.jpg,0.51
158,158.00.jpg,0.53
158,158.01.jpg,0.41
158,158.02.jpg,0.67
158,158.03.jpg,0.05
158,158.04.jpg,0.35
158,158.05.jpg,0.53
158,158.06.jpg,0.66
158,158.07.jpg,-0.33
158,158.08.jpg,0.24
158,158.09.jpg,0.28
158,158.10.jpg,0.48
158,158.11.jpg,0.61
158,158.12.jpg,0.58
158,158.13.jpg,0.88
158,158.14.jpg,-0.15
158,158.15.jpg,0.43
158,158.16.jpg,-0.15
158,158.17.jpg,0.4
158,158.18.jpg,0.83
158,158.19.jpg,0.02
158,158.20.jpg,0.47
158,158.21.jpg,0.63
158,158.22.jpg,0.28
158,158.23.jpg,-0.04
158,158.24.jpg,0.21
159,159.00.jpg,0.31
159,159.01.jpg,0.44
159,159.02.jpg,0.83
159,159.03.jpg,0.63
159,159.04.jpg,0.04
159,159.05.jpg,0.9
159,159.06.jpg,0.79
159,159.07.jpg,0.1
159,159.08.jpg,0.8
159,159.09.jpg,0.61
160,160.00.jpg,0.21
160,160.01.jpg,0.34
160,160.02.jpg,0.75
160,160.03.jpg,0.71
160,160.04.jpg,0.66
160,160.05.jpg,-0.27
160,160.06.jpg,0.58
160,160.07.jpg,0.34
160,160.08.jpg,0.35
160,160.09.jpg,0.84
160,160.10.jpg,1.14
160,160.11.jpg,0.21
160,160.12.jpg,0.37
161,161.00.jpg,1.24
161,161.01.jpg,0.94
161,161.02.jpg,0.66
161,161.03.jpg,0.96
161,161.04.jpg,0.88
161,161.05.jpg,0.32
161,161.06.jpg,0.79
161,161.07.jpg,0.86
161,161.08.jpg,0.46
161,161.09.jpg,0.6
162,162.00.jpg,0.37
162,162.01.jpg,0.05
162,162.02.jpg,0.25
162,162.03.jpg,-0.31
162,162.04.jpg,-0.64
162,162.05.jpg,0.16
162,162.06.jpg,0.05
162,162.07.jpg,-0.89
162,162.08.jpg,-0.46
162,162.09.jpg,0.25
162,162.10.jpg,0.64
162,162.11.jpg,0.54
162,162.12.jpg,0.16
163,163.00.jpg,0.54
163,163.01.jpg,0.68
163,163.02.jpg,0.06
163,163.03.jpg,0.68
163,163.04.jpg,0.31
164,164.00.jpg,0.94
164,164.01.jpg,0.89
164,164.02.jpg,0.62
164,164.03.jpg,0.64
164,164.04.jpg,0.61